{
  "MAE": 0.7174995145168699,
  "RMSE": 1.8606848480835578,
  "MedAE": 0.0017581526190042496,
  "ME": -0.2706023692326631,
  "ZeroAcc": 0.8705357142857143,
  "n": 3360,
  "MASE_mean": 2.0659977225616744,
  "MASE_median": 1.915598478845705,
  "RMSSE_mean": 1.467343338290555
}