{
  "MAE": 1.0735119047619048,
  "RMSE": 2.5664386107711876,
  "MedAE": 0.0,
  "ME": 0.028273809523809524,
  "ZeroAcc": 0.787797619047619,
  "n": 3360,
  "MASE_mean": 3.441959891255055,
  "MASE_median": 3.158023215848019,
  "RMSSE_mean": 2.0204452170618907
}