{
  "MAE": 0.8892857142857142,
  "RMSE": 2.1898032092491997,
  "MedAE": 0.0,
  "ME": -0.02738095238095238,
  "ZeroAcc": 0.8229166666666666,
  "n": 3360,
  "MASE_mean": 3.1283249150918886,
  "MASE_median": 2.2956858524659864,
  "RMSSE_mean": 1.9053951585429487
}