{
  "MAE": 0.7101666833013518,
  "RMSE": 1.84955530012639,
  "MedAE": 0.0007465318776667118,
  "ME": -0.18416052939553212,
  "ZeroAcc": 0.8755952380952381,
  "n": 3360,
  "MASE_mean": 2.058943090220868,
  "MASE_median": 1.8694812609186995,
  "RMSSE_mean": 1.4555702775746728
}