Feature,h1_gain,h2_gain,h3_gain,h4_gain,h5_gain,h6_gain,h7_gain,h1_perm,h2_perm,h3_perm,h4_perm,h5_perm,h6_perm,h7_perm,agg_gain,agg_perm
env_weather_wind_direction_10m_dominant_futcov_lag3,0.37560114363285957,0.17286975078655856,0.30972953871141895,0.3353024973710572,1.4327942885826395,0.5853300629566573,0.6988548714124945,0.008653195039267137,0.006785481305487573,0.007895498104515796,0.004733733231947812,0.12371152842057018,0.013958030990031988,0.006006321208811283,0.5586403076362408,0.02453482690009025
env_weather_wind_direction_10m_dominant_futcov_lag-1,1.3979806153972465,0.3274554398953727,1.1067226103419021,0.21508544975707614,1.0093548939572794,0.5958454209902718,0.1830362771650473,0.127110498685511,0.008624172539507313,0.007804173730557929,0.001697641670524841,0.011281558269374981,0.010735849611904236,0.00441391213739768,0.6907829582148851,0.024523972377825422
env_weather_wind_direction_10m_dominant_futcov_lag5,0.2824946652479538,0.35316176448578745,0.11667459666667122,0.3284403970281151,0.2631544101118552,0.2897258376361163,1.6078976482441651,0.002276413680002154,0.0025446701719508804,0.002137943820248833,0.020350776826629113,0.010515938599568297,0.00492044354048673,0.12862093500428956,0.463078474202952,0.02448101737759651
env_weather_wind_direction_10m_dominant_futcov_lag4,0.5564247864303568,0.16003546519093415,0.3431773729681892,0.12003708876611327,0.08031383839395162,1.3179172683978295,0.4298456486496018,0.007872332474000187,0.0061151879732648014,0.011766590383859809,0.00517816967158462,0.0029641591477684638,0.12211168858695505,0.013821153616141491,0.4296787812567109,0.024261325979082062
env_weather_wind_direction_10m_dominant_futcov_lag0,0.2841624027445706,1.1493409502906289,0.5310373083925722,0.6206747274592068,0.10575909221431917,1.272261208149093,0.9346301736243067,0.00916107047145811,0.12043135126552992,0.006436576485196488,0.003280956153662129,0.0016341198028402503,0.01148128620328408,0.01686367320852953,0.6996951232678139,0.024184147655785793
env_weather_wind_direction_10m_dominant_futcov_lag2,0.1498568072619141,0.15926897440952248,0.22202208622103442,1.331036968888459,0.3285444644758968,0.7065715357326164,0.16317423053440086,0.004010878904089932,0.010586673935137392,0.005757835853849013,0.12325844341881513,0.00810275997278156,0.007262104423230764,0.0015545248714524007,0.43721072393197774,0.02293331733990803
env_weather_wind_direction_10m_dominant_futcov_lag1,0.2875848060196633,0.07250552606578577,1.2423125544140687,0.6556726208860161,0.5796973562578219,0.1836435857454026,1.0270801931756774,0.013464461346390899,0.0046028264500532325,0.11707660319148991,0.009389023132337937,0.004432211286236965,0.00046774166391785334,0.009663151129534753,0.5783566632234908,0.022728002599994506
rolling_rmean28_28_act_total_daily_strike_events_pastcov_lag-7,1.4382148454170367,0.9835383347784045,0.8578536760120852,1.734194038450752,1.3724335150787441,1.4311076293202867,1.1135888857884062,0.018537556089269925,0.010471199679607168,0.014928498605849017,0.06923497477336357,0.017121449302756053,0.011791159605871626,0.016423432315551767,1.2758472749779592,0.022644038624609873
rolling_rsum7_7_act_total_daily_strike_events_pastcov_lag-7,1.4894490238188054,0.6037651784990823,1.4133320448067956,1.337862584782623,0.26000051031736787,0.6502946349026286,0.5498054798177255,0.021473616971891252,0.009222883038236129,0.009755525742482219,0.005194819600369893,0.061854243463218016,0.016514598037793628,0.0032763582239332843,0.900644208135004,0.01818457786827492
ewm_ewma14_acled_other_rus_armed_clash_pastcov_lag-14,0.3096470953710214,0.24055809586362759,0.10545198994813494,0.19202061769014162,0.4666331043476154,0.40021505207297736,0.37516714949264585,0.012181036607771123,0.009599156796172136,0.009310739926079004,0.017524545113333345,0.025613066254696372,0.030391234106533126,0.016298446372416796,0.29852758639802346,0.01727403216814313
ewm_ewma14_acled_other_rus_armed_clash_pastcov_lag-1,0.2034530033301513,0.33132752618482886,0.44641758691466965,0.2359753388017372,0.09865377501533441,0.06722625623452143,0.21735898229093803,0.013249358296994385,0.018741104078491146,0.051190384382779563,0.019975693447240483,0.005750981500532016,0.005669969191507462,0.0046889661485807425,0.22863035268174012,0.017038065292303686
act_drone_strike_on_ua_target_lag-7,0.045145579059612424,0.03807378994624179,0.010885599630348363,0.8744673573380386,0.10220034788043539,0.1063614325449119,0.864726937619872,0.002626894521305112,0.00025015108986801147,1.5184151621516761e-05,0.020348783585687834,0.0002284787060994109,0.0032557236216403497,0.08739719649553332,0.2916944348599229,0.016303201738822222
rolling_rmean28_28_act_total_daily_strike_events_pastcov_lag-14,0.7442788445643064,0.9378468035016284,1.40921488390021,1.4309970834719365,1.0723568836355912,1.2502279598340587,1.4576705606420037,0.009064566713178878,0.011944867183158615,0.02045571156569572,0.014908783652340763,0.015986625229129192,0.01276114232481158,0.010995161258100294,1.1860847170785338,0.013730979703773577
ewm_expdecay7_act_total_damage_events_pastcov_lag-14,1.0371890164927349,1.2332677756136956,2.4251673698531078,0.589351730560208,0.3044702925652419,0.3270358535973388,0.04436910852633555,0.004876783933714668,0.007531502462737971,0.015008025238546807,0.06225115537372457,0.0020374628721974374,0.0025137822154304157,3.934808475618557e-05,0.8515501638869516,0.013465437168729723
rolling_rsum14_14_act_total_daily_strike_events_pastcov_lag-1,1.5025979382932542,1.1944422579366156,1.129844958000827,0.935623169049719,1.0312988315430642,0.7387543557489045,0.7852937129410547,0.012246064261166211,0.006724827876390571,0.013907760694339766,0.010333380457631191,0.023255040164473016,0.012274896704260008,0.009800842686599665,1.0454078890733485,0.01264897326355149
rolling_rsum7_7_act_total_daily_strike_events_pastcov_lag-14,1.1504730638215748,0.8275347724986362,0.7011999005175871,0.8970099939413977,1.6546082173825725,1.0576090906762246,1.2087215351067255,0.012640120672664446,0.010347111023986555,0.00888557796192586,0.008476859715500606,0.015173541084310727,0.01515589971655491,0.015090786226482033,1.0710223677063884,0.012252842343060734
ewm_ewma14_act_drone_infra_ua_health_intent_pastcov_lag-14,0.12799859236223943,0.22370516098304563,0.1498335863428802,0.1700337527280697,0.14230514398283856,0.30438645012341714,0.2820995073336631,0.009803002299599317,0.014428434904492526,0.009423106121314539,0.011778653449981058,0.008959895730217738,0.01770871275225283,0.012742400206803773,0.20005174197945055,0.012120600780665968
rolling_rsum7_7_act_total_daily_strike_events_pastcov_lag-1,0.7838248943961428,0.9393131489782146,0.9557230209670718,0.8950565994985195,0.7297942665505103,1.26674833029829,1.094860402478879,0.010950650945048634,0.011231401557304666,0.008533063190100342,0.010891894701737969,0.016261365431933593,0.012361842072837437,0.011530662034012651,0.9521886661668041,0.011680125704710756
rolling_rsum14_14_act_total_daily_strike_events_pastcov_lag-14,1.2183579540799145,0.4717922949673176,1.6244713107269204,1.2879724962961956,1.9245006846242159,0.7427777689366822,1.0201417294670194,0.010675358893599718,0.008741838228836785,0.019005392962414613,0.008911435709917348,0.015006032621840571,0.008861760844554279,0.00953217929420067,1.1842877484426093,0.011533428365051999
ewm_ewma14_act_total_daily_strike_events_pastcov_lag-14,0.5137394136695623,0.7739820134077343,0.5514177456683999,0.7803181573676702,1.2915175844035138,1.3828850312757002,0.9092192144361638,0.005987320611507396,0.010720189608217124,0.021100221573662047,0.0046096096091252205,0.009437887701370995,0.010576186563583922,0.007933843681952024,0.8861541657469635,0.01005217990705982
ewm_ewma14_act_drone_infra_ua_health_intent_pastcov_lag-1,0.18340215260436107,0.0947509331620285,0.072175921003146,0.13661410387227083,0.14551622343168633,0.23849776882836038,0.19753980698632906,0.014453542212427384,0.004771282267720123,0.005739718788250659,0.012856437739588288,0.010475649075288617,0.011340372474465088,0.01029863965198754,0.15264241569831175,0.0099908060299611
ewm_ewma14_acled_other_rus_disrupted_weapons_use_pastcov_lag-14,0.18381774691268152,0.23692201596018717,0.6166986654611377,0.1351906673487971,0.1292933276359602,0.1855098258880172,0.1944523308046988,0.008272847701309293,0.010837779151252568,0.036999291516629285,0.005238128984178458,0.0028127146748369693,0.003332461116552654,0.0023223802391975747,0.24026922571592566,0.009973657626279542
ewm_ewma14_acled_other_rus_armed_clash_pastcov_lag-7,0.24226155339767735,0.19690082082274485,0.18128794180916027,0.2706104636279532,0.2986301294693127,0.127033098687135,0.2949075616543396,0.010927895410554523,0.005716150499310091,0.00533577023274785,0.01202949334660457,0.018080346338135645,0.006878468037209507,0.009640246085181391,0.2302330813526176,0.009801195707106223
rolling_rmean28_28_fin_usd_rub_rate_pastcov_lag-14,1.4340088542532554,1.6544445032542257,2.332373405335034,2.6441175917036133,2.1086031971213863,2.200039281392625,2.2774858161352443,0.010454042777819583,0.0075915589996366165,0.012746964884925927,0.007465405411114156,0.008596097707191764,0.011452797504624069,0.008939754015799805,2.0930103784564835,0.009606660185873129
ewm_ewma14_act_total_daily_strike_events_pastcov_lag-7,1.282191337408263,1.540858961880756,1.2632858620182186,1.0476507917075841,1.4906396824459072,1.28039086816704,0.6893346326232507,0.016558851956218645,0.010985263219166087,0.010695734615394548,0.006291523680022592,0.006816807661586788,0.009203133399630813,0.00600520755941143,1.2277645908930028,0.00950807458449013
rolling_rmean28_28_fin_usd_rub_rate_pastcov_lag-1,0.9868951631327526,1.4299048707192274,1.7047100706730096,1.6885281815675626,1.5723415168811494,1.0401416494381066,1.2717931384666368,0.006395802450949395,0.011430337010186541,0.013186792170174,0.010081351432385578,0.009675454958417906,0.006886357267956278,0.008185868272206154,1.3849020844112065,0.009405994794610836
rolling_rmean28_28_act_total_daily_strike_events_pastcov_lag-1,0.7730098994670608,0.7969005789685559,1.2671811807209048,1.0385287745852863,0.8087532680260248,0.8338213042556002,0.8440363270863123,0.008994024478410401,0.008822014331288241,0.008331973360284106,0.014411019914587686,0.005269756798811387,0.008307849394778822,0.011024591511817162,0.9088901904442493,0.009308747112853972
ewm_ewma14_acled_other_rus_disrupted_weapons_use_pastcov_lag-7,0.05144400287218603,0.2033305427286678,0.03931643294984283,0.15945292503954347,0.34135714636515413,0.3084640841700667,0.09160493993108763,0.00177417916467566,0.0029014179720999065,0.001354945697340737,0.0027394700361919266,0.0305417328592253,0.02112899804291766,0.004368030172418891,0.17071001057950694,0.009258396277838584
ewm_expdecay7_act_total_daily_strike_events_pastcov_lag-7,0.49360972068766423,0.5397196276589171,1.0463092532466651,1.2486125625332232,4.006220637950743,3.3511084528948234,1.306070988687182,0.005667635347693034,0.0022659131589934044,0.00401523534674666,0.020029178008173366,0.008803848018342974,0.013923815647117532,0.008699461286047861,1.7130930348084596,0.00905786954473069
ewm_ewma14_acled_other_ua_disrupted_weapons_use_pastcov_lag-7,0.5009969421528279,0.3318919354267891,0.4833095809646788,0.689421310035202,0.3070965012576585,0.7629910063558966,0.4793277063748876,0.0013460066470246223,0.004097037359565081,0.003818257841370243,0.010216453966261075,0.005616993069591336,0.01867108240418951,0.019407644135205702,0.5078621403668487,0.009024782203315368
rolling_rsum14_14_act_total_daily_strike_events_pastcov_lag-7,0.3200161854471396,0.45509513482315567,0.744528035468838,0.8711471471665111,0.7567781363994033,0.8661526268092511,1.128005795961035,0.009386764257495983,0.005915555126683891,0.012782841855277383,0.00816145487780453,0.011637822297983113,0.007251794806506151,0.007455777112564665,0.734531866010762,0.008941715762045102
ewm_ewma14_act_drone_infra_ua_energy_intent_pastcov_lag-14,1.031850022298528,0.7806747588089759,0.67082562495539,1.277075391402756,1.025133278507472,1.1225225614136292,0.9525954853362026,0.008363589358083434,0.006952907206748527,0.008426701558004934,0.00827068647245679,0.010035150075868082,0.009379127164422662,0.00987241593653676,0.980096731817565,0.008757225396017313
ewm_expdecay7_fin_usd_rub_rate_pastcov_lag-1,0.21953766658103646,0.1417218432662256,0.5443384631376207,0.5464868550452511,0.801724081971108,0.2994355739240106,0.5957829515198635,0.0014755296048098777,0.007083309203604315,0.013792696496178869,0.018373359666380963,0.011707154408564579,0.0038139628494989752,0.0038846681460368735,0.4498610622064451,0.008590097196439207
ewm_ewma14_act_total_damage_events_pastcov_lag-1,1.1254138289149451,1.173791197955448,0.6776740192760197,1.4284855792526623,2.325771487750195,2.3563776246326698,1.8345781195495399,0.007762400424546479,0.006477207653374117,0.004910186193573795,0.004962576637337723,0.015610726736105307,0.012737084252690201,0.007383655043627613,1.5602988367616402,0.008549119563036462
ewm_expdecay7_act_total_damage_events_pastcov_lag-7,0.5332491219124851,1.6649700383665467,0.3358126554090747,0.30484611516066346,1.477628182416617,1.4743130851834256,2.630476873087259,0.005501401903406733,0.008625706757075214,0.003175159215883938,0.004651869641492179,0.00720372667269471,0.007638788677910169,0.02131194955411999,1.2030422959337244,0.008301228917511847
ewm_ewma14_act_total_damage_events_pastcov_lag-7,1.0118317829755172,0.8804039380472629,0.7171502156215259,1.1833352641144161,1.8449696513771527,1.3516753796669758,0.9269486884283182,0.011863926910283951,0.0032185342098133285,0.0039010765876169805,0.01639422554601091,0.008089017834863332,0.008504513630258836,0.005195296864828491,1.1309021314615957,0.00816665594052512
ewm_expdecay7_act_total_daily_strike_events_pastcov_lag-1,1.0598541063296012,0.9360643410399598,0.43074210792720896,2.7856823161747735,4.836714290797012,0.8364666384948071,0.7553530709119184,0.005982208242785325,0.010441213015092776,0.0047557759036264136,0.004070939533225815,0.011894604464371206,0.010364762414615415,0.009558719678957384,1.6629824102393258,0.008152603321810618
darts_enc_fc_cyc_day_cos_futcov_lag5,0.2706555021714059,0.09769225491128034,0.37356020171052584,0.43727705949122425,0.3326196294769119,0.27892317950727263,0.239174226285175,0.0036999533123970307,0.009466008640372258,0.016655523839260455,0.009526314915360646,0.00761880258128147,0.006143875607347882,0.0035589878638976114,0.2899860076505423,0.00809563810855962
ewm_ewma14_acled_other_ua_disrupted_weapons_use_pastcov_lag-1,1.9568756804723564,1.5493797645672542,0.8263141366567929,0.9498065798113808,0.6003601439252197,1.4672846828379758,0.4871170005184682,0.011461874332490529,0.007476070674490298,0.004486422391588185,0.010947914468418252,0.006715110297369309,0.012030711416703466,0.0017202369000473895,1.1195911412556354,0.007834048640158204
env_weather_pressure_msl_min_futcov_lag5,0.7066492993739407,3.238780729803291,0.2722642126936418,0.5820829443617398,1.088073440871829,0.34007434860719765,0.4121686862339945,0.007248046673381081,0.014494709661593141,0.002095339945142549,0.004587203155512909,0.018251703110268913,0.0011191913393475915,0.0058360495579782064,0.9485848088493762,0.007661749063317771
env_weather_pressure_msl_min_futcov_lag6,0.38515916894762736,0.2637337743285652,3.237064656569531,0.2797169040786914,0.4880794118509138,0.7342903097674763,0.5264246431802501,0.009033243848736338,0.0039395912422286235,0.016546004309918906,0.002721046186044718,0.004096182709385965,0.007807343651609133,0.007485591210454912,0.8449241241032937,0.007375571879768371
env_weather_wind_gusts_10m_max_futcov_lag-2,0.10861710866288377,0.35440362218073795,0.24177039323902855,0.24280915670832198,0.5097990540424884,0.20421054630167523,0.2162097916840837,0.0017562743744027332,0.03454440660262974,0.0014903198142809826,0.0014786598616067792,0.004669529921719162,0.003657473619508589,0.0017017900447091837,0.2682599532598885,0.007042636319836738
ewm_ewma14_acled_other_ua_armed_clash_pastcov_lag-14,0.15395989886218459,0.2516639185915503,0.20948789856991998,0.17925736973610748,0.13575974674996324,0.22342754202243678,0.2296674047555475,0.00386358277928871,0.004773793090489309,0.013976874373342652,0.014860408403995185,0.004610660938400501,0.0017327764791277068,0.0052926051449136095,0.19760339704110144,0.007015814458508239
act_drone_strike_on_ua_target_lag-1,1.0160502326159724,0.008432322373748368,0.03911407209682505,0.013765639700938265,0.1918243718115692,0.021927073542680385,0.02677144245620426,0.038095441151567086,8.465500023602247e-06,0.004258168683030505,5.7613902917963425e-05,0.0036538091724183765,0.001013833268659603,0.0016120038903726596,0.18826930779970538,0.006957047938427114
env_weather_wind_gusts_10m_max_futcov_lag3,0.22344129572353366,0.044766525161760294,0.33001826429177955,0.23777742758574255,0.4387872526840762,0.07953033866331727,0.4511299622770284,0.005777225657762841,0.001200461948730136,0.0015805231736151892,0.0024496137285656915,0.008052966799120797,0.0020332590287970077,0.027460337011775436,0.25792158091246253,0.006936341049766729
env_weather_wind_speed_10m_max_futcov_lag3,0.34967044631926925,0.1850268434059509,1.0947162855778911,1.0997664043418858,0.28331801219274316,0.15012874031087134,0.18126147699915268,0.005218013267046673,0.00319232286924116,0.006975798969966962,0.007797424443089329,0.009881263263397689,0.004486339570707032,0.010228572218287523,0.4776983155925378,0.006825676371676624
ewm_ewma14_act_total_damage_events_pastcov_lag-14,0.5265048373592899,0.46508899965963413,0.48702201669495365,0.5369474887867848,0.23873392218601638,0.503875898520841,0.35415642964410965,0.0055599832261787,0.007341559438570155,0.008604598999698499,0.017723579399167043,0.0032743629901618833,0.002654293538451613,0.0017302721115550535,0.4446185132645185,0.00669837852911185
ewm_ewma14_acled_other_ua_disrupted_weapons_use_pastcov_lag-14,0.19852662263768348,0.43013152330317245,0.25409706532238957,0.32583860971056033,0.13231622537855872,0.08073666591047529,0.1600669899645174,0.005444253587470671,0.012593058765984355,0.005562702863143532,0.00626207065824882,0.00630540220386191,0.005452700269215649,0.004891473716828898,0.2259591003181939,0.0066445231521076896
rolling_rsum7_7_com_diplo_bluesecondary_ua_pastcov_lag-7,0.2855094442303679,0.12625517134090122,0.39270889918852336,0.12127475867007494,0.2505719711309391,0.44517961874052425,0.30279437048708296,0.00470945878328759,0.002275283892362001,0.007499169551896401,0.0019697058803570533,0.008154425074189463,0.00997645868766841,0.010664235342586226,0.2748991762554877,0.006464105316049592
ewm_ewma14_dist_to_nearest_contested_km_pastcov_lag-14,0.20474595993361341,0.1379328624438104,0.21192422195641833,0.1451210525919127,0.28816154893700946,0.1408589464266871,0.3085750086454882,0.007946499152865227,0.0036763621840667283,0.0044889323583571,0.009236143057071234,0.009296372510608709,0.006583586597038971,0.0031268558030739914,0.20533137156213424,0.006336393094725994
ewm_expdecay7_acled_other_rus_shelling_artillery_missile_attack_pastcov_lag-1,0.8700129059963715,0.13703164765482842,0.11862181479842944,0.1391614043731947,0.06921901929670994,0.13669934073246817,0.03377769556223382,0.022062319439865453,0.0048956567182776075,0.0038097902266869487,0.0025345461418184944,0.002000441283900134,0.005267565214252356,0.0036790383991417873,0.21493197548774798,0.006321336774848967
env_weather_cloud_cover_mean_futcov_lag4,0.2196526151073768,0.2709910431819193,0.12369354855873213,0.267382895388303,0.355128227583204,0.26629022510947586,0.1625134913470437,0.003407914754463026,0.0023989198543113766,0.006087511145621893,0.01575602964523426,0.009200717102958023,0.004075343427024469,0.002683990879255238,0.23795029232515066,0.006230060972695468
ewm_expdecay7_act_total_damage_events_pastcov_lag-1,1.9319621182684346,3.918470924184632,1.688433602611959,0.7100033881850258,1.1661107550433434,0.907459371929608,0.8687453840271928,0.008577612351984709,0.009093540011062795,0.008762115000461913,0.0033332338499711288,0.0033433171948056284,0.005464054515344885,0.0050178771940245556,1.5987407920357424,0.006227392873950803
env_weather_wind_gusts_10m_max_futcov_lag-1,0.16058859901622,0.15612884334792465,0.27198371664453086,0.11897226596892806,0.24525864731857863,0.5237496558742841,0.15390653144223979,0.003461957141508365,0.0012537336277274047,0.023294765797789198,0.001414859609746677,0.002978084656601565,0.007100246625556128,0.003058226138504705,0.2329411799446723,0.006080267656776292
env_weather_wind_gusts_10m_max_futcov_lag2,0.0259628483499948,0.2995686490850185,0.7334707861754369,0.21717975978109624,0.162285361918887,0.45907779566786755,0.1893194203237336,0.0007552918700578948,0.001597376141596407,0.002134876700518107,0.0035653325843298723,0.002183039097770556,0.0292157631830664,0.002578183026743486,0.29812351732886216,0.006004266086297532
ewm_ewma14_act_total_daily_strike_events_pastcov_lag-1,1.0022153518969894,0.7593254818459316,0.6786680831570017,1.0509262511104926,1.7203597171927685,1.3346551788764747,0.8424840744218881,0.00501264975174911,0.008692289050017532,0.0028763014999016122,0.0013814372253291962,0.0063651222723216435,0.007344535113725614,0.009639359869442176,1.055519162643078,0.005901670683212412
env_weather_cloud_cover_mean_futcov_lag6,1.3952940245288181,0.5191664620187658,0.0506722366006222,0.04953703186036342,0.15477356685765153,0.12885589756153043,0.230382646206447,0.017243567370721746,0.0037964179793108068,0.0008702649243106597,0.0014947587470842904,0.005922914503913157,0.0026285949297476076,0.009265357011626918,0.3612402665191713,0.0058888393523878835
env_weather_pressure_msl_max_futcov_lag6,0.20455842114608827,1.0525776952568748,1.693828701714235,0.3483178171647882,0.21406355354408718,0.4863269196104622,0.662093367459075,0.0044310686811534165,0.009491552723938623,0.0084806410997063,0.0018799680342185487,0.0025170979638668546,0.007030904513684555,0.006778412665331834,0.6659666394136586,0.0058013779545571615
env_weather_wind_speed_10m_mean_futcov_lag6,0.2729710127300388,0.3893445253368914,0.11876757678304346,0.24437955127933494,0.2567163165666761,0.2348985299737799,0.19230450798416157,0.01042254401379734,0.018361593112063312,0.00031088869973721066,0.0023575098943857896,0.004437144628081291,0.002532797135718012,0.00186103157600086,0.2441974315219895,0.005754787008540545
env_weather_cloud_cover_mean_futcov_lag0,0.5435113840316697,0.6370913133344833,0.1420604467349027,0.5919259541443331,0.19493798914634097,0.07043540025211381,0.2577539203872113,0.014837281721722984,0.011720251647675161,0.004913489959053363,0.004778924415586005,0.0020684848057554994,0.0003333086505684202,0.0013710005884025821,0.34824520114729357,0.005717534541252003
env_weather_wind_speed_10m_max_futcov_lag6,0.22257946494320668,0.2539317319119448,0.10901320757035998,0.12834149295342978,0.4513437254964893,1.107704383340365,0.7915087464899234,0.014852801618119638,0.008461515727949731,0.0010341229239942962,0.0009138972621606234,0.003555762748579672,0.00535020817909837,0.005028637286963811,0.43777467895795985,0.005599563678123734
env_weather_pressure_msl_max_futcov_lag5,0.8392571542649033,1.6485667493463598,0.15614372037692775,0.12043430044225467,0.5030523071913638,0.6342366176488994,0.25049308196035086,0.01040252209590744,0.008967895216473143,0.0015919183875582111,0.0013263436909928927,0.008536442538099487,0.0064279236397497995,0.0016561376901773838,0.5931691330330084,0.005558454751279765
env_weather_wind_speed_10m_mean_futcov_lag5,0.4195831972558243,0.11567802313905963,0.6460213753776766,0.5322302503993167,0.3332194342023206,0.749817748300446,0.30291420974734523,0.01114589897199052,0.0024165616673336165,0.007527490952060578,0.0048514649453593964,0.003900510955129599,0.0034404759236523973,0.005177286949130622,0.44278060548885556,0.005494241480665248
env_weather_cloud_cover_mean_futcov_lag1,0.21898401712306964,0.48878658687348936,0.6025369724275739,0.1576471844159007,0.384106149650863,0.24278377665126125,0.17806814772061902,0.004588841846995195,0.014044786538717945,0.006877666417855299,0.004863010815631097,0.0030167035858345683,0.0024492431880584363,0.002298648113815682,0.3247018335518252,0.005448414358129746
env_weather_wind_speed_10m_max_futcov_lag5,0.2961080137724857,0.13837421839154862,0.1693120949364395,0.1910661341224342,0.8773078694801403,1.0950513765163843,0.16111659317734203,0.003819702298631955,0.0006460879472648618,0.00577874531658642,0.0006219193084952446,0.005567715676559004,0.00787501726908848,0.013117941855560566,0.4183337571995392,0.005346732810312361
rolling_rmean28_28_fin_usd_rub_rate_pastcov_lag-7,0.7625975512149837,0.8139109581456628,0.6988117437033368,0.5613158517773609,1.015318833313697,0.817474400126892,1.4344280173966963,0.004886670199429721,0.005593356083826428,0.005546011140180651,0.002012885598309211,0.005905939425055196,0.007044538728801841,0.005843945708472309,0.8719796222398042,0.005261906697725051
act_drone_strike_on_ua_target_lag-4,0.042604218179604685,0.262143042555968,0.06347798952811437,0.15558330467302192,0.030428326802213485,0.11208279764419986,1.0551595645010021,0.0002951729484260701,0.004014879577612018,0.0014155089430980094,0.005038749750394755,0.0005835596251936081,0.0006714869290991299,0.024156497332113825,0.24592560626916063,0.005167979300848203
env_weather_pressure_msl_min_futcov_lag4,2.5165207652015784,0.14976978444656702,0.06553379969412018,1.2506443678578392,0.44539952642196495,0.2395535041947933,0.10271393923132091,0.013147898928719615,0.0012392824200430975,0.0011165388059850788,0.011134982978028706,0.004231675802796886,0.0029530481262409537,0.0016033234403628471,0.6814479552925976,0.005060964357453883
ewm_ewma14_dist_to_nearest_contested_km_pastcov_lag-1,0.21266657183623008,0.09074819311007398,0.09083364023515043,0.22887416310626238,0.1440694366944521,0.17986446833532324,0.2965725004397589,0.004298631237064021,0.002954832813573005,0.0016716822443479495,0.0042917135215446486,0.007160193103496737,0.003501612961011857,0.011230451243161532,0.17766128196532158,0.005015588160599964
env_weather_cloud_cover_mean_futcov_lag5,0.7210243365568713,0.38020306415896366,0.094486464173178,0.19197671000808114,0.07556213727310929,0.4584509163605812,0.5292289261676284,0.006448359740330934,0.0022884166457586954,0.0007953895910299602,0.011907562495995182,0.0012905160482542311,0.007608730046011614,0.004554574925712873,0.35013322209977327,0.004984792784727641
env_weather_wind_speed_10m_max_futcov_lag0,0.6072753797057925,0.2902132165875652,0.10357938656185464,0.055386641487784244,0.2477066810637372,0.5407622976173779,0.4699324210859718,0.0069625377304547206,0.007730328350918669,0.00228527590485188,0.0016663209198578776,0.0016391125208067292,0.007654549972332059,0.006722850544602333,0.33069371773001194,0.004951567991974895
ewm_ewma14_fin_usd_rub_rate_pastcov_lag-14,1.4218364834469175,0.3376691749292467,0.23394825500269711,0.2480367081141272,0.12958966158996973,0.3798550278726564,4.785351178461303,0.005621417346603352,0.0010609117477722752,0.0026983949315730004,0.002550096217651454,0.002625799223933423,0.002058472925094712,0.017842726088781014,1.0766123556309881,0.004922545497344176
ewm_expdecay7_acled_other_ua_disrupted_weapons_use_pastcov_lag-7,0.7476141729744924,0.44293737322160603,0.1872106992053377,0.5114863694124505,0.4499024128079084,0.40098333250402046,0.3022973681828195,0.004650952764045102,0.0046421024158578295,0.0029357119336308026,0.008303337841349423,0.006139388429214643,0.00401728407602886,0.003712971104747731,0.4346331040440908,0.00491453550926777
ewm_ewma14_act_drone_infra_ua_energy_intent_pastcov_lag-1,0.7509976922501613,0.6666104151045043,0.6526126093184261,0.6509576580405441,0.54064693838053,0.5669818285595121,0.6025878072494267,0.0037473245951438862,0.005881550295284166,0.006711398156301396,0.002955475309445599,0.0054287870843575895,0.0038139455816835976,0.005749312192817957,0.6330564212718721,0.004898256173576312
act_drone_strike_on_ua_target_lag-5,0.297034412203674,0.04741936786923134,0.028520131406493465,0.009650095328261945,0.006436535692419842,0.7859547497023548,0.20582466852456555,0.00488208591143049,0.00120268397306198,0.0016686266448260989,9.505302429142492e-05,6.796032873723768e-06,0.02471655309764482,3.486647808961241e-05,0.19726285153242867,0.004658095023174021
ewm_ewma14_act_drone_infra_ua_health_intent_pastcov_lag-7,0.07217682635098191,0.017618136142042797,0.06706412103158116,0.11355263702339834,0.057971038281842795,0.061198389105911626,0.042675836832701146,0.005093449017339835,0.0011325380817111652,0.0027386989049614343,0.006276086129405467,0.004799647794826045,0.009604952604801365,0.00273999739833084,0.061750997824065686,0.004626481418768022
darts_enc_fc_cyc_month_sin_futcov_lag2,0.27419689718541085,0.2632999550548945,0.22366061352901262,0.3922327193337494,0.3174927998724081,0.3608679650003946,0.2866320487485414,0.004105296611718834,0.004120591577888755,0.006338787621641551,0.003931646735559879,0.005059311158704882,0.004078622932089937,0.004249241662149683,0.3026261426749159,0.0045547854713933605
rolling_rmean28_28_total_ru_area_km2_pastcov_lag-7,0.4297191198957119,0.8112890762209435,1.115741870696026,0.7092728014596723,0.3307410423154001,0.41066616320638816,0.6670959140991422,0.003578107896904248,0.006882394376476353,0.007920938626659591,0.0038247468317375464,0.004260217376172571,0.003607191524949438,0.0016397898684047175,0.6392179982704692,0.004530483785900638
env_weather_wind_gusts_10m_mean_futcov_lag5,0.3130076930424909,0.20387969035463074,0.5741690104469794,0.19159678990196125,0.3973938530828652,0.6463382649038911,0.231516890430239,0.00345167969195912,0.0022254367444108024,0.009668431275378175,0.0005281672467874587,0.006792891840638293,0.003675233499115649,0.005364672219103417,0.36541459888043676,0.004529501788198988
env_weather_wind_direction_10m_dominant_futcov_lag6,0.14329080102090927,0.2953021984129659,0.09842468858608217,0.2200120652632683,0.12472758065956553,0.2582905247364651,0.11542005678815191,0.0014588593302682583,0.0031836484404275333,0.0008343269258461961,0.00198927228904322,0.013821260695899373,0.008347788317945092,0.00199766392877756,0.17935255935248687,0.0045189742754581765
env_weather_wind_gusts_10m_mean_futcov_lag3,0.668118938832905,0.3196637678023828,0.2161317507864693,2.3821541155455144,0.25672324294785626,0.24399295975344845,0.20373835616017102,0.003466068958179558,0.00286842620395662,0.0018858718408385267,0.0007016692592712648,0.0013840496782891788,0.005185004989227959,0.01597134595970402,0.6129318759755353,0.004494633841352446
env_weather_wind_speed_10m_mean_futcov_lag1,0.33604004685743194,0.9765660730821605,0.16745639387505531,0.43179353892893335,0.14758309449772572,0.34400129007755176,0.2538039711498905,0.0062692407870690746,0.003438015103258052,0.004609089055354243,0.0019281368360719586,0.008935655058720604,0.0020353823558932893,0.003927802751522269,0.37960634406696414,0.004449045992555641
ewm_expdecay7_com_aid_humanitarian_pastcov_lag-7,0.2087462261096126,0.2745162012220748,0.18965867511587461,1.032093949450563,1.3719934762464678,0.29351234563938844,0.45125258370713034,0.0015896319030931805,0.011060241128317072,0.002866674933804836,0.00609498783561051,0.004977467345624142,0.00218252732990627,0.0021834963998023983,0.5459676367844446,0.004422146696594059
darts_enc_fc_cyc_day_cos_futcov_lag3,0.15283364845863914,0.4768464339338507,0.1900424060076437,0.13914364258657458,0.22336833628533523,0.09652186385109235,0.14047770996179815,0.012575105256739993,0.008405174575040798,0.0029448057899144732,0.0021758500822602,0.001347313114829829,0.0014859231174100263,0.001991280826861197,0.20274772015499054,0.004417921823293787
darts_enc_fc_cyc_month_sin_futcov_lag4,0.18541487097675324,0.23851623161893892,0.22737821352065082,0.4084454615192539,0.26094169265838363,0.22647528902829503,0.2775719019541086,0.004347228704648254,0.0059523867943599654,0.00353558662043989,0.0054079927059460745,0.004460257621301755,0.0024572112927507385,0.00437042731235453,0.2606776658966263,0.004361584435971601
env_weather_wind_speed_10m_max_futcov_lag-1,0.31093679130947854,0.1284464396349329,0.22097461245023742,0.18538244621184086,0.30548211387993796,0.6276500269694151,0.23975945909002971,0.010851903876387991,0.0008075358812327238,0.003038788758314115,0.0013700163978062063,0.0030060156193431053,0.008390115578964274,0.0027478616238623354,0.28837598422083893,0.004316033962272965
env_weather_wind_direction_10m_dominant_futcov_lag-2,0.5895753578462769,0.8609157207389777,0.10891829418417005,1.234446126118945,0.515846516738019,0.169100505882103,0.17797837110749765,0.005512163296578487,0.004690801137100542,0.0007282121930655139,0.005890534946331139,0.010136944048198804,0.001185018232243995,0.0017192190085029146,0.5223972703737128,0.004266127551717342
ewm_expdecay7_acled_other_ua_disrupted_weapons_use_pastcov_lag-1,0.6835117269641187,1.2059688087637581,0.7305362007135087,0.4986592725360779,0.25310172937468534,1.0845510986886469,1.5178325963132182,0.004123667581262547,0.004289717597442633,0.0013481672310056148,0.006118712394603154,0.0010745993990166403,0.009019946198306927,0.0037856625756941486,0.8534516333362875,0.004251496139618809
darts_enc_fc_cyc_dayofyear_sin_futcov_lag-2,0.2693793645152363,0.3103150506136535,0.4772728123017479,0.23008936345663206,0.36042345584795826,0.3073767033077036,0.220784576725358,0.002603966491534515,0.007122812061516171,0.003212394861227863,0.004480675526280775,0.0036718693844472795,0.0035757819437419736,0.004890841346256303,0.31080590382404133,0.004222620230714983
env_weather_cloud_cover_mean_futcov_lag2,0.18928009087320546,0.2163972608157113,0.46487589183336087,0.8060214522155605,0.12020169910037606,0.35774320231188195,0.2045791744996511,0.006525210028757678,0.002301143903578451,0.007670397876692969,0.003924770371209618,0.004763660096171085,0.001766862335876218,0.002431312538469332,0.3370141102356782,0.004197622450107907
darts_enc_fc_cyc_month_sin_futcov_lag0,0.41868144241032007,0.2698032839877493,0.24835861391986377,0.2709095611588931,0.30117161383754987,0.4590373055202598,0.5011573911601767,0.005508272394483949,0.0038583518165123064,0.002610511112663705,0.003374166177977589,0.003923805111724077,0.0035803546090668937,0.006505523686848513,0.35273131599925894,0.004194426415611005
ewm_ewma14_acled_other_rus_disrupted_weapons_use_pastcov_lag-1,0.2276829867146855,0.11845899120906675,0.25889906119956707,0.03441814755648601,0.3319871255283601,0.01839760236158916,0.24471811032533475,0.004299570624715643,0.006199624185815744,0.004620784008268796,0.003910888462534845,0.004576670073779887,0.0010746540202991595,0.004549319215359948,0.17636600355644133,0.004175930084396289
ewm_ewma14_acled_other_rus_shelling_artillery_missile_attack_pastcov_lag-1,0.1099368503271288,0.16045431723261425,0.21336622175874934,0.14973064624259552,0.20914391685236772,0.3469217752789527,0.12167062077759576,0.0049692638743408235,0.003088209302754863,0.004485623047264098,0.0035244237733752736,0.006641587675577587,0.004001306615656053,0.0023993903091864776,0.18731776406714343,0.0041585435140221675
darts_enc_fc_cyc_day_sin_futcov_lag1,0.1697018040354315,0.12313484449010834,0.38397961026313954,0.2474805405850927,0.2937877428468036,0.22382801031169963,0.30657862516878476,0.0017726847048595395,0.0012272797390735501,0.002166746135528852,0.004579400082415863,0.003930096584639564,0.008679869806552798,0.0066098091827457624,0.2497844539572943,0.004137983747973704
rolling_rsum14_14_dist_to_nearest_ru_km_pastcov_lag-14,0.3278013615767449,0.05011030544258333,0.16251423674144666,0.015226297367998486,0.27586145832573383,0.2890179018035077,0.1507939704964769,0.00212113950065973,0.003922813755913102,0.004404752901357822,0.00410051595377201,0.004768415990253616,0.004874311874798365,0.004660940843491002,0.18161793310778454,0.004121841545749378
ewm_expdecay7_total_ru_area_km2_pastcov_lag-7,0.6504499033062398,1.392804803147991,1.4865451899317117,1.2800621340221503,0.5658121077283395,0.26976196036226163,0.5639810174671233,0.004881387174316232,0.004786438751551647,0.005685068348607625,0.0061528882761686665,0.003463108069141163,0.0018013210331247586,0.0014715540323925636,0.8870595879951166,0.004034537955043237
rolling_rmean28_28_total_ru_area_km2_pastcov_lag-1,0.6415010394507175,0.7106222327110526,0.5084457717395626,0.8075727393701743,0.5344520561127281,0.2502973081043831,0.5702918296873787,0.0062365291732048075,0.005191666412305862,0.0031221439757206813,0.0026461236845993106,0.0028488314392638436,0.0037565483703816183,0.004270149363060649,0.5747404253108568,0.0040102846312195396
env_weather_wind_speed_10m_max_futcov_lag2,0.391777010013861,0.9846639102099488,0.7203565064756127,0.13380745261611124,0.11118473068686655,0.11176107043245903,0.25572265603625993,0.004592461507221146,0.003754896271862118,0.004136630648422424,0.004950471994988037,0.0028841443013388757,0.005906933660756319,0.0016404348118898681,0.38703904806730277,0.003980853313782684
ewm_ewma14_fin_usd_rub_rate_pastcov_lag-1,0.3267119932877564,0.26631884003521183,0.44560617120317525,0.16182109326814897,0.3398679723594579,1.560127421901653,1.081240384526894,0.002579628464280126,0.002613524754322394,0.003343623967069731,0.00205267841402188,0.003404600186750706,0.008391744548848612,0.0052678725516488,0.5973848395117568,0.003950524698134607
act_drone_strike_on_ua_target_lag-6,0.02903339743154345,0.03955384354189844,0.04342435138199046,0.014990712292014744,0.8014497631454517,0.07424376577132283,0.05224310885631081,0.0007160792231851731,0.0023021534467519756,0.0002879369650788943,7.064427513625571e-05,0.023004992256310385,0.0004730259309492002,0.0007686512272475854,0.1507055632029332,0.003946211903522782
env_weather_pressure_msl_min_futcov_lag1,1.3341083590410305,0.3638927129575748,0.2725682418285888,0.08918683974769874,0.15063548775415037,0.08629996687791326,0.05389373540929551,0.013710400035849335,0.002802036817633824,0.0034682956735100356,0.002708458787502721,0.0031794637707851956,0.0007408573305704768,0.0008929863869730382,0.3357979062308932,0.0039289284004035184
ewm_ewma14_dist_to_nearest_ru_km_pastcov_lag-14,0.4709805479937988,0.9390195815286979,0.8692569633739549,0.5554695496211977,0.7839707158202865,0.4040028420837635,0.7715996944667939,0.00408104480907161,0.0027032601191931517,0.0026005295357315328,0.0033326151776196466,0.008133595626352163,0.001715047297966521,0.004899852594927534,0.6848999849840706,0.003923706451551737
darts_enc_fc_cyc_day_sin_futcov_lag0,0.11163333891785052,0.37205679871974395,0.24956044170706193,0.11443310612704657,0.21966772936364115,0.1429470460369664,0.4417693901804672,0.0016612875925525073,0.0032096045175390884,0.0009822618828110973,0.0028587253231636247,0.01279595959802402,0.0013495861019834133,0.004586763207280353,0.23600969300753968,0.0039205983176220155
env_weather_wind_gusts_10m_max_futcov_lag5,0.20146109121238134,0.19239647506755883,0.27787130085469186,0.08738537347458514,0.2386757503630117,0.6180099756417533,0.33338586695025313,0.004509673553384985,0.0005840660707040257,0.009001519263506185,6.296172392210586e-05,0.0041363936524370535,0.005325055171176318,0.0037643798189449297,0.27845511908060505,0.003912007036296515
ewm_ewma14_dist_to_nearest_contested_km_pastcov_lag-7,0.24758304090094133,0.1586992416019818,0.25015703829007735,0.1774098126176336,0.2501170455905702,0.12678113356303722,0.09689687089830966,0.005635208368101186,0.003191378856159677,0.0021966413834833,0.007475223319199764,0.002905134582876978,0.0022024302689685137,0.0036778486982916416,0.18680631192322153,0.003897695068154437
env_weather_wind_gusts_10m_max_futcov_lag1,0.19267223671918782,0.5081141282072068,0.19636821008056315,0.05754549792056594,0.20069939383978433,0.12787674372318034,0.10571316375569564,0.0005330385052080055,0.0012375863696141077,0.0052110633209828,0.0012145444315569743,0.016760413807202744,0.0021901672572401942,-5.180945138825166e-05,0.19842705346374054,0.003870714891488082
env_weather_cloud_cover_mean_futcov_lag-2,0.152898231835543,0.2075779648496,0.18871076895562128,0.2654803642854674,0.3487338055060724,0.26095251825826027,0.8854056604820733,0.0034868853485023,0.0021805128827701915,0.002181315073717616,0.002489830882722299,0.005263637159744539,0.0016531027444005807,0.009613092414151892,0.32996561631037685,0.0038383395008584876
rolling_rmean28_28_dist_to_nearest_contested_km_pastcov_lag-14,0.1638589298896435,0.1835294384642147,0.24965329695553304,0.09982916421956735,0.10768037011608596,0.17352214868885157,0.3445454227374744,0.0016726893953400213,0.002779944927913336,0.003958639309507905,0.0018194090489211945,0.006798307728649533,0.0040066930366489785,0.005727400281821682,0.18894553872448153,0.0038232976755432357
env_weather_cloud_cover_mean_futcov_lag-1,0.6869983707533388,0.10563079229820624,0.5281388979637307,0.20319589237235008,0.17576347419350458,0.5330610712197915,0.20102392343394504,0.00826742568321095,0.002655765184531922,0.004462161340164239,0.003893403009837093,0.0019965396011894397,0.003911857785434192,0.001554538848752185,0.34768748889069523,0.0038202416361600025
rolling_rmean28_28_acled_other_rus_shelling_artillery_missile_attack_pastcov_lag-7,0.18946900776261594,0.014883001851063437,0.06797108358883534,0.22483332966412814,0.22450084413752464,0.21046027473774398,0.2550324617438618,0.004749242184562919,8.3454083490353e-05,0.0016359031842601013,0.007040020170548967,0.0035356230314140813,0.005313706912321381,0.0037565190900987755,0.16959285764082474,0.003730638379528082
ewm_ewma14_acled_other_ua_armed_clash_pastcov_lag-1,0.05367728516991246,0.2122593492069628,0.14432911871321885,0.06025274044807319,0.2418895557141776,0.29540369212424367,0.2962254662161326,0.002402982562761524,0.002516373437266939,0.0013155439185267293,0.004566259163463471,0.006189477287457823,0.0018432711314699812,0.007033014794953396,0.18629102965610303,0.0036952746136999807
darts_enc_fc_cyc_day_sin_futcov_lag-1,0.3113704106367706,0.027410088297738902,0.11672224057651014,0.1416079634965486,0.10779752905898378,0.3356275078575643,0.1577123906996229,0.003786479480058591,0.0006954430899606123,0.00190568670821869,0.008892676145506461,0.003071950512116395,0.005482282661140836,0.0019136419386404757,0.1711783043748199,0.003678308647948866
env_weather_wind_gusts_10m_mean_futcov_lag6,0.25115139974491535,0.5781013366696397,0.08824200161865703,0.25192183782755334,0.06495674072876662,0.2401347380034071,0.5209694042324223,0.007077321420336791,0.009369254633931456,0.0006961727382905458,0.0021661638113835034,0.0010149958585303099,0.0028564198788721294,0.0023637678341047242,0.28506820840362307,0.0036491565964927803
ewm_expdecay7_total_ru_area_km2_pastcov_lag-1,0.8317040734139765,0.3339639731578619,0.9033409787350379,0.4567217274180547,0.41858377025058247,0.37930774241293425,0.12185125982903773,0.005134207098076815,0.002779721719405348,0.00932622103189007,0.0012185091593315933,0.003542658539323562,0.0032912917952415245,3.203798642834599e-05,0.49221050360249785,0.0036178067613853227
ewm_ewma14_act_drone_infra_ua_energy_intent_pastcov_lag-7,0.4859271100275123,0.4313090153580301,0.39172477786639787,0.5227827783724056,0.20865137967912792,0.2702982297483426,0.5690962143357299,0.0025092737177650594,0.004637651761166106,0.0024796060272253228,0.004269069150099503,0.002278750415684305,0.0027005828844586244,0.0062250835424130235,0.4113985007696494,0.0035857167855445635
ewm_ewma14_fin_usd_uah_rate_pastcov_lag-14,0.2757244350079463,0.19220308016418142,0.23989694319284405,0.16903086800417846,0.27403347375625836,0.3031200493996704,0.12255685621646337,0.0037580347818799487,0.004812469051168988,0.008154275569295466,0.0015145943695693109,0.0021841515701717775,0.002291233680256588,0.002195021858334334,0.22522367224879175,0.0035585401258109157
env_weather_pressure_msl_max_futcov_lag3,0.398453612828816,0.19292098732534163,0.5309498353992317,0.9866147084915708,0.06448307274293746,0.21781478360772627,0.46838446873659617,0.0019252763491118818,0.0018152141056157589,0.00982287637319812,0.008961753739782984,0.0006976745181571208,0.0006591211817026154,0.0008982237105428891,0.40851735273317435,0.0035400199968730526
rolling_rmean28_28_acled_other_rus_shelling_artillery_missile_attack_pastcov_lag-1,0.08261186174309605,0.05269317341744458,0.12899937567490033,0.15313762019547905,0.05420800378607061,0.13396410071379136,0.12633570478838416,0.003808102404685454,0.0016821227554936647,0.004226687412762109,0.005743807233079523,0.00447509713925256,0.0022337314306848377,0.0025637380395728605,0.10456426290273803,0.0035333266307901443
darts_enc_fc_cyc_day_sin_futcov_lag2,0.2742317994809659,0.21059031278707152,0.3057945421251301,0.21632997833232137,0.2219616790338063,0.17581910585482288,0.3094471979117662,0.0023455632970411644,0.0029658271336114204,0.0014542114930925943,0.0019065071963702217,0.004090425463859649,0.0036826045172816623,0.008093745767621919,0.2448820879322692,0.003505554981268376
env_weather_wind_speed_10m_max_futcov_lag-2,0.24874420592975924,0.2737464450017764,0.22996889696069456,0.16020030827673018,0.5339477007503795,0.1834067118032058,0.22478049065320718,0.0028584601850490054,0.009915213765621388,0.0011912968621663022,0.0015196359427301909,0.0053653661952576485,0.002166317054536915,0.0014763281546071427,0.26497067991082185,0.0034989454514240846
darts_enc_fc_cyc_dayofyear_sin_futcov_lag4,0.050076001285394196,0.14911613341870514,0.17280962839710423,0.388111198362181,0.2295691952144349,0.24753077563211515,0.18234671871558983,0.00182229744504383,0.004931773007055917,0.0017210490093611864,0.0024963232641124653,0.006018128209852702,0.001440818472031946,0.0058308841774532775,0.2027942358607892,0.003465896226415903
env_weather_pressure_msl_max_futcov_lag1,0.34711103571280927,0.6865949308663974,0.17767698309345628,0.26039171614444995,0.3345844485537276,0.15174021651512348,0.014093622804175872,0.00615551069803637,0.008165515329180173,0.0014063946414072826,0.0020547878350705372,0.004968700502743273,0.0011856378927305622,0.00018239467853027326,0.2817418505271629,0.003445563082528353
darts_enc_fc_cyc_day_cos_futcov_lag6,0.13271697283126274,0.09254755583231954,0.11105724370569844,0.2116570554427822,0.10414049988010034,0.1629578750850427,0.27967500709679094,0.0014480845092078142,0.0030356108522331393,0.004376932288615532,0.005935550573189241,0.004215313227708961,0.0032530182749749724,0.0017980618775481183,0.15639317283914242,0.0034375102290682543
darts_enc_fc_cyc_day_cos_futcov_lag2,0.26709536758983965,0.37069147788117185,0.3353137169575378,0.5163571279889241,0.3237919831063456,0.24492967595852128,0.08055227039890642,0.008713145627348928,0.0039705579285311595,0.0021129471992719973,0.003975577171538958,0.0012150424953927042,0.002274144585274929,0.0015403618460724244,0.3055330885544638,0.0034002538362044427
env_weather_wind_gusts_10m_mean_futcov_lag4,0.14928357572836312,0.586401894582714,0.45563451038658387,0.4013481766152792,1.0626297098010382,0.1400692911315574,0.28357484936924965,0.00026280998978982505,0.004601303554590652,0.004574849012889737,0.003715548205619479,0.004573287843701923,0.0022181844639109103,0.0038230457252645287,0.4398488582306837,0.0033955755422524366
env_weather_pressure_msl_min_futcov_lag3,0.11151918460815621,0.16002897080449086,1.114615801372874,0.3046158618203764,0.42675672294254785,0.11459579595928687,0.07047808925815156,0.0011192904017212958,0.0014387109988874824,0.009500121353863022,0.0029467376153577305,0.005219751848021858,0.0010349409704222268,0.0023711468760671205,0.32894434668084055,0.0033758142949058194
env_weather_cloud_cover_mean_futcov_lag3,0.11385651008589337,0.1327057489827893,0.07613465671354837,0.5810120884519988,0.8789161303825628,0.1260348031161048,0.5282458901917304,0.0015943015689980245,0.003938891150526369,0.002566621863415586,0.006624054804342428,0.0053088293436961646,0.0012337383922270905,0.002245367030171064,0.34812940398923253,0.0033588291647681035
ewm_ewma14_fin_usd_uah_rate_pastcov_lag-1,0.2999311803349473,0.3517910145180502,0.13663222135507466,0.06533125405099606,0.4048537266141261,0.35676214482269464,0.4915288249504622,0.00529349337127003,0.0062866979584461635,0.0014399079614769938,0.0008611750042637923,0.0026523443481971444,0.0032286684700319145,0.0037375930171452466,0.3009757666637645,0.003357125732975898
env_weather_wind_speed_10m_mean_futcov_lag2,0.1285455971230137,0.35743713851574843,0.40852464633049224,0.23742011977850813,0.07491771959570892,0.0617741229556916,0.11800899675855109,0.004160300303700004,0.004056376763029568,0.004650820636022623,0.002686376139860913,0.001993697397739802,0.0016517108163325745,0.004229749991707843,0.1980897630082449,0.0033470045783419037
ewm_ewma14_acled_other_rus_shelling_artillery_missile_attack_pastcov_lag-7,0.18769344400281052,0.2044235776237317,0.3035103281349066,0.252241464826511,0.15330520726611382,0.2657845584968447,0.18559040751123593,0.004377272036468716,0.005922059274661895,0.002221876189581806,0.003388512960977019,0.002662805034031113,0.0030974173780482506,0.0017407327769194182,0.22179271255173633,0.0033443822358126024
ewm_expdecay7_act_total_daily_strike_events_pastcov_lag-14,0.2605140721508991,0.2957222744824114,0.15266227496131934,0.393007892812843,0.43474638801270715,1.1263038749679815,0.21366811618357376,0.001322258250579078,0.0021092209863589283,0.005864986979366838,0.002160776381697804,0.0038497455333627918,0.007026332256491874,0.0008723619428694151,0.4109464133673907,0.003315097475818104
env_weather_pressure_msl_max_futcov_lag2,0.1333490914324809,0.288862443740107,0.7706465260522968,0.3118041195938163,0.18045855746173406,0.48182640608580884,0.009248421751483807,0.0017309047810174505,0.008210005712399026,0.00745926723838175,0.0020321502730704212,-0.00014085018587537413,0.003806531504576105,6.70342583175998e-05,0.3108850808739611,0.0033092919402695686
ewm_expdecay7_dist_to_nearest_contested_km_pastcov_lag-1,0.38346134490891814,0.3849627401242129,0.349998949291731,0.16392627188029502,0.3243951228894717,0.02419900725141595,0.07233589451042212,0.0022244566355748008,0.0025725615893136267,0.0041667741710237575,0.005963555881559524,0.005287296080722403,0.00039967965575797847,0.0025351935507787805,0.24332561869378097,0.0033070739378186957
env_weather_wind_speed_10m_max_futcov_lag1,0.9091289864828421,0.7828208378878367,0.20009373913398104,0.0783757245031053,0.21844603039759813,0.15679254523136182,0.406276541715288,0.003727400251193913,0.0033142327155530893,0.004760878916115008,0.0014046783360810223,0.005440370566582442,0.0011285908899911989,0.003120658677978105,0.393133486478859,0.0032709729076421112
ewm_expdecay7_fin_usd_rub_rate_pastcov_lag-7,0.45791689214933423,0.047365444759099574,0.16314939936285414,0.37645855603633993,0.3617956047650046,0.39105713509635287,0.38989496710886046,0.0030513491258841842,0.0010729826618679716,0.002502814324978764,0.0053490706365328265,0.004726214463680889,0.0032844099277239192,0.0026733595244760266,0.3125197141825494,0.003237171523592083
env_weather_pressure_msl_min_futcov_lag2,0.10423488837070852,1.0105737363777145,0.22778850518834898,0.06994648331404835,0.08083588684856717,0.07196005944629717,0.13510142759091767,0.0009713880187716794,0.012285972153618019,0.0010155607145812874,0.0012660504616034186,0.0023388579774269447,0.0015442096154185902,0.003160056009308665,0.24292014101951467,0.0032260135643898008
env_weather_wind_gusts_10m_max_futcov_lag6,0.20202548434114223,0.27320995279184274,0.18232762258521193,0.180804065410602,0.2937679709741261,0.36292241004934667,0.18943836193290212,0.003927195084669433,0.003617732205558455,0.0029851497000527917,0.0044075852899708055,0.0013552137854292879,0.0020034362662488146,0.004130046038571122,0.24064226686931053,0.003203765481500102
darts_enc_fc_cyc_day_cos_futcov_lag4,0.10523506803060569,0.0679445507123184,0.21485837900258892,0.28074378321017784,0.11650651867961354,0.2663248562475594,0.11416458887791202,0.004555697290465677,0.004102169158988223,0.0061889754605851666,0.001780077453572715,0.003297536889095354,0.0012701726730266483,0.0011046423272827565,0.16653967782296794,0.0031856101790023626
ewm_expdecay7_acled_other_rus_shelling_artillery_missile_attack_pastcov_lag-7,0.14520253062409122,0.35134868121031104,0.04847391025980807,0.05939945317098428,0.3025850081139266,0.12396379490144023,0.11446693741246154,0.0025914047300330534,0.0076295704945602335,0.00037895578162925323,0.004345616720741208,0.002619944206885849,0.002979278660309759,0.0017024562743892745,0.16363433081328901,0.0031781752669355185
env_weather_pressure_msl_max_futcov_lag4,1.2312467041556083,0.09511574803663114,0.19538660513547576,0.1500372875982057,0.4889880889830303,0.2392701953133964,0.3246387859272176,0.009938304931034713,0.0005545617226848431,0.0008281114381606836,0.003858956061843788,0.005195463726500149,0.001920814794254766,-0.00011514515293369332,0.38924048787850934,0.0031687239316493215
env_weather_wind_speed_10m_max_futcov_lag4,0.13551587091530118,0.33062336110233825,0.2012525624765454,1.214156351139912,0.6239356280569024,0.133931450893008,0.2211333689709446,0.0015439400530546043,0.0034628375921037734,0.0019199420673447376,0.0009518827317252177,0.005358207578805762,0.005644290062040524,0.003256660538278133,0.4086497990792788,0.0031625372319075357
ewm_ewma14_fin_usd_uah_rate_pastcov_lag-7,0.2103000798089667,0.2325039424398019,0.21156257140136947,0.12911540229324445,0.09576855055068055,0.4717951212890998,0.19730399861490577,0.002068298606740604,0.007940101055600234,0.006608707089420895,0.0007694139348577433,0.0009679233008635935,0.002660233871706441,0.0008007920969220539,0.22119280948543837,0.003116495708015938
ewm_ewma14_fin_usd_rub_rate_pastcov_lag-7,1.0257504286677919,0.46102537304650854,0.01686690536187001,0.11608572056460427,0.041290278176143086,0.39393714165862503,1.8679924329715756,0.004872389069987904,0.0033392640710189657,-0.0002875677319389647,0.0014464731396200304,0.002485263605313803,0.002435088833592869,0.007465282764055048,0.560421182921017,0.003108027678807093
env_weather_wind_gusts_10m_max_futcov_lag4,0.15213972447615248,0.1906493382511297,0.19042894622212708,0.3644746034189812,0.5233858447476077,0.2677201957982506,0.041491290544413986,0.0015992972494479174,0.0035554115706402543,0.0030099019705067897,0.0020583986241599515,0.0034741282481275614,0.007067588436737137,0.0009879206629233028,0.2471842776369518,0.0031075209660775594
darts_enc_fc_cyc_month_sin_futcov_lag6,0.1803607132390701,0.048787841057448836,0.08384497677833112,0.09241291449493917,0.11600559446015653,0.16401138749161048,0.22088300674428957,0.00399409708834948,0.000664647832246823,0.0003907783226362316,0.0032396224654186235,0.005023093395366329,0.0034809068809272146,0.0048181727888036985,0.12947234775226368,0.0030873312533926285
env_weather_wind_gusts_10m_max_futcov_lag0,0.7088766192266358,0.16165569239930278,0.19457195134920693,0.3937132178223229,0.1860886520291074,0.18932490267544544,0.06676394814852074,0.0018379901414264932,0.002843793081431101,0.0005604953174026317,0.012188404825113386,0.0019257522087563928,0.001742211911352176,0.00037108550425366536,0.2715707119500774,0.003067104712819406
darts_enc_fc_cyc_dayofyear_sin_futcov_lag3,0.21297588314823943,0.2508345555658692,0.19396147103838351,0.21893690994771012,0.24414561769343945,0.17004303038200905,0.08447549819160377,0.004824604478580885,0.006100692620150427,0.003552567812007257,0.002811043667803026,0.0011876799574425557,0.0016689391202998171,0.0012057491652973872,0.19648185228103637,0.0030501824030830507
ewm_expdecay7_acled_other_ua_disrupted_weapons_use_pastcov_lag-14,0.5497273706032629,1.1843786653865913,0.3043655047964401,0.3974027602032378,0.12172053132173814,0.14665015459410397,0.2551489825661175,0.004754994096485321,0.002993457239787678,0.002701385320585259,0.0031709804338113214,0.0009838852132588061,0.004209444675792406,0.002480037267110724,0.42277056706735594,0.003042026320975931
darts_enc_fc_cyc_dayofyear_sin_futcov_lag5,0.03737222953891709,0.2171336184222763,0.12509867271856434,0.08038772796497902,0.20463252993958048,0.35826328671197427,0.12754525337011452,0.00022848418303862418,0.004604321916731236,0.0027313487361143363,0.001559336232096098,0.004261108823823023,0.00432641584954081,0.003452642244494908,0.1643476169523437,0.00302337971226272
rolling_rsum7_7_acled_other_rus_shelling_artillery_missile_attack_pastcov_lag-7,0.028824118181651353,0.1488418993486709,0.04268409714985005,0.1348551941345703,0.1342415316949236,0.11116078112929352,0.02708825317437669,0.0005897593640623811,0.0046443400980149315,0.003792677002008493,0.003239235870019308,0.004629464320722687,0.003748758280357012,0.00041994359554120564,0.08967083925904806,0.003009168361532289
ewm_ewma14_acled_other_ua_armed_clash_pastcov_lag-7,0.2587784069262762,0.2588039325222547,0.09356880837402204,0.07515201939228083,0.13566291332940617,0.05816831239247095,0.0957452868943757,0.002374343016994196,0.003528696375892948,0.0045157181573788115,0.001902088517836975,0.004966591783432927,0.0010543144770307044,0.002637950182698434,0.13941138283301235,0.002997100358752142
ewm_expdecay7_acled_other_rus_shelling_artillery_missile_attack_pastcov_lag-14,0.09314147126523821,0.18891247166224961,0.32563652978902174,0.08570825692946084,0.0480898502965589,0.08900757662139358,0.09276471028551488,0.0030684947897761106,0.0031741368032290663,0.011229903604565283,0.0014608995404662207,0.001452332207304141,0.0001902764249457567,0.00022318455769887446,0.13189440954991968,0.0029713182754264925
ewm_ewma14_act_drone_strike_on_rus_in_rus_nofpv_pastcov_lag-14,0.7062045479520694,0.5123028111561284,0.40978084372194795,0.4402841066822163,0.4191378560892573,0.7271497060189824,0.5466057304120736,0.0038573924137076387,0.0021080345213038585,0.0012993814514068447,0.0022790164703678116,0.0028186764721124026,0.0043887215624183185,0.003829158144058975,0.5373522288618108,0.0029400544336251216
darts_enc_fc_cyc_dayofyear_sin_futcov_lag0,0.17735684558360423,0.16671092824462871,0.2226438680618937,0.0311628826253057,0.27606190860787655,0.2357874075947268,0.15920450373658354,0.004767764079567471,0.0026047127401866987,0.004125911022887729,0.0008567077796955535,0.0027029819580669523,0.002472095259650131,0.0027823786809984654,0.18127547777923134,0.002901793074436143
env_weather_wind_speed_10m_mean_futcov_lag3,0.19500438305223275,0.2226983019836439,0.18095267724135602,0.6305176530713276,0.12860678308861329,0.16015450895477404,0.1179781263987098,0.001756966680270544,0.004886052145734921,0.001644618503002171,0.002540860206363238,0.0014790933201881628,0.0012467801208258412,0.006715041292441359,0.2337017762558082,0.0028956303241180342
env_weather_wind_speed_10m_mean_futcov_lag4,0.11961622783602692,0.3955636699221058,0.19636797922688767,0.18118609283507608,0.5776793051976478,0.12973606999094958,0.09372180684514828,0.00014151505006143594,0.00496423227451861,0.004175409008291853,0.0014391626001911018,0.004492618100216483,0.0009184136479935212,0.004104234657125461,0.24198159312197745,0.0028907979054854952
darts_enc_fc_cyc_dayofweek_sin_futcov_lag3,0.364941933210021,0.19636373249543668,0.20133573273467043,0.45036541698091104,0.2855812352168978,0.28626220432636074,0.3189713598196731,0.004477804956842446,0.0003248646698779334,0.0014748351952371674,0.004193400260925806,0.0027929926397797233,0.0028553035721144314,0.004014736983198208,0.30054594496913867,0.002876276896853674
ewm_ewma14_act_drone_strike_on_rus_in_rus_nofpv_pastcov_lag-1,0.2979155415978819,0.5872959626997226,0.4710582220214275,1.1554224035766376,0.453635508208102,0.609288186379365,0.837933039005962,0.002536517320729836,0.002472704949024451,0.0010195672473612527,0.002563169058133008,0.0026415698848708978,0.003785565920211842,0.004898263058482644,0.6303641233555854,0.002845336776973419
darts_enc_fc_cyc_dayofyear_cos_futcov_lag5,0.16545889089067506,0.20265704019825534,0.3264402889409508,0.42862212091152724,0.21254425883902592,0.31641825778901383,0.3939939539019421,0.0028590962348597816,0.003670683363713412,0.0025736850762648313,0.0039413894225407645,0.00226902122174395,0.0016425844311219074,0.0028698786692330945,0.29230497306734143,0.002832334059925392
env_weather_wind_gusts_10m_mean_futcov_lag2,0.30731996678519397,0.15008141789220533,1.2329507686223267,0.049808024591195536,0.21375373416937202,0.10265490549417945,0.14630866788058108,0.00231753861226891,0.0019402734850160418,0.005330874872816649,0.00019431816630353094,0.0031560384280233445,0.005190640385201162,0.001634257579481746,0.31469678363357917,0.002823420218444484
darts_enc_fc_cyc_month_sin_futcov_lag-1,0.1198434725147522,0.12558690661973398,0.13252907904513314,0.1434284263723276,0.14888942310733272,0.1674439335342282,0.11963209571843703,0.002992390321277738,0.0038338297026315527,0.0016287388472609131,0.0031548845811369295,0.0037999929457730674,0.0020052725271188622,0.0023264032341745898,0.1367647624159921,0.0028202160227676653
rolling_rsum14_14_dist_to_nearest_ru_km_pastcov_lag-1,0.24374104868339583,0.331168781573796,0.35263102848414224,0.3278115600495941,0.19284092814570322,0.17280527634943854,0.442575155399276,0.003416342458506394,0.002142455629144724,0.0020900483811896464,0.00389204010579709,0.003146482401302042,0.002289033820825237,0.0027633962902865903,0.29479625409790655,0.0028199712981502464
region_statcov_target_act_drone_strike_on_ua,0.033770304070840584,0.28624197420084585,0.20229500535964043,0.07934634843057392,0.24688686686110434,0.02871301863755016,0.18629974782481923,0.0013009789524055736,0.005250435586015656,0.002318050536127547,0.004727515297029505,0.003571905863627367,0.0004359905504518924,0.0017086976744713934,0.1519361807693392,0.002759082065732705
darts_enc_fc_cyc_week_sin_futcov_lag4,0.3341367810126082,0.15710712515581784,0.20049513291044302,0.19813542769731635,0.23757514123188667,0.16036770454852714,0.25247943406655865,0.003566761837196486,0.002394018368193507,0.002864045622340794,0.0028638245954395016,0.003849938634599437,0.002324566738763778,0.0012890151315957832,0.22004239237473686,0.002736024418304184
ewm_expdecay7_fin_usd_rub_rate_pastcov_lag-14,0.5199180064656593,0.17443065831773977,0.08605492878999496,0.3182023855521632,0.14162811500010639,0.44254280522258577,0.7368265232813395,0.0030079022495680175,0.002685375551437175,0.0018853889613858366,0.005194408621215696,0.0005598297489749715,0.003316615413814983,0.0022380068981913137,0.34565763180422693,0.002698218206369713
env_weather_wind_gusts_10m_mean_futcov_lag0,1.404025875078294,0.057800018908417204,0.10748034844918214,0.0403902122292526,0.15983682698276688,0.20785051639883353,0.0157539150358832,0.009416593572126476,0.0012645866493989021,0.0007804378065948914,0.0024841213218830703,0.0018487625314641543,0.001995186892169798,0.0008898283206630664,0.2847339590118042,0.002668502442042909
rolling_rsum14_14_dist_to_nearest_contested_km_pastcov_lag-7,0.2437036998785502,0.27786765579082345,0.1390058444332577,0.2568230316155837,0.11258608953270409,0.09004851058935864,0.0701548921683638,0.004515069752121392,0.0013521300735060305,0.0017019888700029462,0.006313470429302526,0.0018234744039972383,0.0017222562786005202,0.0011065062105347634,0.17002710342980595,0.0026478422882950593
ewm_expdecay7_total_ru_area_km2_pastcov_lag-14,0.28880208538566526,0.3563602334142453,0.8758716631724748,1.2585719093033048,0.28332289041586095,0.6177618048511779,0.062027895168641906,0.0035845868343613364,0.0017113027797666103,0.0038581074359389953,0.002193670878167864,0.002497140406988052,0.00428797362312836,0.0003201729954847465,0.5346740688159101,0.0026361364219765664
env_weather_wind_gusts_10m_mean_futcov_lag-1,0.2990169628587828,0.08826233368174612,0.056040915914397346,0.08565451147919621,0.16789954846280516,0.08905269219968973,0.1283335975855216,0.006531886270106613,0.0005935107362443848,0.0056583514745855105,0.0008472192619577657,0.0016862583709486457,0.0016004331364607883,0.0013076398452900317,0.13060865174030556,0.002603614156513392
rolling_rsum14_14_act_drone_strike_on_rus_in_rus_nofpv_pastcov_lag-14,0.4304752884079663,0.5860148005581274,0.2790983176564828,0.22798978286085822,0.28018311314490074,0.4582261406712346,0.4341151183295475,0.005062998103043559,0.002642653427455022,0.0020433499903739216,0.0005644107781050955,0.0020032639592864276,0.0040181086707868465,0.0018579017141019838,0.3851575088041596,0.0025989552347361225
darts_enc_fc_cyc_day_sin_futcov_lag-2,0.08944942454764472,0.1258120305080048,0.2497751693433328,0.27706580235064165,0.24853796960598404,0.24811020650988772,0.19854096184611372,8.757070027283209e-05,0.006487088021710319,0.004422542874113811,0.002349150395211841,0.002349264722931066,0.001182763052497693,0.0012622642990133936,0.20532736638737278,0.002591520580821565
ewm_ewma14_dist_to_nearest_ru_km_pastcov_lag-1,0.11243961549476186,0.5477157246076458,0.5189357207809843,0.6426047894617817,0.29680835710546355,1.010580342567501,0.40757679677521275,0.000630966936369326,0.0019391178946264853,0.0018304535419876532,0.003557165218974245,0.0020717224924100552,0.0052801994582009956,0.0026973616692562265,0.505237335256193,0.0025724267445464267
ewm_ewma14_act_drone_strike_on_rus_in_rus_nofpv_pastcov_lag-7,0.4619918639228412,0.503001535591633,0.9262803545265813,0.8660980114099613,0.48867178147191825,1.1595158683548308,0.7458853512394978,0.0021446671033787056,0.0031847383842125154,0.0048664551299554045,0.0012066750773786605,0.001298164656392342,0.0034148809142700463,0.0018735820681846428,0.7359206809310377,0.0025698804762531884
darts_enc_fc_cyc_week_cos_futcov_lag3,0.2693831254167757,0.20213209746367233,0.43208287439188436,0.3210126406623363,0.12398252199739529,0.26545127008092995,0.1332307417243966,0.004586310457662468,0.00118815074314238,0.0022903683039029897,0.0029840959720999426,0.0020864034263230026,0.0029700103212733308,0.0018543049855107574,0.2496107531053415,0.002565663458559267
darts_enc_fc_cyc_dayofyear_cos_futcov_lag2,0.40393190361999526,0.34124224700130423,0.21876863726085535,0.4804432944643383,0.511391886539289,0.18107777810356643,0.21279687795261612,0.004253078395076914,0.002190741391439888,0.0011947995680243518,0.0031376188782234584,0.0029630952124500842,0.0013850277497431617,0.0025908363250552345,0.33566466070599493,0.0025307425028590134
env_weather_pressure_msl_min_futcov_lag0,0.37994223955264694,0.3705796127475946,0.03543992112412551,0.3350076429624099,0.13609712172661118,0.2534118292763593,0.07420355817538075,0.00046848004137096667,0.00744891034102908,0.0005515604537992047,0.004281482487584398,0.002472055420607111,0.0020323040292802076,0.000434197907655709,0.22638313222358977,0.002526998668760954
env_weather_wind_speed_10m_mean_futcov_lag-2,0.1472586380652189,0.11998327312329381,0.09744276516910137,0.40682834901353443,0.187634694322222,0.27521641405548836,0.39279479766483316,0.0019569898277960853,0.0042997337973420535,0.0009206940688809562,0.004331425425136514,0.0017373376826880006,0.0013795990992844897,0.002920956848352896,0.23245127591624173,0.002506676678497285
darts_enc_fc_cyc_week_sin_futcov_lag0,0.37807400134558017,0.2093433658093828,0.267076278859361,0.09871077911050287,0.14574228670068284,0.031317209619604665,0.234331630013817,0.006514539611489556,0.0015371121424760936,0.0021949956155720594,0.002853125633943643,0.0019225163249159349,0.00018054971013290456,0.002322568932999336,0.19494222163699018,0.0025036297102185036
env_weather_pressure_msl_max_futcov_lag-1,0.33076882421239107,0.1744937352912772,0.835777158275914,0.27921317237883314,0.10202029660655992,0.0734244208824598,0.3064736800527595,0.00445336674816339,0.0016386576881302294,0.004216527377732082,0.00025734335505622763,0.0027585832180804237,0.0011787291171073688,0.0029987872476163746,0.30031018395717063,0.0025002849645551564
darts_enc_fc_cyc_day_cos_futcov_lag-2,0.1276516561496827,0.2613515711072586,0.2318214129905943,0.12893669087542645,0.18894065981293548,0.08904357269263694,0.18819496681059306,0.0014809874844578853,0.0032221298779643304,0.0018777583837783496,0.0012374388976711837,0.0020217229128667745,0.0019921888410405542,0.005457853317573669,0.1737057900627325,0.002470011387907535
darts_enc_fc_cyc_week_cos_futcov_lag1,0.19241453180752763,0.07061381769386334,0.33273521936147715,0.3923758213902559,0.3028664056327447,0.26188470669899555,0.2800073811719736,0.0016046019849429217,0.0006044866226481372,0.0037449216237277483,0.002502040462330024,0.003733395448790211,0.002111950343640201,0.002978831902671697,0.2618425548224054,0.0024686040555358486
env_weather_wind_gusts_10m_mean_futcov_lag-2,0.1317975931866398,0.38171637914607576,0.08203689211525111,0.12101134228632367,0.06585194390268427,0.228563489606362,0.15981950348123056,0.0014640225931189966,0.009020969846047788,0.0008138856549799511,0.0006797082324738523,0.0013080460531693428,0.000965051189455135,0.0029047472588932034,0.16725673481779532,0.0024509186897340384
rolling_rsum7_7_com_diplo_bluesecondary_ua_pastcov_lag-1,0.04572862234391269,0.035836086438354176,0.10497671379380202,0.09525761592118397,0.19367358640209628,0.37692850236298264,0.2898392246332049,0.00034916353763707607,0.0016544592803733106,0.0006154739852382241,0.0012556320182060432,0.004095422875784971,0.004255619269773825,0.00488562682258824,0.1631771931279338,0.002444485398514527
rolling_rsum14_14_dist_to_nearest_ru_km_pastcov_lag-7,0.19952055850724487,0.1651861005507817,0.6558645167974054,0.04517965814834867,0.42259853101934525,0.5422616628219173,0.40068744708114507,0.0010572317504871308,0.0012258259986899444,0.0008300894564240435,0.00359445846509483,0.005165776302644009,0.0018285775035824735,0.00291317428043405,0.34732835356088404,0.0023735905367652113
env_weather_pressure_msl_max_futcov_lag-2,0.11964903414464863,0.6122363093376849,0.2382655213287232,0.13296153371217656,0.09201921586183708,0.1713069983704551,0.4798248705322454,0.001385160243639727,0.0039059063311812415,0.0021851152615493196,0.0017495980129951239,0.0006202455027049635,0.0015000190916278466,0.005244091755469649,0.2637519261839673,0.0023700194570239813
ewm_expdecay7_com_aid_humanitarian_pastcov_lag-14,0.20955961793584368,0.09765893927833617,0.3781019491910023,0.22861376749758672,0.23762962698172868,0.12936958620367764,0.06193417770050009,0.0015736587001578205,0.0009731186176304751,0.0052997664918229105,0.00511567713855221,0.002702265100681567,0.0005321239534739286,0.00026278005991977607,0.1918382378269536,0.0023513414374626692
ewm_expdecay7_com_aid_humanitarian_pastcov_lag-1,0.03676968764795393,0.2460360565452956,0.258948697486312,0.08499718065131472,0.08411039216344417,0.14570060128497728,0.7701073331985167,0.0003428143951135887,0.0022135967151852842,0.0021200153896092644,0.001977055943009498,0.0018590183599304978,0.0014581134667955408,0.006381269493259079,0.23238142128254488,0.0023359833947003933
darts_enc_fc_cyc_dayofweek_sin_futcov_lag2,0.12794487361863724,0.12385097523942779,0.18749306850565622,0.2926908002098818,0.17073330043853274,0.3145570789779191,0.10314892465215891,0.002095233190525092,0.0034340636567101513,0.001943805069753668,0.0016998781017236952,0.00350395510743986,0.0019018807640152735,0.0015628313597405795,0.18863128880603056,0.00230594960712976
ewm_ewma14_com_diplo_bluesecondary_ua_pastcov_lag-14,0.25735652023010563,0.05043670688320347,0.41034313446706155,0.15097149252504144,0.20470166669369683,0.2058856267980837,0.1356343091617852,0.003027110379665099,0.0005268006125658253,0.002819866660984083,0.002696741413822923,0.002811826631285763,0.002297512545386682,0.0017826328549346514,0.20218992239413972,0.0022803558712350034
rolling_rsum7_7_acled_other_rus_shelling_artillery_missile_attack_pastcov_lag-1,0.038900431707801324,0.04307206313087788,0.09587915522942315,0.00857892999986096,0.06406701707472151,0.06749081387551391,0.10957353129712304,0.003009736902196436,0.0019309958249355663,0.0005967714360936461,0.0009259211316749117,0.0035691487735020067,0.0033587453650534504,0.002459187265904905,0.0610802774736174,0.0022643580999087034
darts_enc_fc_cyc_dayofyear_sin_futcov_lag1,0.20237246938065967,0.11795570839458488,0.3619705875593543,0.19689810750543835,0.16184793097982,0.19955399016455555,0.08287982035365792,0.0008543649869291236,0.0021513943061520326,0.0021754254935192783,0.0029360398249635767,0.004002031786736549,0.0021815323777294006,0.0013702863500558494,0.18906837347686722,0.002238725018012259
ewm_ewma14_acled_other_rus_shelling_artillery_missile_attack_pastcov_lag-14,0.03262283685768288,0.17855959078939151,0.05538149779475473,0.09695808499500055,0.19813902861621135,0.1458627553914876,0.03820853172796239,0.0020180931532230552,0.0021154455636049007,0.0013271622692558438,0.0045711905306969666,0.0038263180326260303,0.0016156857295933635,0.00016007564314433065,0.106533189453213,0.0022334244174492127
darts_enc_fc_cyc_month_sin_futcov_lag5,0.12771389387145596,0.14762894084298256,0.17590969974315365,0.15916104348937699,0.15775256939618615,0.13633537576817747,0.11536886839498747,0.0018460669976466005,0.0026453097012561376,0.002869423856556508,0.0018249464261851367,0.0030731123033331587,0.001109595363300464,0.00217887454799226,0.14569577021518862,0.002221047028038609
ewm_ewma14_com_diplo_bluesecondary_ua_pastcov_lag-7,0.04955854143103561,0.1443372683123663,0.10039316426141395,0.11819156709272559,0.10923335075911804,0.189297252617017,0.10032023040668288,0.0007835889140306307,0.0029462593777623836,0.001961670205380939,0.00047574010714510615,0.0017083275234217154,0.004592229183119123,0.003003654086730556,0.11590448212576564,0.0022102099139414935
ewm_ewma14_dist_to_nearest_ru_km_pastcov_lag-7,0.4356651200151529,0.4999211983508364,0.5942097202162675,0.2928759771289586,0.6020277635745536,0.2566761345343364,0.6380976126402463,0.0036053371750465633,0.0016712228108739292,0.0007425387465729739,0.0019917006484271526,0.0021888466518691363,0.0018979295739408597,0.003238448147422113,0.47421050378005025,0.0021908605363075324
darts_enc_fc_cyc_dayofyear_sin_futcov_lag-1,0.16816980109253962,0.15021577088932778,0.14948654839724246,0.1652602283515744,0.07429321828557049,0.07672290919455664,0.23019043015260726,0.0052095130029374825,0.0012706577870252645,0.0017580434401179845,0.0007513699352056369,0.001615651383931338,0.000308270946172029,0.004344274731324082,0.14490555805191693,0.002179683032387688
rolling_rsum14_14_act_drone_strike_on_rus_in_rus_nofpv_pastcov_lag-1,0.1652443386928653,0.34547815252223796,0.52277865907168,0.297694218258607,0.7446789596772349,0.03445837910321008,0.47131262493006865,0.00022464272590443367,0.00390518123630883,0.0037756969008283293,0.0018448887888403043,0.003123689577652344,0.00024362441205729723,0.0019418742179914794,0.36880647603655775,0.002151371122797574
darts_enc_fc_cyc_dayofweek_sin_futcov_lag-2,0.0740579955955122,0.10495629213224761,0.22244013687915234,0.19633247503488926,0.08804624727368289,0.2913437359703225,0.13266541531289877,0.000807283236164702,0.000916642643799892,0.0017348021489900667,0.0017944185563774306,0.001357099948308149,0.0054794207457278254,0.0028341672208383574,0.15854889974267225,0.0021319763571723467
env_weather_wind_speed_10m_mean_futcov_lag0,0.6109992526596961,0.26928200943078223,0.3020622243282587,0.037968158676018625,0.1533400422197894,0.06714147430332443,0.16060933086474824,0.00449375224854689,0.003951736255203464,0.001832777916563022,0.002067667709285792,0.0010976141251148874,0.0006942121687978364,0.0007613276629028443,0.22877178464037398,0.0021284411552021055
env_weather_soil_moisture_0_to_100cm_mean_futcov_lag1,0.30398604661421413,0.4224922729187277,0.25190142015596206,0.05821922730247758,0.021421748472070443,0.20385746769774862,0.33907199238634667,0.0016542785971065844,0.0033637777301934292,0.002877779357890531,0.0014720110782661556,0.00019615731450315366,0.0008481103887934216,0.004423515303648595,0.2287071679353639,0.0021193756814859815
env_weather_wind_gusts_10m_mean_futcov_lag1,0.24931517716094972,1.1709250365161883,0.16565634041506305,0.169003467519316,0.05565936273066255,0.04378940043488568,0.0802833663345154,0.0018758219344265025,0.0005055116761228051,0.0025070948255101477,0.0026672244752231843,0.004881536566666145,0.0017185462358402903,0.0006681835056776108,0.2763760215873687,0.0021177027456380977
env_weather_pressure_msl_max_futcov_lag0,0.42879809255125384,0.07624791147528237,0.19616341084571456,1.2837964899135232,0.15544455384469716,0.07160085132077577,0.1126033140197111,0.0055932319424343065,0.0021382760955069415,0.00020078045325009342,0.003326560725968597,0.0017054069553585683,0.0008416281901513889,0.0009808950838255948,0.3320935177101369,0.00211239706378507
env_weather_soil_moisture_0_to_100cm_mean_futcov_lag2,0.3078371260938044,0.4510961999531854,0.3060552563012358,0.1927761969101696,0.4520447634729377,0.38985544134583305,0.434126794523709,0.0018448328372346668,0.00208026124376004,0.002590283626599965,0.0005695475785123083,0.0037344580022962816,0.002257990419533051,0.0016423096113275415,0.3619702540858393,0.0021028119027519795
darts_enc_fc_cyc_week_sin_futcov_lag6,0.23512754147950132,0.2975354374618299,0.2022327196692241,0.02083202407604355,0.1157414673395835,0.22773911121805268,0.0221153539492275,0.0036492747553094284,0.004910211964706446,0.001380340076090092,0.00027435819613228494,0.0019043625250410035,0.0017686704183800472,0.0008179357936682674,0.1601890935990661,0.0021007362470467955
env_weather_pressure_msl_min_futcov_lag-1,0.231636753189808,0.07226882823605672,0.04977950308922487,0.156667086910509,0.10524185842597532,0.2162759042069119,0.12404356960096068,0.0036882023615775195,0.005243138705155359,0.0014797159889361033,0.0004166723389882776,0.0012869371691851539,0.0010061527998929786,0.001530756764169494,0.13655907195134948,0.0020930823039864124
rolling_rsum14_14_dist_to_nearest_contested_km_pastcov_lag-1,0.2323846508537255,0.29274809106694993,0.12440559234594763,0.171186770820752,0.05736713428622133,0.24445845934524615,0.2554870828372414,0.0022921062730315357,0.0021277489971457397,0.0019253794850486727,0.002955929375353561,0.001709776825429099,0.0010551958864767786,0.0025152417341100185,0.19686254022229774,0.0020830540823707725
env_weather_soil_moisture_0_to_100cm_mean_futcov_lag3,0.3800520269774435,0.21993094242157377,0.32110315292586633,0.45611886002929203,0.1736631801093737,0.18795761943510716,0.17674596922663172,0.0019491596021608659,0.0004785128191352461,0.0027874134473323763,0.003681186842819373,0.0012338232679909966,0.0016406581944930164,0.002721600748811692,0.27365310730361264,0.0020703364175347952
env_weather_soil_moisture_0_to_100cm_mean_futcov_lag6,0.3794877103385095,0.3332785489905404,0.15435283816981268,0.5827095129817244,0.47016540142493213,0.17760380154103309,0.44426455276353344,0.0020452181128319813,0.002049912757756789,0.0013597150655626944,0.0029892772023217386,0.001942494985968768,0.002672183683039497,0.0012751681555066563,0.3631231951728694,0.002047709994712589
ewm_ewma14_com_diplo_bluesecondary_ua_pastcov_lag-1,0.19161419694680507,0.27108539971022133,0.2534083768428541,0.09341676843927929,0.23916819927332678,0.25044113304568605,0.14106177876008533,0.0015725155403063518,0.0022926293906963434,0.0016331060661945562,0.0012183851432069793,0.0018355124849377847,0.004071742338461348,0.0013436862584595755,0.205742264716894,0.001995368174608991
rolling_rmean28_28_acled_other_rus_shelling_artillery_missile_attack_pastcov_lag-14,0.11103557903238338,0.03837030762075189,0.06807997673562317,0.0501355857313365,0.06530973748008469,0.3449259646148637,0.5408399096782711,0.00029707347534446704,0.0006387470762929226,0.00025027282934519945,0.0017756109053180592,0.002851973864856738,0.004764740302233705,0.0033269835544924575,0.17409958012761637,0.001986486001126221
darts_enc_fc_cyc_day_cos_futcov_lag-1,0.3432900952072804,0.18354598485872475,0.19380189501626702,0.17359642853516774,0.09987411371673152,0.30109614694308323,0.08441618129299332,0.0021109336491741404,0.0025793285616566354,0.0010192088848269387,0.0023093233680065105,0.0015315177481014298,0.002516797113865499,0.0018241312762811157,0.19708869222432113,0.001984462943130324
rolling_rsum14_14_dist_to_nearest_contested_km_pastcov_lag-14,0.14301217766112326,0.029617466691322033,0.15523205068160512,0.15447434444752536,0.1661644019441311,0.10886710192772404,0.018192281915404312,0.002645832058457409,0.00081762463773134,0.0009785851563111736,0.003314997601292502,0.0041709325672453,0.0016260198199549158,0.00018527554079050823,0.11079426075269075,0.0019627524831118785
darts_enc_fc_cyc_dayofyear_cos_futcov_lag3,0.23724725684704234,0.37033162224063804,0.34390084448976793,0.1260544563924747,0.13413130568777143,0.1658733616210967,0.2145640285255861,0.0005932116878126559,0.0032050599641504584,0.002609873179396005,0.001146775456825222,0.0015424828489876141,0.0017351314027456155,0.0028785525999425856,0.22744326797205391,0.0019587267342657364
darts_enc_fc_cyc_day_cos_futcov_lag1,0.489759702455051,0.2813198743648515,0.26929560798508345,0.056586663662574074,0.0028425120880312,0.08463081139994238,0.12627507735119647,0.0022067756325432784,0.0060092021601086286,0.0021049247142835847,0.0008237754723913193,0.0002538589467644847,0.000865932090559296,0.0014125136081231116,0.18724432132953286,0.0019538546606819576
darts_enc_fc_cyc_week_cos_futcov_lag6,0.3525012156527507,0.24511302216341632,0.14458839488364375,0.07254212751666397,0.13463601317287036,0.08549703261161436,0.23566761685993107,0.003465971335320961,0.002588781220527148,0.0009025751349152289,0.0018835710267773198,0.0015353095632391288,0.0008798706240973342,0.0021568546809277002,0.18150648898012722,0.001916133369400689
rolling_rsum14_14_act_drone_strike_on_rus_in_rus_nofpv_pastcov_lag-7,0.12164448411279186,0.243522679453787,0.03698119542191096,0.6449195375895067,0.2018770781022431,0.7465479146052824,0.44496562865861405,0.0011607095313462378,0.0009922030349369005,-0.00017338839616414247,0.0019467291225776285,0.003875207564409644,0.00402457668023295,0.0012815698359555316,0.34863693113487654,0.0018725153390421073
rolling_rmean28_28_dist_to_nearest_contested_km_pastcov_lag-1,0.19117988926776663,0.12775322849927354,0.25885860134376176,0.17296014260367532,0.26686460447901844,0.2375088758182261,0.18111858416812768,0.0016947274406938773,0.0021820401664468967,0.0014708108113892226,0.002220419375667326,0.0009522732959300839,0.0016874118193356048,0.002365950111202708,0.20517770373997848,0.0017962332886665314
darts_enc_fc_cyc_dayofweek_cos_futcov_lag-1,0.1811828132318831,0.5488650449005293,0.0773581919055415,0.06215125405715093,0.12881282597734484,0.09288256614040198,0.07528272554321876,0.002146219835290464,0.004906248344615283,0.0013734785701321472,0.0015005508465794515,0.0007572654219661246,0.0005432670298457954,0.0013180073985357365,0.16664791739372434,0.001792148206709286
darts_enc_fc_cyc_dayofweek_cos_futcov_lag6,0.030085671295287265,0.4292269748826704,0.04607410795736923,0.04281025737392045,0.13514473932809926,0.0,0.10103034785453044,0.0008755399045417445,0.0041612151436811965,0.0005996923872297443,0.0016706174768128302,0.0018732993767214712,0.0,0.0033081090702117956,0.11205315695598243,0.001784067622742683
darts_enc_fc_cyc_week_cos_futcov_lag0,0.309106988182692,0.4926560782570525,0.22983166489722484,0.24529948697860435,0.12222950786092819,0.142801469807714,0.34058454336764565,0.0012625313269490235,0.003898792062000189,0.001717555880181143,0.0022073351356462156,-3.983369804021475e-05,0.0006360277998157082,0.0022958351211654015,0.2689299627645516,0.0017111776611024952
act_drone_strike_on_ua_target_lag-2,0.006335282892974126,0.10548712002631556,0.006640575324864811,0.1654297909038901,0.027346422820216508,0.06708577181325848,0.03253185853678735,-2.849261638588896e-05,0.003692456552893808,-8.008666705028311e-06,0.0015886359255220083,0.0012672523705077987,0.004685067271052579,0.0007098089339306445,0.05869383175975813,0.0017009599672594172
darts_enc_fc_cyc_day_sin_futcov_lag6,0.05428955731693065,0.15801690525831946,0.20527874932888832,0.205087818857118,0.27242417724204143,0.061631585067004245,0.12524984122462557,0.0005859631468234427,0.0012799807024210352,0.002229539119431534,0.001797189562809587,0.002053963114567714,0.0011546742145009282,0.0025486817813415107,0.15456837632784684,0.0016642845202708217
darts_enc_fc_cyc_dayofweek_sin_futcov_lag-1,0.09625319196055941,0.1459954410583843,0.20540313361339468,0.34836338911353676,0.12368507552482787,0.15165412410545165,0.15089374807694259,0.002775389425483743,0.00027652480153257387,0.0010499597249213454,0.0026575835983499775,0.0012091601198196856,0.0020878953381798793,0.0015822273560885058,0.17460687192187102,0.001662677194910816
rolling_rsum7_7_acled_other_rus_shelling_artillery_missile_attack_pastcov_lag-14,0.09418992956424249,0.050656555602855195,0.04360319232143014,0.03929183734719341,0.16346694871564554,0.06929114627130753,0.07724002174877113,0.0026427881744417016,0.0003379922467556806,0.0004439379142193056,0.0024409268542747277,0.001851127049329393,0.0011617258230618877,0.002755961851161404,0.07681994736734934,0.0016620657018920145
darts_enc_fc_cyc_week_sin_futcov_lag-2,0.31603530865620993,0.2702109957532651,0.24166969729536428,0.24708364436450694,0.013232517228680017,0.010758723410212072,0.22791009333977338,0.0023066736728750924,0.00205131309745743,0.0010031418170953765,0.0017293183866076145,-1.725244201276066e-05,7.544657612015281e-05,0.004220474645118566,0.18955728286400167,0.0016241593933230675
act_drone_strike_on_ua_target_lag-3,0.1483666358671645,0.05169885802116863,0.16238760169850236,0.0010495203781716773,0.04628741480431475,0.01381598440824758,0.00125481995985674,0.004471906235538614,0.0008741100153941029,0.0025753705530769944,-1.553764486939002e-06,0.0032512384879783917,0.0001477635299950375,3.4268342548049446e-06,0.060694405019632316,0.0016174659845358582
rolling_rsum7_7_com_diplo_bluesecondary_ua_pastcov_lag-14,0.050368969589148375,0.20569394008346684,0.06295500164221984,0.1925459034118704,0.4638939084039276,0.3811608668397525,0.1597333026789666,0.0013912642754622339,0.0012651683802350267,0.0007328866042788151,0.0011759108076787816,0.0038095796143542415,0.00170745935122667,0.0011783304627029478,0.21662169894990746,0.001608657070848388
darts_enc_fc_cyc_day_cos_futcov_lag0,0.43342939169115435,0.1215148853263328,0.018487033406348236,0.06613700599133816,0.20724303880423836,0.06747721293939202,0.1256180430707338,0.005524953550549961,0.0014736932546918658,8.070287800636678e-05,0.00013005119566471545,0.0017117060182922695,0.0016423724245021142,0.0006504290665602985,0.14855808731850542,0.0016019869126096557
env_weather_pressure_msl_min_futcov_lag-2,0.05436631470536394,0.08665777860344576,0.04673932965940002,0.029726005945099134,0.02301877227739728,0.2271324418992895,0.220257434150357,0.003869816395489223,0.0013943036981006519,0.0008823051036895401,0.0007808963404283498,0.000205915674478363,0.0018678654151323526,0.002194074232484655,0.09827115389147893,0.0015993109799718765
darts_enc_fc_cyc_week_sin_futcov_lag5,0.09058316953488915,0.08117140805419915,0.05926571633305455,0.24257051188667583,0.01758718434194692,0.08680679824647465,0.06013124738467306,0.005346691549658678,0.0022720532562958916,0.0005413249097949935,0.0017293275280093612,0.0003060903589019004,0.00027269390796649253,0.0006669053057450248,0.09115943368313047,0.0015907266880531917
darts_enc_fc_cyc_dayofyear_sin_futcov_lag6,0.054170775555075566,0.058157214052477625,0.08590281176736224,0.13599436482516453,0.07224680399000799,0.08984145590292988,0.08751263233254898,0.002896538304316687,0.000948239155815278,0.0020637070621148277,0.0013853134535808166,0.0014951229001874066,0.0010614886624963128,0.001133555337128378,0.08340372263222384,0.001569137839377101
darts_enc_fc_cyc_week_sin_futcov_lag1,0.09531885289917769,0.09657491314375927,0.33572276804704493,0.1221839345952292,0.04205258559493189,0.20119847428047843,0.21741754305449748,0.0017805833512653413,0.0015608888791865283,0.00199072760178729,0.0008956815900732051,0.0003287208515576845,0.0014426726946697777,0.002980831691892738,0.15863843880215983,0.0015685866657760808
darts_enc_fc_cyc_week_sin_futcov_lag2,0.1052356576502778,0.06302429917794782,0.19981948011269282,0.10461599003607697,0.13820163936777885,0.3432138681277882,0.08377465041960397,0.0017591705039883498,0.0008702333352357706,0.0036039160969558283,0.001178290978579488,0.0007304556474754476,0.0023357226059352643,0.0004908374460335541,0.14826936927030948,0.0015669466591719577
darts_enc_fc_cyc_week_sin_futcov_lag3,0.19803006946039448,0.06408967832338212,0.1272874487952665,0.15858770280791795,0.23403090624569348,0.14688565810757268,0.11576064183790062,0.0025913479826055407,0.0009499955325737331,0.0010107453198953565,0.001226336019894836,0.0028625678122250918,0.0014111455333850609,0.0008160538562056452,0.14923887222544682,0.0015525988652550376
ewm_expdecay7_dist_to_nearest_contested_km_pastcov_lag-7,0.09507618755334245,0.6776269554808834,0.12151751586581104,0.07775963066270528,0.3640796810670145,0.0549525760419031,0.1129175827415408,0.00045422270407422525,0.0035908151938365495,0.00016445315471156353,0.0008258865526643788,0.0027160101364703815,0.0008524096620634358,0.0021984525391526067,0.21484716134474294,0.0015431785632818772
darts_enc_fc_cyc_week_cos_futcov_lag-1,0.2906636199471288,0.23436818971595336,0.2525271932020682,0.20895212606555777,0.22391958185044986,0.17540144267544114,0.3648327658653726,0.001876464664688071,0.001312862814787774,0.0019521029245254118,0.001179449835843127,0.0010635429257852991,0.0009702103309828347,0.0023559875329668633,0.2500949884745674,0.00153008871851134
env_weather_soil_moisture_0_to_100cm_mean_futcov_lag0,0.27490466425100113,0.25932556156548103,0.17672851669747872,0.08874142180379317,0.11457865974102004,0.3309303663034283,0.16849329195434803,0.0024655365344758316,0.001716259244052476,0.0009620141541455407,0.00104674721278617,0.0020940587778866425,0.001589551240273246,0.0007814915887021989,0.20195749747379294,0.0015222369646174436
darts_enc_fc_cyc_day_sin_futcov_lag3,0.04441880674881785,0.2090396990635448,0.13702514838687926,0.006449378481088291,0.06956710699473952,0.21668731942231823,0.2973959279541476,9.573605842576605e-05,0.001819115960011697,0.0007354854804226152,7.871900253124675e-05,0.00014223217550015654,0.0028269405105158405,0.004839495928206072,0.14008334100736222,0.0015053893022304848
darts_enc_fc_cyc_dayofweek_sin_futcov_lag4,0.025983754638580943,0.2636291019130613,0.10021618908767961,0.02839405813285472,0.2977547396303935,0.02361202426306997,0.12054319193600306,0.0009206194736454121,0.003408641545156099,0.000861427803624748,0.0012763512351412043,0.0016878753328102292,0.00019581509528390217,0.002092883324497752,0.1228761513716633,0.001491944830022764
rolling_rmean28_28_dist_to_nearest_contested_km_pastcov_lag-7,0.09147695112433311,0.024420570123032483,0.10465793128143129,0.22494886434366515,0.0634792634678834,0.1062793582343914,0.042316703139232054,0.0016247409774986065,-4.887290413340129e-05,-2.149935266408942e-05,0.0024353362193135107,0.003743041175689088,0.002386501249579109,0.00030874742661930467,0.09393994881628129,0.001489713541700304
env_weather_wind_speed_10m_mean_futcov_lag-1,0.17161879125266802,0.11831014385964836,0.21514913840690522,0.11729116170972773,0.17549286976798997,0.17837618267240923,0.11346161288134658,0.0007327176274139147,0.0007947819120340816,0.003830833238635978,0.0013947592298687805,0.0008858005284200666,0.0006005416143430642,0.0019182910408415798,0.155671414364385,0.0014511035987939235
env_weather_soil_moisture_0_to_100cm_mean_futcov_lag5,0.15812760007369456,0.3636024998091721,0.22820070153118732,0.08296280016849336,0.26166894257584955,0.18611383990603095,0.3440602228844112,0.001093388752224822,0.0016830656479267514,0.0011617425214818678,0.0009096755858873706,0.0024126876463399726,0.0015027556737627012,0.0013539628671985326,0.23210522956411986,0.0014453255278317168
darts_enc_fc_cyc_day_sin_futcov_lag4,0.029262203490049384,0.08664368693071925,0.35611855503196255,0.07073384512941402,0.08977116700994814,0.20777866659076122,0.1624635725369719,0.0005499831091019258,0.0008295648019465585,0.0019954132881556674,0.00023046626866087827,0.0010666507073573196,0.0014773604265387653,0.0037620986733470697,0.14325309953140378,0.0014159338964440263
darts_enc_fc_cyc_dayofyear_cos_futcov_lag1,0.16726352498352973,0.09220062020383603,0.5050486717756947,0.058770534815230514,0.07901090227013974,0.327668067666011,0.32515794135329856,0.0015821197554600763,0.0010332277516043931,0.0026269735231675417,0.00010065986667295856,6.957907542344266e-05,0.0021071181242620753,0.0022471869047384187,0.22216003758110575,0.0013952664287612722
ewm_ewma14_act_drone_infra_ua_residential_intent_pastcov_lag-14,0.7021108507514878,0.16149868666431275,0.060323236592378586,0.14730441241432102,0.0979799832167824,0.02432107934306668,0.18298166402486568,0.003363136258947419,0.0004913242090791581,0.0011278338844644908,0.0014336978671079415,0.002081697902099089,0.0010077705081709353,0.0001343756172745625,0.19664570185817354,0.0013771194638776566
ewm_ewma14_act_drone_infra_ua_residential_intent_pastcov_lag-1,0.17059267142154835,0.09891441416052862,0.2151035134787106,0.18479012455151664,0.2863410208399312,0.10930279805903398,0.1444409604623371,0.0009169075121960857,0.001153066360743793,0.0020246408205095044,0.001160141304062634,0.0021761898655775712,0.00035830678983002074,0.0016489493725946104,0.1727836432819438,0.0013483145750734602
darts_enc_fc_cyc_week_cos_futcov_lag5,0.24741926525734148,0.23465073618654933,0.05508450769878617,0.1365272895728589,0.24187664546644486,0.22951281792767905,0.09421691610270586,0.0021238285335394734,0.0023820256335280064,0.0011763160379233638,0.0009146816471687913,0.0013858369168524344,0.0005774867386871385,0.0007878729274525487,0.1770411683160522,0.0013354354907359652
rolling_rmean28_28_total_ru_area_km2_pastcov_lag-14,0.692791471724459,0.7969800152497559,0.8562548208729389,0.5370813997618598,0.33463639766619757,0.7346942415564855,1.011015054127381,0.0010244349907078342,0.0012108156016724214,0.0018404012145716963,0.001978204012636242,0.00022615701028836366,0.0005163244111527244,0.002520943822922561,0.7090647715655826,0.0013310401519931205
darts_enc_fc_cyc_dayofyear_cos_futcov_lag-2,0.1423596164730958,0.13464165654963964,0.2107140440874669,0.443769549102738,0.1755069781263937,0.32699899519802855,0.3353890845040266,0.0014196232677131215,0.0007774871377322912,0.0016583405864160738,0.0024251280590956714,0.0005191928378271759,0.0016883835888773513,0.000817553850543673,0.2527685605773414,0.0013293870468864797
darts_enc_fc_cyc_month_sin_futcov_lag3,0.043504820873130734,0.11608200986653443,0.20866160887605736,0.08332910774033626,0.10038949967750292,0.06748769907465252,0.08219291852253262,0.0001861001946710239,0.000851213959558117,0.004052694405012036,0.0013537428384127193,0.0009087623890282615,0.0014067565692928996,0.00043885372113678934,0.10023538066153527,0.0013140177253016924
darts_enc_fc_cyc_dayofweek_sin_futcov_lag1,0.03083006728798178,0.2488119409158726,0.09126097515610573,0.180488940646382,0.06961696071650239,0.17449206707937467,0.11464642669324482,0.00022401102666451677,0.0026385292562410177,0.0005786870613569306,0.001065358693316676,0.0016821009783808184,0.0015771106620469544,0.0013162107016528423,0.13002105407078055,0.0012974297685228223
darts_enc_fc_cyc_month_cos_futcov_lag-1,0.199641124523337,0.029279181069901038,0.07451034059938459,0.05933718542803635,0.07579296078191608,0.0474475506632883,0.03956643696935506,0.0026570665842371223,0.0009211145122384412,0.0007621320740688997,0.0010971198802275373,0.001531418884900848,0.00016745166473526308,0.0012142134630141355,0.07508211143360263,0.001192931009060321
ewm_expdecay7_dist_to_nearest_contested_km_pastcov_lag-14,0.09975183042292761,0.1673395424923907,0.20586156376913883,0.18990523672519322,0.2709610454079407,0.20880907435353016,0.15027017106291626,0.0015253370667503096,3.6505956642307603e-05,0.0006493482838639597,0.0020874662777786933,0.0011086428469759824,0.001109140057758129,0.0015713090571974452,0.1846997806048625,0.0011553927924238324
env_weather_soil_moisture_0_to_100cm_mean_futcov_lag4,0.2708620750931065,0.09913616846739187,0.22347926022005707,0.1970764972038202,0.2628830334920433,0.36477598252004734,0.266684289315303,0.0015606604362732091,0.00021916637096008884,0.000800418493536914,0.0011756186628872679,0.001752142100356502,0.0008440479808875301,0.0017310661964997863,0.24069961518739563,0.0011547314630573281
darts_enc_fc_cyc_week_sin_futcov_lag-1,0.03413016412872767,0.18259321330761807,0.04366336834204867,0.023516437930442575,0.01623100379999293,0.023354201382863267,0.03326620113967439,0.0018304699150641923,0.0029565836130150515,0.0008787997520574242,0.000472447244911689,0.00015456324839921987,0.0006464843334743397,0.0011337129214515462,0.0509649414330525,0.0011532944326247804
darts_enc_fc_cyc_day_sin_futcov_lag5,0.1984292286764807,0.11822202300578512,0.20356916092852437,0.23198657137904924,0.0028352382037152863,0.18895279304770057,0.06090951267957389,0.0011920170399967844,0.0007046516958999049,0.0008657321416714713,0.0018904278608670832,7.80487528560414e-05,0.0015588809679155879,0.0015702344362773734,0.14355778970297559,0.001122856127926321
env_weather_soil_moisture_0_to_100cm_mean_futcov_lag-2,0.2531959626966388,0.22782267118477653,0.44179756254924873,0.39087892760700715,0.128233594865229,0.16945520428687894,0.04649701046292812,0.0007711485209314084,0.0008645254151968373,0.0008879184253793194,0.0014992300281121862,0.000839332268993176,0.0022535283047178554,0.0006605013041205643,0.23684013337895818,0.0011108834667787639
darts_enc_fc_cyc_dayofweek_cos_futcov_lag1,0.044695360693269244,0.04608072516779571,0.0329365393120485,0.288957619779554,0.0561375645752216,0.16192343566205408,0.16408365483202117,0.0008641297276765769,-0.0002371374130381021,0.0011467076655117038,0.00247306147238231,0.00038566470945646805,0.0013717976775418084,0.0017137016231629776,0.11354498571742347,0.0011025607803848204
darts_enc_fc_cyc_dayofweek_sin_futcov_lag6,0.08435811865361935,0.18803916416602864,0.21048599401206172,0.17804125986609057,0.18562706136060023,0.13930849258516673,0.14657153443162027,0.0009569894417820413,0.001401042862135027,0.0011942221842837996,0.0011561596916981553,0.0004742123533300058,0.0008813358808622329,0.0013111249726751816,0.1617759464393125,0.0010535839123952061
darts_enc_fc_cyc_dayofweek_cos_futcov_lag2,0.2044657565212272,0.14271438329183703,0.10861969776571564,0.04283152851891523,0.11677127782081383,0.12343507334706387,0.08775293539615438,0.0025444241987804704,0.0001414340184827445,0.00016180907141667423,0.0011909336083235854,0.00042681830166297897,0.0013272201605954547,0.0015064646358438738,0.11808437895167531,0.001042729142157969
darts_enc_fc_cyc_dayofyear_cos_futcov_lag4,0.0,0.02263728960573234,0.4624877590516553,0.1145105811000611,0.07303485806124403,0.3234567474058119,0.5051452825918876,0.0,-8.632797307603913e-05,0.002303372519764668,0.0004322502768388414,0.0002049880209910926,0.0014661485063496293,0.0029518910694473544,0.2144675025451989,0.0010389032029022207
darts_enc_fc_cyc_week_cos_futcov_lag-2,0.11363405521371713,0.14347394454773804,0.06540123251992813,0.11131321863797371,0.1915946305403692,0.12998474454498754,0.12975287693567833,0.0009259265197311794,0.0017374686394718176,0.0006514908147809528,0.00015160765663975174,0.0013925325399413602,0.0007829177978892377,0.0013081424683243138,0.12645067184862743,0.0009928694909683733
env_weather_soil_moisture_0_to_100cm_mean_futcov_lag-1,0.4225532881126273,0.05645271112321444,0.1903828337918553,0.14033277399904273,0.06230871130059146,0.09846563673960983,0.17092329384273455,0.0025961507025704213,0.00025776061329267906,0.0008440143030793212,0.001017859598429105,0.0008288674830426058,0.00039989225082810443,0.000752782034792987,0.16305989270138224,0.0009567609980050319
darts_enc_fc_cyc_dayofyear_cos_futcov_lag0,0.2552147505833296,0.04645002385028067,0.10932019526669962,0.08258025729690237,0.2896643851911175,0.03474447041173367,0.21523276136481231,0.0032629929023473723,0.0001253303824371832,-3.1862187065057056e-05,0.00013919973207394688,0.0005830753633302877,0.0005935896559609022,0.002017367240259471,0.14760097770926797,0.0009556704413348724
darts_enc_fc_cyc_dayofyear_cos_futcov_lag-1,0.08375391353616246,0.14186489815492226,0.15720178238696836,0.13268059316338848,0.20804175029557714,0.14413973992438883,0.120223836210668,0.0002498204969794582,0.0011370139513602994,0.0005711490188995416,0.0008569299688659937,0.0012424321158899464,0.001924252090044276,0.0005641663478338499,0.14112950195315363,0.0009351091414104808
darts_enc_fc_cyc_month_sin_futcov_lag-2,0.08151356017870481,0.04969970604666593,0.22484959439161195,0.06193337045533259,0.12301883457663719,0.2045806442970731,0.197812942700508,0.00019081800966227468,-0.00025049721782979264,0.000955776765431926,-0.0004578430315550497,0.0014892954189394513,0.0016915014264056838,0.00212679038362793,0.1347726646637905,0.0008208345363832035
darts_enc_fc_cyc_dayofweek_cos_futcov_lag5,0.09298163383006489,0.044266312590177395,0.20659148831761376,0.030950507086831978,0.03892557724362505,0.05177928915818325,0.07426176212991982,0.0009908181881656875,1.7307434671987032e-05,0.0021543161997299443,0.000375451105079172,0.0004372377270770222,0.00081997447480191,0.0007166038646791772,0.07710808147948803,0.0007873869991721286
darts_enc_fc_cyc_month_cos_futcov_lag-2,0.052346376279218156,0.19333857696183052,0.16154047247227846,0.18058720585316604,0.0047288000912319396,0.003384839170780954,0.03320839995791004,0.00116942994721827,0.0017633375960821374,0.0006022968499715287,0.0008738241208397169,0.00048263829689443316,9.045874009894206e-05,0.0005087829273383804,0.08987638154091657,0.000784395496920487
darts_enc_fc_cyc_week_cos_futcov_lag4,0.11685507521746391,0.21509913409194756,0.24711510056187486,0.397695807003942,0.3937829081195857,0.31555294755737195,0.2351474728610658,0.00011301175156523957,0.0016459915223621113,0.0005874040345201336,4.480725860320778e-05,0.0008124201823594968,0.0009629904396405875,0.0013008827997042839,0.27446406363046455,0.0007810725698221514
darts_enc_fc_cyc_month_cos_futcov_lag0,0.039617005977710916,0.12011428221956401,0.22182278595800684,0.06124368107012454,0.12879880083585946,0.021681460179348917,0.06526910183923686,0.0013587052065319404,-2.287449265190311e-05,0.0007588735905822652,0.0009630205355354749,0.0012082069735122269,0.00024465293437987424,0.0009396208799422156,0.09407815972569308,0.0007786008039760135
darts_enc_fc_cyc_month_cos_futcov_lag1,0.059230794331796725,0.13381757513068565,0.2128594896101799,0.1336056059318518,0.11858449636535373,0.17079595055441202,0.07042554446169429,0.0013243981676372973,0.00071265605010431,0.0014699870989871577,0.000800307451142035,0.00030282277752498034,0.0005741440246420648,0.000192193525083173,0.12847420805513915,0.0007680727278744313
darts_enc_fc_cyc_dayofyear_cos_futcov_lag6,0.2388698125172931,0.2616999526919783,0.16676393869218872,0.19726132422576526,0.3974762411955075,0.475451134544497,0.22860254027303673,4.952037368268769e-05,0.0020989462259554336,0.00047767790819406295,-0.0005470050440598229,0.001165859541075731,0.0016300864925895774,0.0003953231489999709,0.2808749920200381,0.000752915520919663
darts_enc_fc_cyc_month_cos_futcov_lag6,0.12433060891056255,0.213552373599137,0.012969348095795674,0.09304910400170242,0.1429243806456722,0.12207136373421053,0.12752993177911384,0.0008917833647443807,0.00267188022971685,-2.0420389603703626e-07,0.0011674014808242816,0.0005059202925650653,-0.00011660820241019554,0.0001285794910435012,0.11948958725231347,0.0007498217789411209
darts_enc_fc_cyc_dayofweek_sin_futcov_lag5,0.09153434729497545,0.03266683462396098,0.07871373370880073,0.09005763474233756,0.06619063788057092,0.08754041624549135,0.0450561847657634,0.0013778218613130333,0.000697560869951519,0.0009185040198691485,0.0004510840388047166,0.0007272493965438497,0.00033883196916284497,0.0005648462545143173,0.07025139846598577,0.0007251283443084899
darts_enc_fc_cyc_dayofweek_cos_futcov_lag3,0.06268756384421405,0.12920145568515234,0.059736799079752,0.12297024034941412,0.0,0.08050168483996463,0.059968954680674924,0.0009159480953778943,0.0006119973200321427,0.000140251542867742,0.0012283769184887605,0.0,0.0016969075718860304,0.00035291033077293753,0.073580956925596,0.0007066273970607867
darts_enc_fc_cyc_week_cos_futcov_lag2,0.22055619757299463,0.09608011567996985,0.41605572327339047,0.3111430932265305,0.08565945318597269,0.21348699354099554,0.053653851161119176,0.0014777670802851085,6.389585280035526e-05,0.0015003874353070267,0.001277025834729706,0.00032746232291962495,0.0007527001449618264,-0.0007416474408438844,0.19951934680585323,0.000665370175737109
darts_enc_fc_cyc_month_cos_futcov_lag2,0.02734846625142858,0.23099346019617006,0.017103264468829163,0.3154936793970476,0.08301158002791413,0.12061265142398678,0.02944388886890625,0.00047365615568288887,0.0007495189091727861,0.0003774648674447434,0.0016120784668098187,0.00014944750921495054,0.0009625334956829378,0.0003116975989795101,0.11771528437632607,0.0006623424289982335
darts_enc_fc_cyc_dayofweek_cos_futcov_lag0,0.07953751665933338,0.0633523405919231,0.30061878331919517,0.1509740872302168,0.11561194491728836,0.1522705995756319,0.003203608827483828,0.0007154257345110881,0.0007209293330422417,0.0009097678776930796,0.0002213373298331378,0.0005015210990809039,0.0016859283269598402,-0.00013022668013553673,0.12365269730301036,0.000660669002997822
darts_enc_fc_cyc_dayofweek_sin_futcov_lag0,0.08806395382116687,0.02113879463462511,0.12386432444817093,0.12573381381267817,0.029748045810825602,0.07953610047598687,0.06135965027054262,0.0005525747439666162,7.170303542682887e-05,0.0013237971220557033,0.001140177936650466,0.0006124930404775908,-0.00010756958847000231,0.0009974865128433708,0.07563495475342803,0.000655808971850082
darts_enc_fc_cyc_month_cos_futcov_lag3,0.17533353412383154,0.015884152149511856,0.09929688332019676,0.0,0.06604245009300286,0.18128422290114032,0.08831339645553948,0.0015936712422330412,0.0008732234439437159,0.00034078484067410206,0.0,0.0007548055212654558,0.0004516820211794226,0.000370300500630627,0.0894506627204604,0.0006263525099894807
darts_enc_fc_cyc_dayofweek_cos_futcov_lag-2,0.1812100681555527,0.0,0.13612661324952233,0.018931050779805586,0.0,0.07880570327028381,0.0,0.0009433227221125717,0.0,0.0024417158170727538,0.00011475933040001607,0.0,0.0008036290049526107,0.0,0.059296205065023484,0.0006147752677911361
darts_enc_fc_cyc_month_cos_futcov_lag4,0.06486090182473513,0.1282355817439307,0.040843940356336525,0.04665484993461197,0.04292361047964036,0.03142493557096275,0.09873121227151149,0.0006952609837387547,0.0010278005075983864,0.0004617780364787327,0.0006433081791309636,0.0003357093950791423,0.00017604158379671552,0.0009090614765604466,0.06481071888310415,0.0006069943089118773
darts_enc_fc_cyc_dayofyear_sin_futcov_lag2,0.06990536121366282,0.05816078649568344,0.06217068088567912,0.13523601751039807,0.05070663328740353,0.06212947645495187,0.02737220293550244,0.00016693874716906533,0.0013954027526402956,0.00016798219383609147,0.00036328258729763087,0.0010972323683532625,0.0005817927313050087,0.0003002097414951832,0.06652587982618305,0.000581834446013791
darts_enc_fc_cyc_month_sin_futcov_lag1,0.021585217300687312,0.08243239965342646,0.05296168903814957,0.0,0.026266877288560423,0.2236201201739155,0.010252916906239418,8.172547942431052e-05,0.0016305179535268666,0.0002449450862413993,0.0,0.0006357762056981465,0.0011435107696780022,0.0003085367829927854,0.059588460051568384,0.0005778588967945014
darts_enc_fc_cyc_dayofweek_cos_futcov_lag4,0.0,0.010501553703341465,0.13297595674805207,0.0,0.04224780905355632,0.02732967927691035,0.04968318134500489,0.0,0.00020950058855910835,0.0006999184152501447,0.0,0.0009851788290516916,0.0013592624020259292,0.0005215539804140246,0.037534025732409305,0.0005393448879001283
ewm_ewma14_act_drone_infra_ua_residential_intent_pastcov_lag-7,0.08801087628680568,0.0,0.06730121750822782,0.15622051172240128,0.03513587246977315,0.09929196739021776,0.14690766880145795,0.0002463173526998652,0.0,0.0018002560045808913,-1.6926431012542765e-05,0.0005612818568122346,0.0008677080577031537,-5.7568800030161075e-06,0.08469544488269766,0.0004932685658257979
rolling_rmean28_28_dist_x_clash_pastcov_lag-7,0.03767376633771013,0.04034925774730617,0.03932022784938585,0.023655466597643022,0.007021838201382269,0.0079183514527099,0.001571100578478491,0.0009017359163064897,0.0004337642167561162,0.00023395480201315877,4.335040449976457e-05,3.988999422066541e-06,1.542099668967456e-05,1.5966390418675757e-07,0.022501429823516546,0.0002331964285130653
rolling_rmean28_28_dist_x_clash_pastcov_lag-1,0.009997742499789014,0.007003303663977255,0.035392684434793896,0.036763203548043855,0.0005863823245499059,0.004830165017802404,0.0071865873613137935,8.648940934508076e-05,4.548426404378247e-05,0.0004664757658262797,0.0006092440610423244,2.0203215500780304e-06,1.5628261690747712e-05,4.337527172393329e-06,0.014537152692895735,0.00017566851581009808
darts_enc_fc_cyc_month_cos_futcov_lag5,0.08598733515234917,0.14488663353680725,0.263508443719985,0.17256186684284988,0.1206736733324991,0.05471542199363128,0.053791512677603015,1.0625162712218916e-05,0.0005358533875270188,0.0006988593506001672,0.0004297009895179116,-0.000440094091683374,0.000124874878369563,-0.0002887295935506184,0.1280178410365321,0.0001530128690704124
rolling_rmean28_28_dist_x_clash_pastcov_lag-14,0.0011094370752641807,0.00028640973709973184,0.0015745386075967178,0.0010353585501631528,0.0,0.0,0.0,2.7983721658730864e-05,2.568358227428291e-07,1.1624910584018267e-05,1.6120511858530585e-05,0.0,0.0,0.0,0.0005722491385891119,7.997997132003221e-06
Activity_Level_statcov_target_act_drone_strike_on_ua,0.0,0.0,0.0,0.0,0.0,0.0,0.0,0.0,0.0,0.0,0.0,0.0,0.0,0.0,0.0,0.0
