Feature,h1_gain,h2_gain,h3_gain,h4_gain,h5_gain,h6_gain,h7_gain,h1_perm,h2_perm,h3_perm,h4_perm,h5_perm,h6_perm,h7_perm,agg_gain,agg_perm
Activity_Level_statcov_target_act_drone_strike_on_ua,28.44364309297176,29.131206256284266,30.72127384317306,30.252816117663055,29.599884283826576,30.253382621441226,30.740478313987115,0.23972796924803533,0.22247252111572652,0.23166879495080234,0.2283525319158274,0.2378957713657472,0.2449517191460456,0.26735969583547176,29.8775263613353,0.2389184290825223
region_statcov_target_act_drone_strike_on_ua,2.654971831827685,2.0881132403071634,2.2155231290971042,2.4292195934905623,1.9365329874988069,1.8434420683034276,1.9498627331763143,0.08094306855786446,0.06706990241489055,0.07147944543247624,0.07283308256495438,0.060504021895810146,0.06334335971474694,0.0623120804136692,2.159666511957295,0.06835499442777314
act_drone_strike_on_ua_target_lag-2,1.6140671618109494,4.481524446150857,1.766579312381724,2.1604736087821,1.6340579611049697,8.972222956545682,5.138843541435448,0.017138186311067095,0.03849319906676067,0.013098392720987274,0.015958251148107803,0.01641975311528061,0.1788022253444311,0.0791700281173339,3.6811098554588186,0.05129714797485263
act_drone_strike_on_ua_target_lag-3,4.197672738605312,1.464119538657567,2.0510153939152467,1.3264515201199276,8.395790801358176,5.0117732801312505,1.0585599957651513,0.03930224392906441,0.012790928669654856,0.017334215384363194,0.012263647372327168,0.17559245683249322,0.08290059682647559,0.0066006576382542145,3.357911895507519,0.049540678093233245
act_drone_strike_on_ua_target_lag-5,1.889676662573658,1.3870668448554195,8.380185242242039,4.904238504296858,1.3612875637462765,2.4058357247264204,3.3691135683369273,0.0157704546994226,0.009368212129826036,0.16111469607823467,0.08266087727248488,0.00818026701026795,0.025764124826764045,0.032384123555509035,3.3853434443967996,0.04789182222464417
act_drone_strike_on_ua_target_lag-4,1.569213460071008,1.9492187689259601,1.2626688117265066,8.439265358602665,4.535664096607578,1.1931325776842716,2.3980851137904615,0.014731571012916356,0.01635770010372577,0.01184677443530362,0.1653783711097868,0.0799598682305905,0.007242625747233467,0.024801148152291952,3.049606883915492,0.045759722684549774
act_drone_strike_on_ua_target_lag-7,7.412571434229998,4.578180433034358,1.2764212759233444,2.276209274786344,3.0118663766596674,1.6221053727650823,0.9381067622514543,0.15447924198472632,0.08177241544097794,0.008855840785693769,0.02447212367584828,0.029089851481763372,0.012579854687539105,0.00612204632646649,3.0164944185214644,0.045338767769002176
act_drone_strike_on_ua_target_lag-6,1.6184744960771456,7.880179920704057,4.686620372799925,1.6562903512983913,2.2478466222291598,3.446069407305883,1.6789358741171256,0.016005342710364336,0.15071977986098553,0.07742078661995075,0.007755645478777407,0.02382970580645738,0.029535140413328498,0.010813529064558902,3.3163452920759555,0.04515427570777469
act_drone_strike_on_ua_target_lag-1,4.514360100759671,1.8195007364138265,4.6374663858936485,1.9706880857403515,1.9826490020460743,1.5592446928448382,8.923360666743001,0.028199549446295723,0.014812909378465999,0.04189248140919173,0.01522166252493833,0.015561827010499107,0.016739416456635837,0.16996455869442825,3.6296099529202013,0.04319891498863642
ewm_ewma14_act_drone_infra_ua_residential_intent_pastcov_lag-7,3.339034754049457,3.3579211095210466,3.099525672663962,3.562729050014813,3.537521924831823,2.922088271386548,3.149847603955892,0.03115627057837036,0.025174803122169707,0.023615196792956983,0.02834286614275585,0.02071762485577011,0.02256287092924585,0.034693882081682004,3.281238340917649,0.026609073500421552
ewm_ewma14_act_drone_infra_ua_residential_intent_pastcov_lag-1,0.8661159546371604,1.587448942662779,1.33264086623219,1.2274570569842502,1.3320307332605816,1.681341850588503,1.6449500984562297,0.011407676989180503,0.022532100366766915,0.016868759904732376,0.011560270585081866,0.023541027712258588,0.028874957771392283,0.025296096525365307,1.3817122146888132,0.020011555693539688
ewm_ewma14_act_drone_infra_ua_residential_intent_pastcov_lag-14,2.9971041644430034,2.8428028599071355,2.8771067751923334,3.1946415036258653,3.006726172102194,3.488958308625178,2.3984038560478362,0.021237874370054043,0.014641456305106914,0.01666236560033707,0.016639694752576893,0.014050392566352387,0.01958034837251239,0.012868227108797847,2.972249091420507,0.01652576558224822
ewm_ewma14_act_drone_infra_ua_health_intent_pastcov_lag-14,1.1077486810171349,0.9806103895809163,1.0128032455080158,0.9200426896687031,0.7868523655614842,1.0152175957928178,0.9072207788889088,0.008188822660685236,0.005574290612155197,0.005369076063800682,0.005090981666293582,0.004893035665725587,0.0031932649576803087,0.007107934387097892,0.9614993922882829,0.005631058001919783
ewm_expdecay7_acled_other_ua_disrupted_weapons_use_pastcov_lag-1,0.7725645198737343,0.5670336834625549,0.6423487863959151,0.9197164049938563,0.5154679297735669,0.6456622266036551,0.6301842174935177,0.007341596106289217,0.007009471896106035,0.003838028856091258,0.005633867713701268,0.005319264779242561,0.00519541510802306,0.004803725580949036,0.6704253955138287,0.005591624291486062
ewm_ewma14_act_drone_infra_ua_health_intent_pastcov_lag-1,0.7730382184627111,1.1773423007877706,1.0802920860967486,1.4067015899805668,0.808414053102696,0.4970562325492435,1.0213799784398556,0.008484137359184584,0.004248424725019384,0.006011295613058643,0.005848480931266687,0.00298653069854824,0.0027709580824468506,0.005291681179482688,0.9663177799170847,0.005091644084143867
ewm_ewma14_acled_other_ua_disrupted_weapons_use_pastcov_lag-1,0.8310097339665794,1.1866646048627978,0.6603893761085049,0.22304017087444256,0.6473115895907229,0.5567615552059021,0.5131138615654226,0.0051466413380739425,0.011203601812051888,0.003529793633806144,0.0010739245876711268,0.003372961406859032,0.0030419894273117087,0.003565869065697491,0.6597558417391961,0.004419254467353048
rolling_rsum14_14_act_total_daily_strike_events_pastcov_lag-1,0.5097456641073981,0.8315900689090701,0.5495624648937759,0.8156086537566809,0.6345527211022381,0.8480202116814037,0.7404652833689671,0.002746180297514789,0.004445363465842944,0.003418203004260878,0.0049241624206137315,0.004404094074890485,0.0058451931407798915,0.00456440241060625,0.7042207239742192,0.004335371259215567
ewm_ewma14_act_total_daily_strike_events_pastcov_lag-14,0.691052464911667,0.6091399786687933,0.5901241984167624,0.5276649589917923,0.6671168664484338,0.6642548236410606,0.712768375778593,0.0036617959326723515,0.004335011567689251,0.005772169225570711,0.002428485872943131,0.003557500332277375,0.0043779458820212055,0.004815199492422773,0.6374459524081575,0.004135444043656685
rolling_rsum14_14_act_total_daily_strike_events_pastcov_lag-7,0.7241687725156476,0.7253218858911687,0.6720467427553917,0.5375161939981639,0.6664610438667502,0.42412800187842664,0.23506937756733035,0.0031503607093300136,0.004134240293158897,0.004802211088225916,0.004871100741437906,0.003795841386745624,0.004078532066572227,0.002923762306702149,0.5692445740675541,0.003965149798881819
rolling_rmean28_28_act_total_daily_strike_events_pastcov_lag-7,0.5813007680354769,0.5354836824344559,0.6181686915625287,0.5976901758140101,0.30974832864701446,0.33617007848958563,0.4178757354169672,0.0026258178200152527,0.004120025570414132,0.0036912106086920415,0.005230597629319544,0.002205379677407482,0.0035143521513761435,0.004362217414244052,0.48520535148571986,0.0036785144102098066
rolling_rsum14_14_act_total_daily_strike_events_pastcov_lag-14,0.3483461889666949,0.4802846187115506,0.6963970147124788,0.9127936754539989,0.6033245945215477,0.7415749056037231,0.6519082952412629,0.001833396809618315,0.0022500967854869546,0.005397817458903864,0.005309609214955069,0.002915887442516296,0.0048077617468976095,0.0031069816941573735,0.633518470458751,0.0036602215932193542
ewm_ewma14_acled_other_rus_shelling_artillery_missile_attack_pastcov_lag-14,0.5370513511388479,0.6848696783026453,0.4839204185900973,0.5237754261040316,0.9542922016478618,0.884055639850647,0.8250425738380893,0.0036335706232782485,0.0026501922273431955,0.003247097510255914,0.0025121504921452155,0.004765806344390122,0.004407450793818079,0.004389268452840711,0.6990010413531742,0.003657933777724498
ewm_expdecay7_act_total_daily_strike_events_pastcov_lag-14,0.23661056653744697,0.10426176042219865,0.12342597758623423,0.17482057149504973,0.20061407100341522,0.37546966411599064,0.826899796426336,0.011384041502079455,0.0009718421536816235,0.0025818871071448648,0.0011306807026301602,0.0007719777012252127,0.004566067434083854,0.004177996906223358,0.29172891536952456,0.003654927643866932
rolling_rmean28_28_act_total_daily_strike_events_pastcov_lag-14,0.332250303213356,0.4045607818130049,0.9733815769002098,1.1569429805838158,0.5873302907442907,0.3739103257317278,0.14911366915040522,0.0019074007224300748,0.0024802421167242628,0.005193452039469149,0.006849478932563291,0.0033489554148531165,0.0030237454497251902,0.0014153981101144408,0.5682128468766872,0.0034598103979827893
ewm_ewma14_acled_other_ua_armed_clash_pastcov_lag-14,0.2896337931125354,0.7416254255593303,0.918830544901899,0.4361577876744238,0.6487247597493783,0.21366095942752622,0.2613452629608508,0.003166073134560299,0.003754097193732875,0.005755764807569097,0.0038461151208069476,0.0033689886577012553,0.001814652292875718,0.001904217319928403,0.5014255047694205,0.003372844075310656
rolling_rmean28_28_acled_other_rus_shelling_artillery_missile_attack_pastcov_lag-7,0.7276782781644242,0.5989694214610467,0.30209040459490205,1.0544160509762803,0.3060225579572192,0.24958692286693063,0.5287661031283656,0.003413576483279601,0.0046264197606999515,0.0030425372356088776,0.004219916124635991,0.0020666436836166203,0.0016809775569710972,0.003364827301503381,0.5382185341641669,0.003202128306616503
rolling_rmean28_28_acled_other_rus_shelling_artillery_missile_attack_pastcov_lag-14,0.6056643946813653,0.448723472745928,0.5382096048896648,0.6979543047034763,0.7325495308488377,0.4853663257855047,0.47982511527942695,0.003284357584997921,0.0022366752170592586,0.002546445014071774,0.00356654479194114,0.00433205369542704,0.0029926280103134808,0.003447741126551329,0.5697561069906005,0.003200920777194564
rolling_rsum7_7_act_total_daily_strike_events_pastcov_lag-7,0.45198237757574483,0.4428623341616014,0.30899237683180797,0.5374612802181448,0.2042609508534356,0.3167441687339135,0.27790220353652006,0.0027367099400443127,0.004453672419871957,0.001404498188118297,0.0037276028717606823,0.002800883918954922,0.003107003700109412,0.002063989546519429,0.3628865274158812,0.002899194369339859
rolling_rsum14_14_dist_to_nearest_ru_km_pastcov_lag-14,0.58461795568812,0.6148104074111511,0.6405658788627311,0.4700728199386257,0.5116195639752569,0.551411476720145,0.5065675146296906,0.004038841836002427,0.0031003544576267304,0.0019044056895758832,0.002320748313799159,0.0031166636122326617,0.0029696279233522027,0.002616749815427455,0.5542379453179601,0.0028667702354309315
ewm_ewma14_fin_usd_rub_rate_pastcov_lag-1,0.11070541619515327,0.08242284178382618,0.1249589986813808,0.15679112327348313,0.425920812522253,0.6947711525287186,1.4110815386462894,0.0008489526608426833,0.0008689419182687175,0.001203603770747863,0.0005332543149863866,0.0011290998602408342,0.007445707037341242,0.007307827207229556,0.42952169766158627,0.002762483824236755
ewm_ewma14_dist_to_nearest_ru_km_pastcov_lag-7,1.183655917943069,0.6171267554482194,0.5349279534016373,0.9812691787321884,0.6105778493876529,0.44144526738841566,0.9664446819697854,0.004113519334894877,0.0023567042390582717,0.0018829213084531338,0.0032358410209178956,0.0014516280488895195,0.002139736048053331,0.00398625076608008,0.7622068006101382,0.002738085823763873
ewm_ewma14_fin_usd_uah_rate_pastcov_lag-1,0.06267888409485127,0.12537646242615325,0.20810424444940712,0.12000022501628368,0.03129767476419809,0.5666981013169018,0.28958126062971434,0.001175053397721637,0.001806011564929899,0.0014614251655717726,0.0009130978364897402,0.0007444889919888898,0.009449751526693074,0.0034097607053267033,0.20053383609964423,0.0027085127412459597
ewm_ewma14_dist_to_nearest_ru_km_pastcov_lag-1,0.7791409643104242,0.8227776470621779,0.4245897216457828,0.5774494945259904,1.1351101764746958,0.8972266224421609,0.8781436335189909,0.003975785854091196,0.0024705025094668765,0.001954412160996943,0.0022997592449729874,0.0035218243094113253,0.002198890491722305,0.0025384069644051265,0.787776894282889,0.00270851164786668
rolling_rsum14_14_act_drone_strike_on_rus_in_rus_nofpv_pastcov_lag-14,0.3063383695580392,0.719949982778819,0.6551379242036437,0.40203153839850886,0.33665197052616735,0.5546911943106922,0.5637168539243836,0.0015396608839488347,0.0035571794501036537,0.0028227661342208775,0.0016492278042003373,0.0010352398588672207,0.0039160412051272965,0.004188293577692637,0.5055025476714649,0.0026726298448801226
ewm_ewma14_dist_to_nearest_ru_km_pastcov_lag-14,0.9888320111782778,0.8784172550997834,0.6640297313518414,0.7618134097883265,0.5810857571857062,0.5843729535847358,0.9169098229906598,0.0032822910193825105,0.00247392632347605,0.001965481915864631,0.003076689574647595,0.0025594940695505162,0.002693714066245123,0.002450471948970101,0.7679229915970474,0.0026431527025909322
rolling_rmean28_28_act_total_daily_strike_events_pastcov_lag-1,0.466594081367229,0.3288429304480878,0.6139590979956023,0.21946113651038013,0.3515646282594789,0.68150525857197,0.5161533915807477,0.002657022021429123,0.002133088055000032,0.0035574637157561374,0.0015344318338872177,0.0021380845580796005,0.003756615980389855,0.0023208853715458886,0.4540115035333566,0.002585370219441122
rolling_rsum14_14_act_drone_strike_on_rus_in_rus_nofpv_pastcov_lag-7,0.33019907491891004,0.2481587150020014,0.2755398956159262,0.5836623184746694,0.9145311312270201,0.48329147444143244,0.4535565126554999,0.00230737160383192,0.0013489892127985126,0.0021475138836014596,0.0020369693270242406,0.004481058598458554,0.0032307329933306318,0.0020807943127909346,0.46984844604792275,0.0025190614188337506
rolling_rmean28_28_acled_other_rus_shelling_artillery_missile_attack_pastcov_lag-1,0.26963974234820137,0.6572410628736174,0.22259009404373567,0.3302966420784348,0.6734337808347634,0.6522149013133004,0.045785371960051044,0.0022559927921333768,0.0029636486127496255,0.002465980629379927,0.0013690838718855459,0.0042696910877535466,0.00240644999791968,0.0017015763592510779,0.4073145136360149,0.0024903461930103968
rolling_rsum14_14_dist_to_nearest_ru_km_pastcov_lag-7,1.0238010354635216,0.2958039952438387,0.5803930657770776,0.7666342193107524,0.5746534331696916,0.6261256292183482,0.4732602709715358,0.003357921662203456,0.0016038794467184258,0.002376662071603053,0.003345841925574278,0.002513406997979284,0.001978454535419405,0.0004041184208990245,0.6200959498792523,0.002225755008628132
ewm_ewma14_acled_other_rus_shelling_artillery_missile_attack_pastcov_lag-1,0.19266201206633932,0.502988007454803,0.3688934224908732,0.1878965055934868,0.39293281308875244,0.16532403477277025,0.8334940824367614,0.001625609258134242,0.00309083811016444,0.002510182503935443,0.001225153828757719,0.002711664267340419,0.0010145506601993315,0.0030935685869542874,0.37774155398625514,0.0021816524593551256
ewm_ewma14_fin_usd_uah_rate_pastcov_lag-7,0.2009613866626435,0.07337147485058806,0.09451262478973309,0.10712808925455897,0.08345837604138055,0.012249847582357767,0.36484939883672834,0.004279968931063194,0.0014830324601469158,0.0013609736543914951,0.00254766943696354,5.2672372627826646e-05,0.0006383824720154862,0.0049014640414205115,0.13379017114542718,0.0021805947669469956
rolling_rsum14_14_dist_to_nearest_ru_km_pastcov_lag-1,0.6947194485738043,0.45598881386682777,0.553773204530663,0.4495783301998294,0.9113864006025093,0.671034225651298,0.4647980480178351,0.0027574463376747183,0.0013375974113882584,0.0019493179551657081,0.001785188447318431,0.0027100781258802,0.0022049590614235505,0.002248676664188665,0.6001826387775381,0.002141894857577076
rolling_rsum7_7_act_total_daily_strike_events_pastcov_lag-1,0.1418434489871633,0.14249686488917504,0.35886391446052307,0.11315841640593549,0.30901753854529973,0.31896859889747037,0.36438688427717747,0.0006526003817193704,0.0025803921180382883,0.002829485900377837,0.0016308817029791367,0.003034365136045003,0.0009207623141284759,0.0030836807197647696,0.2498193809232492,0.002104595467578983
ewm_expdecay7_fin_usd_rub_rate_pastcov_lag-1,0.5355838773773067,0.08122239661102429,0.07137160951236021,0.08259053441365248,0.12448629086683574,0.06609921153164426,0.5439655834433569,0.0032998640931825697,0.0009378929006761183,0.0012614202241949535,0.0011400355880277324,0.001023581442820376,0.002006196986864861,0.004923587918788086,0.21504564339374005,0.0020846541649363853
ewm_ewma14_act_total_daily_strike_events_pastcov_lag-7,0.5201701715411655,0.4095174320836156,0.1848195786940831,0.18788813755035727,0.41208366726670875,0.4400789846984578,0.26064010788144976,0.0020377421279667907,0.0020740902513864067,0.0010575998961273258,0.0015345617317410686,0.002710489073578315,0.0016123245583870237,0.003375170880236289,0.3450282971022625,0.0020574255027747458
ewm_ewma14_act_drone_strike_on_rus_in_rus_nofpv_pastcov_lag-14,0.45002401120684,0.323477059408133,0.3375959513534542,0.1722910155442608,0.48588972186314555,0.7079803435755229,0.3601996872664929,0.0015989316565859113,0.0019288767571821852,0.0014903161103935413,0.0005740824356974761,0.0013847245831287713,0.0049324637704695196,0.002369484247876552,0.40535111288826414,0.0020398399373334226
ewm_ewma14_acled_other_ua_disrupted_weapons_use_pastcov_lag-7,0.5369695725313013,0.25023532240718455,0.444393702798103,0.27157226349295477,0.349287849993221,0.7033646203216789,0.7358965661138291,0.003935986841396577,0.0021940331171972803,0.0031072547529015448,0.002280409543172768,0.0012762705174588663,0.0014942862099221355,-0.0003214291356051557,0.4702456996654675,0.0019952588352062884
ewm_expdecay7_acled_other_rus_shelling_artillery_missile_attack_pastcov_lag-7,0.42471253702876255,0.373192170860897,0.3161411266852536,0.13274832609157322,0.15962952054498317,0.3464395906665003,0.11261972190098493,0.004343505409102666,0.0010917587826757779,0.00328403182160828,0.0010853443677255382,0.0009652645344932376,0.0016427783847788647,0.0009787834744351188,0.2664975705398507,0.001913066682117069
ewm_ewma14_acled_other_ua_armed_clash_pastcov_lag-1,0.49602658455671733,0.08789842893365636,0.40731933186100444,0.32579328163902294,0.2288468264965565,0.3440461795309123,0.3233289635560991,0.0035164499044563423,0.0005541317177431004,0.001742593584449903,0.0021948321258799196,0.0016554301613699307,0.0015596762020410493,0.00216263607742897,0.3161799423677098,0.0019122499676241737
ewm_ewma14_act_drone_infra_ua_health_intent_pastcov_lag-7,0.09876685684486736,0.07056212946000541,0.22531456377361878,0.21710680684650296,0.5525239108064959,0.5514019891414603,0.44008506001747255,0.0019200774984402314,0.002376740814254252,0.0011533298583320307,0.0010766942453596107,0.0021492749128695144,0.0029896479654229592,0.0016321654064352265,0.3079659024129176,0.0018997043858734036
ewm_expdecay7_total_ru_area_km2_pastcov_lag-7,0.1713075895017765,0.3624951134573729,0.3059664766194705,0.2489904827615478,0.17816942454780382,0.24916096495135842,0.3082004466053409,0.0010113939688122908,0.0026043330907960403,0.0016724830023783887,0.0023480474218271928,0.0016091375225657956,0.0015135291477795798,0.002424606467823387,0.2606129283492387,0.0018833615174260966
ewm_ewma14_fin_usd_rub_rate_pastcov_lag-14,1.0048343035899665,0.2236762371462432,0.07541255422961371,0.10132046389664462,0.04751705763612454,0.13529738311534445,0.37955304902403497,0.0049046817738715555,0.0017659791588046758,0.0015396331104658323,0.0014319699833206466,0.00024060348972263502,0.0008891261488767288,0.0023629032253830395,0.2810872926625675,0.0018764138414921593
ewm_ewma14_act_total_daily_strike_events_pastcov_lag-1,0.20392191111558533,0.2991403886844922,0.25040104879391284,0.24706305872847775,0.5073605375512915,0.4343602533324999,0.41832690467270833,0.00037540740954387084,0.0016812585470856068,0.0019579372809274353,0.0007734467418485602,0.002978609271204613,0.003317081263635835,0.001746166790461423,0.33722487183985256,0.0018328439006724778
ewm_ewma14_act_total_damage_events_pastcov_lag-14,0.13503275320333652,0.23097517092336095,0.4354201653778662,0.3234547673770229,0.1877434862220612,0.05446761582692133,0.22787763109765408,0.0008222178463044072,0.0009100585735193567,0.0037553104767467983,0.0031028273736280363,0.001136835747058651,0.0007517389863794799,0.002278654762012433,0.22785308428974616,0.0018225205379498802
ewm_ewma14_fin_usd_rub_rate_pastcov_lag-7,0.7850820230751361,0.0736922297053457,0.024670472863232845,0.06909674193955298,0.0003473647653617635,0.10701620003073135,0.5404216105703659,0.0036314776344730237,0.0002553910908156265,0.0003658431876834234,0.001952320273043462,9.672385987258281e-07,0.000249982775200297,0.0045361488457787095,0.22861809184996096,0.0015703044350847525
env_weather_wind_gusts_10m_mean_futcov_lag6,0.00854379281616439,0.018935237182182492,0.015640420740202197,0.04282221623780464,0.08686922727265235,0.07354290448689006,0.571570714440016,0.00024038143543725354,0.00046587075917214893,0.0003514427149952537,0.0012027540655233705,0.0005438334331780536,0.00028207173183987245,0.007471418954093534,0.1168463590251303,0.0015082532991770696
ewm_expdecay7_dist_to_nearest_contested_km_pastcov_lag-7,0.10703255465027599,0.21095365330541332,0.19967617013460542,0.21832626365405466,0.19996449954923107,0.04871075282871813,0.06762332775055946,0.0006886806612167673,0.0010368774166033656,0.0026734644742473666,0.0023054547237266075,0.0018404691290236253,0.0008912704812470196,0.001108776672173062,0.15032674598183687,0.0015064276511768306
darts_enc_fc_cyc_dayofweek_sin_futcov_lag3,0.14303367960085342,0.050315885257329176,0.017380554295706164,0.15878902552949714,0.18201449130216238,0.08764274748072381,0.06256547277295631,0.003213909700909068,0.0005874196059099335,0.00029879087213489084,0.002980693999695516,0.0013824531487807157,0.0006308168010797033,0.0013487558429271518,0.10024883660560405,0.0014918342816338543
ewm_ewma14_act_drone_strike_on_rus_in_rus_nofpv_pastcov_lag-7,0.06456209480169607,0.26116323454655405,0.6147858910189886,0.31849883627795567,0.5280457143895807,0.12940538790782039,0.1871195005002713,0.0002886772162116191,0.0020296803403606622,0.0026888327458216565,0.0014684045195636041,0.0022954635982209482,0.000588302096995541,0.0010731977671301963,0.30051152277755244,0.0014903654691863183
env_weather_wind_gusts_10m_mean_futcov_lag0,0.4722979278265084,0.10932531124374563,0.001167313407522181,0.005415192654290402,0.02746720899058942,0.03904256950047486,0.04555529191985254,0.008668436498303577,0.00039538408776149667,6.700824101764091e-05,0.00016003822901202724,0.00014563752782383865,0.0005276705299419371,0.00028849494340899007,0.10003868793471192,0.001464667151038501
ewm_ewma14_acled_other_ua_armed_clash_pastcov_lag-7,0.039350403243219444,0.14595593842520851,0.1923421840100023,0.12984536153875087,0.1467570530997884,0.4145775916402059,0.2493846116190822,0.0003277805886847451,0.0009759524208714732,0.0018176006408262778,0.000984260354650357,0.0012635504321138358,0.0022410969121509972,0.002578002941107593,0.1883161633680368,0.001455463470057897
ewm_ewma14_act_drone_infra_ua_energy_intent_pastcov_lag-7,0.24837550095703712,0.2895766659653541,0.25290409369161193,0.4206912885238568,0.2864541179460307,0.01934799051974806,0.19382823497158197,0.0012337198981442032,0.0019444379224622832,0.0017532960738725124,0.002395413115248246,0.0010967543292655258,0.00011987212103281575,0.0015626962272895506,0.24445398465360293,0.0014437413839021624
rolling_rsum7_7_acled_other_rus_shelling_artillery_missile_attack_pastcov_lag-14,0.2312377207133612,0.17873599425433143,0.19449514838772075,0.2522899518282588,0.008099912897081535,0.43752256485931335,0.14385634687271048,0.0018593034456152013,0.000673757645176809,0.0013544779683547282,0.001625355875000789,0.0001447601400387466,0.001920168838567249,0.002440888078694825,0.2066053771161111,0.001431244570206907
ewm_expdecay7_fin_usd_rub_rate_pastcov_lag-7,0.5588918719899303,0.6484290809352865,0.015991791162178214,0.07050302683024497,0.056704211311956,0.0750917040128423,0.04139044075345867,0.004359163630945373,0.0031093826422041726,0.00018873211760186414,0.0008588985571044372,0.0005555768960531227,9.127049874173565e-05,0.0006337841248431619,0.20957173242798527,0.0013995440667848385
rolling_rsum7_7_act_total_daily_strike_events_pastcov_lag-14,0.32218594811565593,0.5118063001062844,0.1968153807359677,0.356949510090223,0.3348306679145615,0.25439482060692675,0.22057772009983334,0.001207888445905203,0.0029218199723202386,0.0012745362695597783,0.00022755796722091494,0.0012404802155404626,0.001651080145505146,0.0010225285045162291,0.3139371925242075,0.0013636987886525675
rolling_rmean28_28_total_ru_area_km2_pastcov_lag-7,0.14099230672110094,0.23995662450636865,0.1246814002758154,0.360851506843425,0.10278444646364385,0.02768129463248858,0.12511024435618995,0.0010184327626794776,0.0016681635606279333,0.002032631877130231,0.0018138780503938134,0.0007048474036532193,0.00019662717747990222,0.002074060070224948,0.16029397482843316,0.0013583772717413606
ewm_ewma14_com_diplo_bluesecondary_ua_pastcov_lag-14,0.0350088245803486,0.05942947351134258,0.029016935242867026,0.02925406002433974,0.009652603470346828,0.006273902147418222,0.03945477055630177,0.0010812260282019536,0.0028290717529399823,0.0007962206829930096,0.0008364507655526099,0.000919102794209592,0.0007101711395914867,0.002313210973919566,0.029727224218994968,0.0013550648767726
ewm_ewma14_fin_usd_uah_rate_pastcov_lag-14,0.14390483121870604,0.03517896885201724,0.03683125931458385,0.07750929023075173,0.2266212423056374,0.12954136059035715,0.31850464729617334,0.0010198699428354495,0.0007640456149234475,0.0010218056447000023,0.00018914827625438058,0.0004931936024696881,0.0011663708838051345,0.004628830256288507,0.13829879997260383,0.0013261806030395158
ewm_ewma14_com_diplo_bluesecondary_ua_pastcov_lag-7,0.06596452187773733,0.049990742392440966,0.06300153754270016,0.014019559855952102,0.00599390670593036,0.013032348701295613,0.02355834894654446,0.0013998938004870399,0.001538951576129066,0.0033542778514781936,0.0005691159141483215,0.00015366065280204567,0.0014273407950250005,0.0008054380115254389,0.03365156657465728,0.0013212398002278723
darts_enc_fc_cyc_dayofweek_sin_futcov_lag0,0.06101222207001724,0.20889694647338491,0.07104631533942757,0.033005717056719376,0.16510490334298333,0.0929590203693278,0.04211956659871385,0.001964364813390418,0.0026900888406260703,0.00045193705514263717,0.0011988298481939274,0.002382751677072736,0.000447700925763872,0.00010711062253665471,0.09630638446436772,0.0013203976832466167
rolling_rsum7_7_acled_other_rus_shelling_artillery_missile_attack_pastcov_lag-1,0.5417999365713111,0.2726202933987091,0.30729527275081137,0.28940565595912404,0.10905482718024871,0.13840839492443208,0.06562696990688813,0.0024524950323844053,0.0015236953684362841,0.0020869931514189365,0.0007915933080929083,0.0003639297768340599,0.0015005472149586918,0.000445998494889599,0.24631590724164637,0.0013093217638592692
ewm_expdecay7_total_ru_area_km2_pastcov_lag-1,0.27282764488433636,0.12023127754078654,0.10123867600938036,1.170584480003153,0.4499340234249482,0.5988447821582276,0.12031962781273714,0.0002947879764689576,0.0008128880201560218,0.0012971875205882721,0.0030168826733373956,0.0009169929022218471,0.0018641419842531093,0.0008499501642423634,0.404854358833367,0.0012932616058954239
ewm_ewma14_acled_other_rus_armed_clash_pastcov_lag-14,0.10874925079565045,0.06327377134195983,0.041782625970087674,0.031090851247029615,0.15554849661208164,0.18273416184639493,0.1004876924833188,0.0006583684033842462,0.0005255982438831408,0.0010143647047017978,0.00045496585835740343,0.0013151088640001474,0.003248368183419381,0.001721752689719458,0.09766669289950328,0.0012769324210665108
rolling_rmean28_28_dist_to_nearest_contested_km_pastcov_lag-1,0.1694953414216178,0.1535535729695274,0.0557634752613294,0.09550429353129916,0.14171617991382268,0.08801775363921645,0.12270313077120393,0.0011021496625691408,0.0008449599016764342,0.0015778296536565594,0.0018840443344630754,0.0016040439470223823,0.0014358670697240505,0.00042484880520741173,0.11810767821543099,0.0012676776249027218
ewm_expdecay7_act_total_damage_events_pastcov_lag-7,0.17585572603268576,0.0620838103186779,0.0918071131134771,0.047410258940615096,0.03965506681636089,0.35309775342726357,0.17578446860149233,0.0022721681848055786,0.00032505975497778563,0.0003913579639132969,-1.9147442722977637e-05,0.00011250565456519813,0.0014512097111866406,0.004278854300946255,0.1350991710357961,0.001258858303953111
env_weather_wind_gusts_10m_mean_futcov_lag1,0.03734393580424586,0.5274189135364026,0.17023328038589566,0.003984399072160562,0.013522909653224674,0.020897724126477217,0.049135746004509304,0.0005821436778424615,0.005555673992089139,0.0008264136362061914,0.00015407901675954517,0.0005792774285666935,0.00020082983469649207,0.0008778546408839905,0.11750527265470226,0.0012537531752920734
ewm_expdecay7_acled_other_ua_disrupted_weapons_use_pastcov_lag-7,0.2538250158204967,0.10400833721579976,0.21375721122776012,0.11707265651842115,0.21841836188931277,0.005897934272299531,0.057946446696335877,0.0024344547015311413,0.0008870701926602997,0.0012520205303075515,0.0023019983587867277,0.0010475982235523373,0.00010811694451233756,0.0004977642264360815,0.1387037090914894,0.0012184318825409252
ewm_ewma14_acled_other_rus_armed_clash_pastcov_lag-7,0.03793373416341662,0.20397342726865747,0.03669413328440403,0.24163144758488997,0.014767079871412327,0.07272523683881102,0.21516082827313268,0.0010361247377799643,0.0019886070925347666,0.0002606545009047334,0.0021193069189964888,0.0003023179916655794,0.0009529341420376536,0.0018630957868139176,0.11755512675496059,0.001217577310104729
ewm_expdecay7_act_total_damage_events_pastcov_lag-1,0.30293038442276504,0.30763475515624467,0.2748184484086762,0.18178848111169574,0.2510168687620531,0.1088506680242319,0.027236727782083064,0.0009510271719054497,0.0017254242482066084,0.0012682812014012334,0.0004674320918572006,0.001055370152760826,0.002241397054704564,0.0006761890258610182,0.20775376195253564,0.0011978744209567
darts_enc_fc_cyc_dayofweek_cos_futcov_lag5,0.07598956066956196,0.07294776776853569,0.010042635530587088,0.05360950540032835,0.14792427232096342,0.11886088900363972,0.014930287240733447,0.0015815641644219003,0.0007818980859644276,0.00041423347343374497,0.001333865167759507,0.003196745292484704,0.0006113342158756474,0.0004337883439010648,0.07061498827633568,0.0011933469634058565
rolling_rmean28_28_fin_usd_rub_rate_pastcov_lag-14,0.22748140370927028,0.15514405947136473,0.2912727452052142,0.22865840411171576,0.2958332900387077,0.30870036539015927,0.04355647380683292,0.0007579226849141474,0.0007190668688611179,0.0013495061889571946,0.0007447137224370071,0.0014493801159523923,0.0019179585901522244,0.0011166583352007597,0.22152096310475208,0.0011507437866392634
ewm_expdecay7_acled_other_rus_shelling_artillery_missile_attack_pastcov_lag-1,0.04454702575004166,0.17427546292718993,0.16722637933328788,0.05140141883205708,0.24713242632682647,0.11389812260303914,0.04841545229029934,0.0005131069553891531,0.00046576046589674736,0.0013960613955770862,0.00035493238521504543,0.0013001033453095001,0.001666882282611426,0.002290559253203739,0.12098518400896306,0.0011410580118860997
darts_enc_fc_cyc_dayofweek_sin_futcov_lag5,0.03185805555850194,0.04553636336162785,0.19071799340129364,0.17879277751344255,0.011610147581977991,0.040843372818647694,0.03283039678390216,8.096697542359088e-05,0.0009961878612906538,0.003319415422405303,0.000793468757010829,0.0003165480356777106,0.00110021779809375,0.0013018667005115115,0.07602701528848485,0.0011298102214876214
ewm_ewma14_act_total_damage_events_pastcov_lag-1,0.31970943022648046,0.2397855521659032,0.10086508916929275,0.1497720781246876,0.18578969142456403,0.18807974438664504,0.1681954485834699,0.0013188657507160694,0.0005994647447476575,0.0009083150981938015,0.00037219329153621584,0.0016006514234264025,0.0019713753364901444,0.0010702879411142341,0.19317100486872038,0.001120164798032075
env_weather_wind_gusts_10m_mean_futcov_lag2,0.033349461384695786,0.027220015687528056,0.4943340985009438,0.15254326998689866,1.989590343994985e-05,0.00149220057460674,0.0,0.0009790685863454885,0.0004018753044184198,0.005523947437656473,0.0006921664306125397,1.756608814740268e-06,0.00013279370750107766,0.0,0.10127984886258756,0.001104515439335534
rolling_rmean28_28_fin_usd_rub_rate_pastcov_lag-7,0.16211622757757035,0.38791007815143014,0.18544366325768025,0.41687209832871136,0.49960014365194483,0.38986090125427997,0.3889215969709377,0.000445370102083098,0.0011056795621405603,0.0006978345337277147,0.0013958719528003982,0.0014585065462748847,0.001537608875153973,0.001064911385893752,0.3472463870275078,0.0011008261368677687
ewm_ewma14_dist_to_nearest_contested_km_pastcov_lag-1,0.18872186284013598,0.11859851140773076,0.11776021578635727,0.008458066923576221,0.13390353632886343,0.06537257430317449,0.1706651886388607,0.0006436826574551136,0.00039314102546152976,0.0017713250853341523,0.00013706503544042015,0.0019156215583479908,0.00056902552163145,0.002179180984019591,0.1147828508898141,0.0010870059810986067
ewm_expdecay7_fin_usd_rub_rate_pastcov_lag-14,0.3062343899111569,0.36593155794972,0.010824484563154841,0.08240473843600649,0.01705029225902414,0.0006022354212587193,0.014918029488623656,0.0033530889666923747,0.0021955104776648195,3.6905574607271066e-05,0.0008574567556282941,0.0006452883179772773,0.00016052746683583585,0.00029357375273675324,0.11399510400413496,0.001077478758877518
darts_enc_fc_cyc_dayofweek_cos_futcov_lag-1,0.00041117346023385583,0.09783284899098642,0.0649725343402812,0.004590837077098063,0.029034565110111994,0.10651875651007436,0.05197778969563506,2.3310079248384243e-06,0.0021590012478316157,0.000849374656682178,5.689692612049768e-05,0.0010728666941221432,0.003070783694241919,0.0003284244293142224,0.05076264359777442,0.001077096950891059
darts_enc_fc_cyc_dayofweek_sin_futcov_lag4,0.01982295645712127,0.16243052212733794,0.12139526224932982,0.017556003747877618,0.0714906997531313,0.03499017037454393,0.041179326948164584,0.0006479763671854543,0.0029012074591601156,0.0010831332116107318,0.0002635508668232145,0.0018170661176159174,0.0005878090241264067,0.0002154090232482808,0.06698070595107235,0.00107373600996716
rolling_rsum7_7_com_diplo_bluesecondary_ua_pastcov_lag-7,0.05050530172655258,0.09759965733221175,0.041476992456562944,0.056158602051396146,0.06014699854071292,0.015067243538799065,0.03334294680319211,0.0018310990612978363,0.0009715463936640356,0.0010252485954775237,0.0019886616354231725,0.0008790954179549671,0.00032269498464316816,0.00042525468051211044,0.050613963207061075,0.0010633715384246877
ewm_expdecay7_dist_to_nearest_contested_km_pastcov_lag-1,0.06990956508623739,0.24436558481769768,0.15135748715795944,0.21778484977264376,0.21771137705033228,0.24383879984175935,0.31894387847698347,0.0002171464851652871,0.0012504257826223553,0.0013195166523627844,0.0011176429875450866,0.0008182391647619136,0.0007488922058680903,0.001841734153073582,0.20913022031480194,0.001044799633057014
ewm_ewma14_acled_other_rus_shelling_artillery_missile_attack_pastcov_lag-7,0.3949545035439449,0.040541231657343454,0.15974692844575653,0.098260216357604,0.18808764139833678,0.026957619281670654,0.1915104769201387,0.003012761417523979,0.0005142621555221716,0.001157010061389707,0.001132446417799482,0.0007229379993699547,6.615842046064913e-06,0.0007222236313356722,0.1571512310863993,0.001038322503569576
ewm_ewma14_acled_other_rus_disrupted_weapons_use_pastcov_lag-1,0.24632921510378844,0.12383310175804967,0.07198966328574531,0.1636664572088588,0.20545652955914304,0.1218152392551382,0.2451370733580441,0.0014051817538237809,0.0007395605887213109,0.0004410680883365048,0.0007795772336047114,0.0009573610918121922,0.0010622747947657274,0.0016811647277761078,0.1683181827898239,0.0010094554684057621
ewm_expdecay7_dist_to_nearest_contested_km_pastcov_lag-14,0.07756393608434224,0.0611175903769699,0.12563676781474825,0.1212964691673163,0.13402408249087505,0.11325137245873676,0.14239146213223355,0.0009726114690626675,0.001969077565459121,0.0008079685207411647,0.0013029078325036635,0.000481674540498922,0.00032932066119095715,0.0011845928589732768,0.11075452578931744,0.0010068790640613962
ewm_ewma14_act_total_damage_events_pastcov_lag-7,0.1769531008077059,0.19036305385705485,0.10300641149847825,0.20780121159967435,0.1657958209326727,0.15203999766959278,0.3640620684385776,0.0008479831777441271,0.0007742398996888556,0.0006730678885736863,0.0007362728395442275,0.001185369084155208,0.0007127670566593247,0.002045385379937592,0.1942888092576795,0.0009964407609004316
darts_enc_fc_cyc_dayofweek_cos_futcov_lag2,0.0642306378125962,0.1379937418752385,0.03570223340163745,5.430259185696967e-07,0.11468911515464969,0.09109754551115991,0.00777039536711539,0.001241288349111347,0.0029693694847549466,0.0003212498309066225,5.05014855156638e-07,0.0017913134294124777,0.0005804550905070593,5.981681052142917e-05,0.06449774459261652,0.0009948568585812913
darts_enc_fc_cyc_dayofweek_cos_futcov_lag6,0.01510614099959413,0.11793121066362183,0.27794417792552956,0.009678193566483324,0.028705086042325682,0.09913672688408333,0.0699863014145993,0.00021635828166182146,0.0018803650602924105,0.0018250300264899266,0.00019407156552027073,0.001081990315487147,0.001455315264704038,0.00028870371390203874,0.08835540535660531,0.0009916906040082362
darts_enc_fc_cyc_dayofweek_sin_futcov_lag-1,0.07961249448832824,0.025462249917996914,0.023389343489957224,0.15559771282164064,0.09106876012281195,0.01039790162347169,0.019342517217903442,0.0003704475193919921,0.0005512711407337668,0.0009977966042874042,0.0029536584350436713,0.0006932284975376569,0.00013049476763549173,0.0011153710464427036,0.05783871138315859,0.0009731811444389551
env_weather_wind_speed_10m_max_futcov_lag-2,0.005855333311903643,0.09890753792471986,0.1333822782570336,0.13334309726940236,0.028347602814309893,0.07897116958066219,0.020720041871921266,0.00038302471041649076,0.0016352624557712137,0.0019326047062159456,0.0012830221669573928,0.0002652462739117567,0.000955715348587094,0.0003391684027370223,0.07136100871856468,0.0009705777235138452
ewm_expdecay7_total_ru_area_km2_pastcov_lag-14,0.037286819329881496,0.11098455123406967,0.5406151659708033,0.0706741925729366,0.17034453207777828,0.5585950307447319,0.3071808240180256,0.0002988283201128761,0.0004492933509457009,0.0016433567204938936,0.00036361666644604276,0.0002118776863390348,0.0024795285733532958,0.0013311662814200931,0.25652587370688956,0.0009682382284444195
ewm_ewma14_act_drone_infra_ua_energy_intent_pastcov_lag-14,0.0938475381754041,0.01765550522253276,0.28536946347093317,0.11705157008212766,0.08420682091106124,0.1952579918428866,0.2693693774371592,0.00104608211256505,0.0003153629583712902,0.0011279373786384106,0.0014196808511405257,0.0009638184898049573,0.0010338509552779707,0.0008181781675253852,0.15182260959172925,0.0009607015590462271
env_weather_wind_gusts_10m_mean_futcov_lag4,0.011468328438476817,0.017478416942724374,0.010666189946322615,0.020475731422310326,0.5458161442106527,0.08844005906824219,0.004213365110251223,0.00031366669152594896,0.0001240057111756121,1.6245445840112893e-05,0.0004690513485273051,0.005075650279426846,0.0005822775899670729,7.292186911682652e-05,0.0997940335912829,0.0009505455622256749
env_weather_cloud_cover_mean_futcov_lag0,0.42886705270922143,0.11257954880931631,0.020205931182976145,0.032800975700560606,0.03038676814340964,0.013157782293854784,0.019499820244660144,0.004009356291884547,0.0011318618644644562,0.00020145725485893885,0.0008951708102731715,0.0002741625889678412,9.876707861422585e-05,1.8131550118516414e-05,0.0939282684405713,0.0009469867770259567
env_weather_wind_gusts_10m_max_futcov_lag1,0.01113799835808879,0.40228667802860046,0.023447566293077163,0.000607390407083,0.019280855505737327,0.022601356513375356,0.03712751683799484,0.0004719328496038067,0.004473683806046647,0.00020983806169494468,2.598821155137543e-05,0.0002472482078209826,0.0006071766304670545,0.0005526403110270639,0.07378419456342242,0.0009412154397445536
rolling_rsum14_14_act_drone_strike_on_rus_in_rus_nofpv_pastcov_lag-1,0.29345561744862886,0.29118966678842295,0.10420172114667517,0.21308207588508232,0.24308799834361677,0.2365952326423876,0.09437450050859607,0.0007467067875267075,0.0013038574744419717,0.00048451840686378753,0.001109263158346252,0.0006417062177772159,0.0012119157738184727,0.0009977270830130891,0.2108552589662014,0.0009279564145410708
ewm_ewma14_dist_to_nearest_contested_km_pastcov_lag-7,0.2551378831707391,0.1436678417724978,0.08473148959409928,0.12468854117243311,0.1111170352997767,0.02126533520527748,0.026737039403506465,0.001003908327597558,0.0006845104257103607,0.0004637322212426742,0.0013213808911439306,0.001764256945968734,0.0007627640876091135,0.00042027968432549744,0.1096207379454757,0.0009172617976568383
rolling_rmean28_28_fin_usd_rub_rate_pastcov_lag-1,0.23205170572300343,0.345536096431566,0.5297389668228891,0.18520737221591,0.3427624728841835,0.20587410002604958,0.20237258534884436,0.000938482027375942,0.0008886698546571204,0.0012939881181732726,0.0006510624587264368,0.0006848943807075791,0.0007987601796362487,0.0011270537725764028,0.2919347570646352,0.0009118443988361431
env_weather_wind_gusts_10m_max_futcov_lag3,0.003781556489498876,0.005982983282151324,0.013282035340953294,0.4144712380787351,0.08263362206679443,0.004071486072844496,0.030042832244379262,0.00034039660890798905,6.316704576125876e-05,0.0005723050448501743,0.00392229619960065,0.0006003199110999668,4.0515828587284195e-05,0.0006473765668324694,0.07918082193933669,0.0008837681722342561
darts_enc_fc_cyc_dayofweek_cos_futcov_lag4,0.03149466868926429,0.012095934232149564,0.038887472719646564,0.22801285421195988,0.0428324320986487,0.007916467938717362,0.04551276854758668,0.0002809548602812573,0.0001327075069216921,0.0016266905987195601,0.003205087113091043,0.00012832672207798712,0.0001722624581712129,0.0005772071910026266,0.058107514062567575,0.0008747480643236258
rolling_rmean28_28_total_ru_area_km2_pastcov_lag-14,0.463741529619803,0.47992625137665923,0.30485832371549876,0.274632391136399,0.23711671300577677,0.20349510434714863,0.11274987166879821,0.0008148249123435258,0.0015779344919692351,0.00037697657294573085,0.0004601887758105772,0.0010807891168098215,0.0012657991807500713,0.0004430779082039482,0.29664574069572625,0.0008599415655475585
ewm_expdecay7_acled_other_rus_shelling_artillery_missile_attack_pastcov_lag-14,0.004238798143283859,0.22687852256039995,0.07117952612572005,0.05848233007913413,0.19853777630037867,0.3087749551220571,0.23408558739157914,2.7639050918581987e-05,0.000682704420723268,0.0008197795276832842,0.000609924040062415,0.0008825587271688474,0.0017581840171918106,0.0012218315767227317,0.1574539279603647,0.0008575173372101342
ewm_expdecay7_acled_other_ua_disrupted_weapons_use_pastcov_lag-14,0.16208131383691385,0.17194991448552419,0.16038287763824183,0.07425559885825347,0.04578575134192604,0.11133622339140348,0.06222291241773552,0.0017374885610549119,0.0007324435888531377,0.001132209099972603,0.0002456891726594579,0.0003474863757541247,0.0004805193015014808,0.0011549356465859085,0.1125735131385712,0.000832967392340232
ewm_expdecay7_act_total_daily_strike_events_pastcov_lag-7,0.12434187407676879,0.20505292452917803,0.01858223465442714,0.053917970449641285,0.24801554659401415,0.1438171287310663,0.22002995569132855,0.001372619932992647,0.0011853544347010469,5.7296090246361506e-05,0.0002925603194108728,0.0010913014163846046,0.0006449443779949604,0.0011223032613350893,0.14482251924663206,0.0008237685475807974
ewm_ewma14_dist_to_nearest_contested_km_pastcov_lag-14,0.12711088188806763,0.29441228264114616,0.23749029441967795,0.27038334336438263,0.3198387873937369,0.14611670341399416,0.07880729663009185,0.0005890746017308101,0.001209083552487411,0.0010952273581871896,0.0013791137710109425,0.0010050370908186057,0.000331908761651345,0.00012968107699455888,0.2105942271072996,0.0008198751732686947
env_weather_cloud_cover_mean_futcov_lag4,0.04600008865993229,0.028725962598730295,0.009160976101520373,0.0013637436522357992,0.5160869193365227,0.08074107498631435,0.007930956477968362,0.001426053474984612,0.0006532513266469753,0.00018093082016887863,0.00012173527777683545,0.002592685131854644,0.000619505970680434,0.00014235261314945457,0.09857281740188917,0.0008195020878945476
env_weather_wind_gusts_10m_mean_futcov_lag3,0.021404523666621822,0.004133525156708505,0.021701458875812357,0.4808129792977215,0.17144240078218556,0.018368374763682967,0.0035818094449886722,6.26152019262971e-05,8.885342965014865e-06,9.817888691179277e-05,0.004427714475319489,0.0007494732390167513,0.0002564490335580594,0.00012221142384096772,0.1030635817125316,0.0008179325147911961
ewm_ewma14_acled_other_rus_armed_clash_pastcov_lag-1,0.18986463850064653,0.051983307844537766,0.1513107274804212,0.22283539472842093,0.14821226179447156,0.10029301675070378,0.016153758803909946,0.001452960577386131,0.0009619430591885525,0.0008811862888039812,0.0007643397999341328,0.0010897310065576926,0.0003949816133113071,0.00015775328936689091,0.1258075865575874,0.0008146993763640983
env_weather_wind_gusts_10m_max_futcov_lag5,0.02408119636879541,0.017482678303515693,0.02210666828028314,0.02386393235063277,0.013771814428017014,0.38652860416612894,0.09144791952647177,0.0002495282806087351,0.00037580388819060675,0.00038387784608369114,7.790039339232724e-05,0.00029890540653374484,0.0038503460459460292,0.00040566047740255853,0.08275468763197782,0.0008060031911653846
rolling_rmean28_28_total_ru_area_km2_pastcov_lag-1,0.09984809748571331,0.18143089722724157,0.23215074020586743,0.29999267345962527,0.3752643723023467,0.08614204336205142,0.14291965477045096,0.0007335761508702188,0.0014649463811397645,0.0006058712862072602,0.0009041445761446942,0.0007451297118835854,0.00043061702123201593,0.0007365492616273617,0.20253549697332812,0.0008029763413007001
env_weather_cloud_cover_mean_futcov_lag5,0.04343202292532828,0.0822966163426938,0.022247759859826514,0.009252721794046893,0.011267373026424372,0.3410913162997772,0.08097653485973437,0.0005045476063037402,0.001889362534965855,0.0003011238229741364,8.099430687968923e-05,0.0003174619979576354,0.0016085103277408308,0.0008615621629342929,0.08436633501540448,0.0007947946799651684
darts_enc_fc_cyc_dayofweek_cos_futcov_lag0,0.01842262421559411,0.0034679184824314272,0.09279779048002947,0.16926130247891102,0.0012745000589766034,0.003431404010910348,0.04443467810981323,8.95660820390276e-05,0.00022067337925462115,0.0024820301133401832,0.0011860727435261786,2.7665826289680064e-05,0.0002196838700029513,0.0013289219058227441,0.04758431683380946,0.0007935162743250553
env_weather_cloud_cover_mean_futcov_lag6,0.11045526600154956,0.010645496735169709,0.05038144355258163,0.026034465819376375,0.018374053056911876,0.022085639761490004,0.30811034847966745,0.000803271521968707,9.092737324738476e-05,0.0011383246567233218,0.0004807610490859426,0.00024802773584997606,-2.768024334562913e-05,0.002765242545913882,0.07801238762953523,0.0007855535199205122
ewm_expdecay7_act_total_damage_events_pastcov_lag-14,0.2530645163704208,0.0747067668060609,0.04070119729546718,0.10090808757745963,0.012731323303060626,0.01497038917475964,0.08241091086062208,0.0016239331336336705,0.00043037177997575784,0.0008038355256224872,0.0013029138284613051,-1.336422358177991e-05,0.0001564847564902383,0.001173013698109382,0.08278474162683584,0.0007824554998158659
env_weather_wind_gusts_10m_mean_futcov_lag5,0.019693849757485882,0.004046545649965235,0.004487738157037593,4.646236672963741e-05,0.004397231386422419,0.5170918939369211,0.056899404095317664,0.0004656659366853333,1.1928362928070868e-05,2.1030516981612735e-05,2.540665251604679e-06,0.00018513666390271855,0.004400703153533958,0.0003104513229286843,0.0866661607642685,0.000771065231744569
ewm_ewma14_acled_other_ua_disrupted_weapons_use_pastcov_lag-14,0.5752489206037494,0.474141523650843,0.36513681218568844,0.397215103270952,0.2655863470154794,0.18503026756473603,0.286567141799743,-0.00013762695757819633,0.0005435174915741526,0.0008181462244972071,0.0008060336456048977,0.0008298675952973289,0.0005761492984825755,0.0019402139653716065,0.3641323022987416,0.0007680430376070818
env_weather_wind_gusts_10m_mean_futcov_lag-1,0.14864403361401157,0.004880627286288685,0.028290086448701523,0.022894529410998007,0.05459389722257312,0.05217324713394046,0.188348360049995,0.0007658846110497386,8.417535406162191e-05,0.0006200526425832464,0.00030382734887755,0.0010810272565026312,0.0008069268029871068,0.0017009950682695286,0.07140354016664405,0.0007661270120473462
rolling_rsum14_14_dist_to_nearest_contested_km_pastcov_lag-7,0.15875165676920652,0.1332362222607371,0.06662292936257085,0.08856847211567755,0.07848651848609095,0.05247727910464523,0.13874813924970092,0.0006135892419147915,0.000570964809354435,0.00030980557896724824,0.002066903868090009,0.0009894219063566246,0.00043004462730567017,0.0003127983793207889,0.10241303104980418,0.0007562183444727954
rolling_rmean28_28_dist_to_nearest_contested_km_pastcov_lag-7,0.044710584531765345,0.05162352872333191,0.20835583508103697,0.09916878110952909,0.1666472026127172,0.1332924332608575,0.1498546029907491,0.0004442506417054792,0.00044053025426338266,0.001426901743203568,0.0006034065606693284,0.0010494264389806051,0.0005358827943698463,0.0005803564925576321,0.12195042404428388,0.0007258221322499776
env_weather_wind_gusts_10m_max_futcov_lag2,0.014149466442868408,0.018401334830277175,0.4255054452026943,0.0064486483419669005,0.0034152327077507307,0.035625726968086156,0.030961864878352157,7.140460620347344e-05,0.0003351897814614979,0.00309679502458744,0.00016433269835145481,6.209455133017183e-05,0.0004402106489823643,0.0008945429103195401,0.07635824562457083,0.0007235100316051347
env_weather_cloud_cover_mean_futcov_lag3,0.02329436448643386,0.02103101884347846,0.010806241530415367,0.3655937156202957,0.07087601166015461,0.0019502507907232483,0.009878000055856848,0.0007358347633994233,0.0001528437555901041,0.00020764661400956007,0.0028328988915959697,0.0006572609784514683,-1.6699358875427172e-05,0.0004848439914045599,0.07191851471247972,0.0007220899479393796
darts_enc_fc_cyc_dayofweek_cos_futcov_lag3,0.0,0.02402566616450281,0.20359298246129356,0.009650625219204746,0.02101278746135956,0.046489841331213304,0.0,0.0,0.0007957455239580469,0.0031646149649915854,2.105582532421213e-05,0.00027432487521694693,0.0005085608774031191,0.0,0.04353884323393914,0.0006806145809848443
ewm_ewma14_act_drone_infra_ua_energy_intent_pastcov_lag-1,0.032533734853621564,0.13587871343507496,0.09679670935305598,0.14919425930135896,0.11576570199265748,0.029757241065132396,0.007526066988868785,0.0002077204994793247,0.0011940533077498872,8.744820500394823e-05,0.0014006888042645605,0.001271287351417194,0.0004913660878548498,7.115477269172831e-05,0.08106463242711003,0.0006748170040659277
env_weather_wind_gusts_10m_max_futcov_lag0,0.3697308313437783,0.01486596280393843,0.0076813611355983575,0.014732846445764293,0.040028217016377605,0.02069520683932886,0.022545627983830314,0.0034249427550373302,0.00010454995645567955,7.501553773845427e-05,0.00034729430714959265,0.000269658420876584,0.0003367088789405726,0.00016015022507156473,0.07004000765265946,0.0006740457258956827
env_weather_wind_gusts_10m_mean_futcov_lag-2,0.0027761634019277267,0.06460929071354428,0.054681483339163936,0.10440444548223206,0.01073316976477054,0.13643200282489962,0.0074512082526116885,4.540090700178023e-05,0.0006268508314663856,0.00040095573703637923,0.0019981720377769017,0.00014604334951129339,0.0013265484208602406,6.466126807909145e-05,0.054441109111307125,0.0006583760788188675
ewm_expdecay7_com_aid_humanitarian_pastcov_lag-1,0.041597010112088266,0.06036396248742331,0.029608207697672292,0.06355395623398576,0.014402808469318943,0.09386057903543091,0.02280620436007247,0.0006778571044861126,0.0008472918917710182,0.0001913616980580235,0.00034768235028219684,2.6438899846192852e-05,0.0019320027978462662,0.0005477683681003543,0.04659896119942742,0.0006529147300557379
darts_enc_fc_cyc_dayofweek_sin_futcov_lag1,0.007873965718093453,0.06326895143491079,0.1296716564630986,0.03695784547641621,0.020571243356847936,0.043504625167345726,0.02416897857354089,3.294023799174095e-05,0.0010626350833263353,0.0010995971770425105,0.00016031522227959448,0.000703988206001993,0.001219507140758802,0.00028015322267738174,0.04657389517003623,0.0006513051842969083
env_weather_wind_gusts_10m_max_futcov_lag6,0.08031243592871132,0.030917511415979128,0.01657845567761827,0.001994079169111233,0.015533425510269361,0.011485191482415766,0.34488859587756243,0.00034771254117440533,0.00024767911834069347,5.9932877118829e-05,2.4950745722240875e-05,0.00022308655444365223,0.00019754868850432316,0.00342197553818957,0.07167281358023822,0.000646126580499102
env_weather_wind_speed_10m_max_futcov_lag4,0.026434004904988276,0.007779697985160629,0.02997657860451037,0.04598324644032717,0.30422244032212153,0.04612531872538957,0.007458152098410534,0.0001794052658455003,0.0003753431364559967,0.0003542858163208651,0.0005857047586463216,0.0026616219327953994,0.00022122207088828282,0.00010279559400230286,0.06685420558298687,0.0006400540821363813
env_weather_wind_speed_10m_mean_futcov_lag2,0.024811325320256355,0.002183867028898631,0.39351837308142595,0.021428645020179677,0.0084207808597141,0.0050294339643019706,0.0033718884865554877,0.000632172884821336,-1.7502320462026154e-05,0.003339178579891211,9.324016528093893e-05,0.00020845216070979332,0.00016954974371994336,4.751234976663188e-05,0.06553775910876174,0.0006389433662468326
darts_enc_fc_cyc_dayofweek_cos_futcov_lag1,0.027574148645532072,0.034431550755938595,0.0029496617859399274,0.0718590051379644,0.11294882309704281,0.017663864516471124,0.0067060329615176,0.0008235118021618692,0.0005856050291773273,0.00014385482037033716,0.0016128603250408213,0.0010537482351041794,4.214577461079116e-05,0.0002087170289143847,0.039161869557200926,0.0006386347164828157
env_weather_wind_speed_10m_mean_futcov_lag0,0.27369070643254245,0.0326223399350501,0.01655647200572288,0.003477391386494688,0.027269646335814544,0.05344583772424451,0.007685202475591296,0.002657909129035807,3.871393011873891e-05,0.00026686104614932483,0.00019882150365524431,0.0002677960794762235,0.0008309570809172495,7.983236839967934e-05,0.059249656613637194,0.0006201273053931811
darts_enc_fc_cyc_dayofweek_cos_futcov_lag-2,0.0389772930746908,0.06609860373452432,0.0028871402727568504,0.01162335198727736,0.28293856743938633,0.05297146357116875,0.007197296791453618,0.000845016332916626,0.0007970173645451162,1.177522228001937e-05,0.00014972461318567553,0.0021081036726416256,0.00029323943429884205,0.00011013248696722933,0.06609910241017972,0.000616429875262162
ewm_ewma14_act_drone_strike_on_rus_in_rus_nofpv_pastcov_lag-1,0.3479186376214205,0.07289237619503604,0.29864272891243915,0.2496738171439416,0.4237314966916336,0.10820118750742563,0.15459833201949222,0.0014208919736867554,0.0003641634685398909,0.00011181308102419241,0.0006644990683434715,0.0014650450438308926,-0.000481866136483422,0.0007677768861599432,0.23652265372734124,0.000616046197871675
env_weather_wind_speed_10m_max_futcov_lag-1,0.03945700859690572,0.0017768243400612383,0.06973176520288445,0.11516920854972112,0.0755184886940063,0.0803790679087982,0.058532839924526424,0.0005749417453400519,5.5132829925619296e-05,0.0011022074632680123,0.0005365026898525915,0.0010308464740840018,0.0003478285269985726,0.0006128073669737332,0.06293788617384334,0.0006086095852060833
darts_enc_fc_cyc_dayofweek_sin_futcov_lag-2,0.0035786359455514984,0.05129355344143138,0.160740726692352,0.043417082855649256,0.006331364762636829,0.05766554094881913,0.02131970395449427,0.00015166944690203632,0.0005957771363453324,0.0017795606526272323,0.0003880653169695547,4.6431714803696346e-05,0.0008351678346518287,0.00043638842154287706,0.04919237265727634,0.0006047229319775083
darts_enc_fc_cyc_dayofweek_sin_futcov_lag2,0.021732335988130683,0.004655951410011886,0.08943565975577396,0.10561870116010874,0.008053719035909063,0.01794697839165124,0.0073591852814634436,0.00042200347953553764,5.88737899279268e-05,0.0013058760210852948,0.0009747797805910397,0.000428293457216955,0.0004240967180147104,0.0005432282206084382,0.036400361574721284,0.0005938787809971289
env_weather_wind_speed_10m_mean_futcov_lag-1,0.028460009512550937,0.007723264189371549,0.052048178001685395,0.015027705639461866,0.05306285955190162,0.0261258923372895,0.12645050710628014,0.000285529271672913,-7.982365243952571e-06,0.0009712269203060897,0.00021994694826550366,0.0006254769507273883,0.00019600945700228855,0.0017346348966305047,0.04412834519122014,0.0005749774399086765
env_weather_wind_speed_10m_max_futcov_lag5,0.03995813644421771,0.0070987823765832755,0.05366419121149536,0.015364261838684879,0.034134155978946146,0.2194723820358718,0.03005213844912837,0.0010697477796437038,8.27998083673176e-05,0.00026538882022588697,0.00010312000133505528,0.00044305996574487414,0.0017513920304071061,0.0003064973096145618,0.057106292619275356,0.000574572245048358
env_weather_wind_direction_10m_dominant_futcov_lag0,0.024280109330263106,0.0520762642983979,0.017613506585543764,0.020374487568744624,0.04796409358476605,0.1885049688538421,0.05202417810538139,0.0007938460488614352,0.0002937213815238815,0.00018269452570707223,9.720194948046324e-05,0.00024025596527605942,0.0020064510206064144,0.00020308297226372395,0.057548229760991276,0.0005453219805312929
rolling_rmean28_28_dist_to_nearest_contested_km_pastcov_lag-14,0.1019775385874649,0.07355008805321253,0.10643792773569014,0.11253597238055267,0.060832361430061585,0.12022676599571047,0.08295296374788629,0.00034548663871094567,0.0005689317439919294,0.0006419655781354061,0.0010245724222706753,0.00018160087170353555,0.0001230695402023585,0.0008362659994200827,0.09407337399008266,0.0005316989706335619
ewm_expdecay7_com_aid_humanitarian_pastcov_lag-7,0.01733809459708148,0.05598845084841973,0.05066614802174756,0.052522695144873774,0.019215916120929606,0.06536162433836028,0.22947813246840018,0.000581498770160449,0.0005695879935575743,0.0009298502202743197,0.000440536292280691,0.00017473240791003873,0.0003263612285381745,0.00065692645269122,0.07008158021997324,0.0005256419093446381
env_weather_wind_speed_10m_max_futcov_lag0,0.2155268847192182,0.03128229861228849,0.01927089433514543,0.017947649457456617,0.046972495800425784,0.08527611137557647,0.02596249921478846,0.0019452560220500682,3.1596877872952514e-05,5.902605133600858e-05,0.0002312037139815981,0.0003667984813662928,0.0005160498612703623,0.0004646156705073068,0.0631769762164142,0.0005163638111977984
env_weather_wind_gusts_10m_max_futcov_lag4,0.018104374679101424,0.0059990638071914385,0.005913032963052622,0.03863035885390154,0.3112570324432619,0.051409202523140025,0.004651766020190708,0.00014056588900104305,0.00018997391470785275,-3.8345328345301685e-05,0.000556633678839491,0.002284248216055773,0.00041936795930799244,5.8464023656434885e-05,0.062280690184262806,0.0005158440504604694
env_weather_wind_speed_10m_mean_futcov_lag-2,0.024560032393442323,0.015400402523814064,0.007275050959829985,0.08531480811437508,0.036542902529339234,0.14503834075665617,0.00527566175576026,9.25565641112236e-05,0.0003651959381994141,0.00048284597873486933,0.0003604846780061566,0.0002796367934978283,0.0019277689295108314,8.990903549381813e-05,0.04562959986188816,0.0005140568453648773
rolling_rsum14_14_dist_to_nearest_contested_km_pastcov_lag-1,0.16963424665045015,0.1443731784527195,0.09364135844442517,0.1532921848982678,0.08699117431451743,0.02774666167899219,0.09918715140767798,0.0009312482267438638,9.119789110294541e-05,0.0006914962919018386,0.0006811675201629618,0.0008615881455023233,9.892036118530623e-05,0.00024196803525267097,0.1106951365495786,0.0005139409245502729
env_weather_wind_speed_10m_max_futcov_lag1,0.05651519469989752,0.21431156115189887,0.023757961965671343,0.0003042001280704567,0.02076200491380691,0.015080157810439499,0.0736622701574634,0.0007752444169924599,0.0016145946059651806,2.5399858324526293e-05,2.989225410998664e-06,0.0003697055124018744,0.0001277899619414935,0.0006749366746298558,0.057770478689606865,0.0005129514650951985
darts_enc_fc_cyc_dayofyear_cos_futcov_lag1,0.026786328187518194,0.06477046720080924,0.010466415450952827,0.02366659046857647,0.0017531857159020113,0.005404820989437517,0.11136652959598921,0.0007712383943387247,0.0009562336665933868,0.00016410867632703495,0.00031509048717826005,3.023102071555428e-05,0.0002876226315292607,0.0009838421149636733,0.03488776251559793,0.0005011952845208421
env_weather_wind_gusts_10m_max_futcov_lag-1,0.019631152259629275,0.011364943391404989,0.058405072073134764,0.060015726246804034,0.03510504664965411,0.0041081487505597895,0.08701604503413693,0.0002098005095199973,8.118641846803776e-05,0.0013694319821720314,0.00074687141958385,0.0005695027015446552,4.370119550733964e-05,0.0004845340832175804,0.03937801920076056,0.0005007183300019274
rolling_rsum7_7_acled_other_rus_shelling_artillery_missile_attack_pastcov_lag-7,0.015188400191073308,0.2307911654561726,0.011779302551048776,0.09784952141961503,9.880191143400805e-06,0.01741551958329492,0.018760055898031255,0.0006316381224782175,0.0009885793473504378,0.0002886710602679754,0.0009807478421738792,-1.5499058723111858e-07,0.00035898565991787645,0.0002506156000078752,0.05597054932719704,0.00049986894880129
env_weather_wind_direction_10m_dominant_futcov_lag-2,0.02690521608242673,0.10423385731667086,0.02461784225740443,0.1304768895692575,0.11133128049837238,0.004381820416206504,0.012431597228772401,0.00028210649665767474,0.0010738568299558438,0.0002841062328339472,0.000978753704516655,0.0004841675642901722,0.00011068251251187267,0.00023631642259966946,0.05919692905273011,0.0004928556804808336
env_weather_wind_speed_10m_mean_futcov_lag4,0.00224071202587694,0.01673319360016503,0.0014497542249497074,0.0058293670420691696,0.3014805009322135,0.04727202000341989,0.014850873174853677,0.00012500242700217435,0.0005732707472266396,1.940155526456433e-05,0.00018025877122256339,0.0021425610643134975,0.00033099030665604265,1.77111520173856e-05,0.05569377442907828,0.00048417086052898116
darts_enc_fc_cyc_dayofyear_cos_futcov_lag4,0.04842089674688389,0.029249328666769464,0.06598521250405706,0.024613302476207025,0.027166974545832473,0.004642912011019244,0.0,0.0007214458220462294,0.00048305901195764276,0.0004355704004268768,0.0010350516204940875,0.0006589784087506212,2.6169360153827093e-05,0.0,0.02858266099296702,0.00048003923197561214
darts_enc_fc_cyc_dayofyear_cos_futcov_lag6,0.003692865737434215,0.00435746555162972,0.04215688873620116,0.007393967698268947,0.010565029389922409,0.010166688324989135,0.03272215313572808,0.0007474884786419445,0.000571064161567092,0.0006340674626808651,0.0003378750912737871,0.0006447669078507801,0.00021441191737714416,0.00019412613680926948,0.015865008367739096,0.00047768573660012605
darts_enc_fc_cyc_dayofyear_cos_futcov_lag-1,0.026531535858959343,0.039867885374763906,0.02120622582563146,0.04296589413747317,0.02062773997438891,0.06906875703442018,0.00967038851768481,0.00011498333150659069,0.0004660744087040758,0.0002603452049789512,0.0005250094620023349,0.0012901635044755943,0.00034933805080936684,0.0003272886343502979,0.032848346674760255,0.00047617179954674446
env_weather_cloud_cover_mean_futcov_lag1,0.034323334745861606,0.5013519469244501,0.03669696319168459,0.03208742345775524,0.00777814775350108,0.0017103959335770791,0.014217633707574737,0.0004094271073997291,0.0016725505263314622,0.0004972486493189044,9.308987951743841e-05,0.00017038686551753556,7.417206410740285e-05,0.00038939549357077665,0.08973797795920062,0.0004723243693947498
env_weather_wind_speed_10m_max_futcov_lag6,0.0417987372323822,0.010964003593183553,0.0010001251071113876,0.008473911584948618,0.021670340034318628,0.02232949088895742,0.25906870312220764,0.00019625360949824256,0.0002766174466604543,2.9565654885876924e-05,6.130455234032439e-06,0.0002559675548351459,0.00021704905532302644,0.002309410347158547,0.052186473080444204,0.00047014201765647513
darts_enc_fc_cyc_dayofyear_cos_futcov_lag0,0.013581324243588207,0.048652666825101804,0.09076327788114531,0.011693859671167085,0.056246116868707494,0.11418405142700315,0.004729589033026356,0.00019320826852609052,0.00013527222539704286,0.00029103954654838835,0.0009269898077615357,0.0006470740569590961,0.0005529835031000019,0.0005326144658885478,0.048550126564248494,0.0004684545534543862
env_weather_wind_direction_10m_dominant_futcov_lag1,0.06346844927511977,0.008373737175909996,0.059565584103141195,0.009531064517471861,0.03606313620512466,0.01880173447253811,0.16385207115298392,0.00041724646945735523,5.325734392971349e-05,0.0005529868584481124,0.00032949139633544624,0.00043028646337239795,4.5642862647010676e-05,0.0014316007115258156,0.051379396700327075,0.00046578744367369317
rolling_rmean28_28_dist_x_clash_pastcov_lag-14,0.09847229121102499,0.07300412209381658,0.08119572452481726,0.05180324050861974,0.09369399617207953,0.0875321663425334,0.10516170591377255,0.0003453311500508205,0.0004565807323515081,0.00044544224546734236,0.00038639501045281135,0.00041358322688465063,0.0008186368265048038,0.00038658883104776277,0.0844090352523806,0.0004646511461085285
env_weather_cloud_cover_mean_futcov_lag2,0.020146452893137788,0.010718444123424717,0.40904668963782714,0.10612658605751506,0.0013700109079741467,0.01942463154009681,0.008837017668437936,0.0004675123878112641,5.514954069183453e-05,0.001800174272078503,0.0005992499157170261,1.0116875218613152e-05,0.00021046211772752789,0.00010032465955542858,0.08223854754691622,0.0004632842526857425
env_weather_wind_direction_10m_dominant_futcov_lag-1,0.04083721675321924,0.04229844963013644,0.03280655643438627,0.002163426891175036,0.21362275568752245,0.028278295000538287,0.002895992934393427,0.0003045406571580367,5.704304168703267e-05,0.0003124108649051216,2.7403813651183382e-06,0.002099945734723563,0.0003040262785997339,1.671226112360813e-05,0.05184324190448159,0.0004424884599374592
env_weather_wind_speed_10m_mean_futcov_lag3,0.03554909146689454,0.030747269906231205,0.013965304243344537,0.2197414994712625,0.034060404999644064,0.01737139235742914,0.02097957598461686,0.0002170166888431968,0.00016226385254929364,8.68573447655896e-05,0.0020170877862927482,0.00015021205385883362,3.516437691577501e-05,0.00035896850279621973,0.05320207691848898,0.0004325100865745224
env_weather_wind_speed_10m_mean_futcov_lag1,0.051755493139229856,0.2802142254587196,0.024856416117581697,0.018413921439457002,0.013709669550385216,0.002277775548118525,0.0032026176576496266,0.0002598168606808393,0.0016998134940889864,7.663260806787254e-05,0.0004816754110736676,9.865985741033256e-05,0.00020865050733789303,0.00019627414847471768,0.05634715984444879,0.0004316461267334727
darts_enc_fc_cyc_dayofweek_sin_futcov_lag6,0.0721090624741811,0.024464884389127844,0.03734077708596371,0.044690819577609855,0.05287962763588811,0.012826525730565823,0.05633265536762632,0.0005027275989562651,0.0004203220054837198,0.0008299739917288606,0.0007245950806822777,0.0002595803577297495,0.00013243105681826073,8.576240053905781e-05,0.04294919318013753,0.0004221989274197416
env_weather_wind_gusts_10m_max_futcov_lag-2,0.0002554220000337816,0.10562768724763995,0.06170021165464824,0.009932290296353225,0.010096062974128645,0.10726763533469488,0.004696400353415675,3.253385669754749e-06,0.0019316474390465466,9.888956869406052e-05,9.893543660075555e-05,0.00020053932155861265,0.0005953142427336022,2.3410669338641555e-07,0.04279652998013063,0.00041840192871381694
env_weather_wind_speed_10m_max_futcov_lag2,0.02432218272450342,0.01368107052626787,0.1471039075725736,0.00998075058248277,0.007012352145177912,0.02052449305461107,0.03138909729541445,3.1045682338026737e-05,0.00027419181478196555,0.0016596770438700003,0.00010580961463901861,7.276697990528102e-05,0.00033614897745091186,0.0003906087110586265,0.03628769341443301,0.0004100355462919759
ewm_ewma14_acled_other_rus_disrupted_weapons_use_pastcov_lag-14,0.11651423784566756,0.1818127956450796,0.0382834161978411,0.07807612192496667,0.01175786616976478,0.07508039050346207,0.05119526903901633,0.0004885336135597607,0.0008667293841684743,0.00017515577711864073,0.00031936229186451114,0.00042151599354249835,0.00027244192612432274,0.0003209159310954668,0.07896001390368546,0.0004092364167819535
darts_enc_fc_cyc_dayofyear_cos_futcov_lag5,0.027929338120141367,0.058803419017529106,0.0365473992104895,0.02221181737893989,0.060867956343517785,0.0202237898867797,0.021821570984253573,0.00021656302745742817,0.0009476849229258066,0.0004193423960467957,0.0002250513686284261,3.821378701587275e-05,0.0007753281398011902,0.00020882412728531196,0.03548647013452156,0.00040442968130869017
env_weather_pressure_msl_max_futcov_lag0,0.05112899064998665,0.031081873662382742,0.03971187991387181,0.0172050640825431,0.006229425990187524,0.04622504072406725,0.03804368124726153,0.0004636618999727338,0.00046899795201287285,0.00029799434027313334,0.00011236226525126458,0.00025828252896016314,0.000932481676147856,0.0002814572557553241,0.03280370803861437,0.00040217684548190684
rolling_rsum14_14_dist_to_nearest_contested_km_pastcov_lag-14,0.12395847641607922,0.17210879446091426,0.05471630630834997,0.044339596171891024,0.04250708392060085,0.07868961345594955,0.0390727794273641,0.0005529804626683177,0.0008635964586286126,0.0003367130849694089,0.0004491749120668409,6.543836616310639e-05,0.00027644229260397334,0.00025311746880858356,0.07934180716587842,0.00039963757798697766
rolling_rsum7_7_com_diplo_bluesecondary_ua_pastcov_lag-14,0.01956202463275796,0.056451024795086055,0.07026374295180109,0.04192809750797612,0.017190974457964896,0.0013968863776903434,0.013638806894297256,3.151373319500994e-05,0.00033618638116552637,0.00020215269786316714,0.0007582235435463547,0.0010959341457774663,0.00022320951657583965,0.00012513984867328353,0.031490222516796236,0.00039605140954237817
env_weather_wind_speed_10m_mean_futcov_lag5,0.005965763322073233,0.053475321472556424,0.0029163127661780233,0.024335552744108733,0.012908427179695514,0.17865693934844465,0.01134774575351796,0.00010700075105469775,0.0005405367737246758,2.9472288167431417e-05,0.0002795723017770202,0.0001568292562661888,0.0015741892687624493,5.312112448920825e-05,0.04137229465522493,0.0003915316806059531
env_weather_wind_direction_10m_dominant_futcov_lag6,0.01862086342848344,0.04120379726872128,0.009914206239254418,0.027657433576103403,0.014040339483864453,0.03615051561327146,0.05407363391455477,0.0004279631442782872,0.0007102978427075745,4.199505931137271e-05,0.0005973164368048067,0.00014504608977969902,0.0003588621970968653,0.0004363557630892467,0.02880868421775046,0.00038826236186683603
darts_enc_fc_cyc_week_cos_futcov_lag-1,0.011923880926746493,0.014177341315621976,0.030114128244229404,0.031036465180508035,0.05156159257228762,0.03942226586571767,0.008572571225649991,0.0005138092340926992,0.00048679482059696964,0.000215789345281614,0.0004296673613533475,0.000517034794981841,0.0004273515688445029,0.00010680639160955962,0.026686892190108745,0.00038532193096579056
ewm_ewma14_acled_other_rus_disrupted_weapons_use_pastcov_lag-7,0.022531485552584454,0.043986986363235954,0.09467533343026292,0.0045510195617651196,0.10404490465694871,0.11576689069735695,0.07016221017501552,0.0003146436464914082,0.0001401835426473097,0.000569370108054712,5.1676494970820384e-05,0.0006745027300675722,0.0002885867631397199,0.0006468973871887717,0.06510269006245281,0.00038369438179433054
env_weather_wind_speed_10m_max_futcov_lag3,0.008978545174817958,0.020803594493837615,0.022981175230911505,0.215311867703016,0.012397117289584042,0.00010315758911790881,0.01611745717741723,0.00012571878837377425,6.101160686802221e-05,0.00037194527632085085,0.00161228583887294,0.00016277899966181674,-2.7267397585406528e-06,0.00034877105732105117,0.04238470209410032,0.0003828264039514163
env_weather_wind_direction_10m_dominant_futcov_lag5,0.020856576412182484,0.013819015092508451,0.0321373884505485,0.009147394439124469,0.022365553181898715,0.012090824993417824,0.10744615022607407,0.0002080708694270239,9.329958878687706e-05,0.0006238242842274477,0.00010134165559414488,0.00022338097378000744,0.00022935912717321206,0.0010784131274429898,0.031123271827964927,0.0003653842323473861
rolling_rsum7_7_com_diplo_bluesecondary_ua_pastcov_lag-1,0.004532979291879008,0.0038184913201695656,0.0011005263240275712,0.004302839262114413,0.011586342543284063,0.0026621694024863292,0.06312960078071979,0.0003496762077757953,0.00030644627937581603,0.00022743548419768,2.375575993240897e-05,0.00011214868316362647,0.00010131327573008609,0.0014169991194690646,0.01301899270352582,0.0003625392585206397
env_weather_wind_direction_10m_dominant_futcov_lag3,0.012540664832113637,0.0391386521087974,0.030251909013390404,0.027442680245327585,0.08967598455345756,0.024450722471789837,0.0019314975184299393,5.948985922572536e-05,0.000923253082248432,0.0002880219346167889,0.00032225294305721075,0.0006705057173278295,0.0002564465434902852,9.363214157476207e-06,0.03220458724904377,0.000361333327731964
ewm_expdecay7_com_aid_humanitarian_pastcov_lag-14,0.07487010424920491,0.018918144306765094,0.05372798537202727,0.03797281370772322,0.04541162199585341,0.015264131942005293,0.021626385933189173,0.0003451925003538525,0.0006911543764031913,0.0003528490312570298,0.00023787611820642597,0.0001959906637308828,0.00017649048159744661,0.0004978088525078528,0.03825588392953834,0.00035676600343666876
darts_enc_fc_cyc_dayofyear_cos_futcov_lag3,0.010784535348336392,0.01229177637427826,0.03637696958421771,0.08443939070754172,0.062218356671213865,0.019563549796277675,0.01293972074139582,0.00012125223063577106,0.00034885168911535924,0.0003701005388071499,0.0006890649171047869,1.8040249420381294e-05,2.64952595730783e-05,0.0008399704329520973,0.03408775703189449,0.0003448250453726606
env_weather_pressure_msl_min_futcov_lag3,0.02458809500166067,0.07831136346956065,0.011751015915898702,0.047017624693841076,0.007975455609969522,0.0049993826471298386,0.010672239574115831,0.0006446590069215441,0.00034427142918407315,0.00010419867258066872,0.0005919692616868977,0.00052270576960467,9.310421832029459e-05,0.00010644420246541664,0.026473596701739467,0.00034390750868050924
darts_enc_fc_cyc_week_cos_futcov_lag-2,0.055759061333739535,0.05252545265552262,0.05673332389731284,0.048562228346646676,0.0925096205385155,0.07258293741057986,0.0741165699291929,0.00012229016495945988,0.00012902325172952088,0.0008031315894236224,0.00023414947058573166,0.000326492932239697,0.00020398167223256713,0.0005818130999678095,0.06468417058735856,0.00034298316873405835
env_weather_wind_speed_10m_mean_futcov_lag6,0.02426761492299616,0.024118319774056544,0.004948730388764934,0.006144359667364179,0.014984793936597799,0.033300054306080656,0.17239166749623366,0.00013847271282259045,0.0003441842644780202,3.6127387374751405e-05,0.00018173233868827853,8.321164378204405e-05,8.24359134502295e-05,0.0015222733843939461,0.04002222007029913,0.00034120537785569435
darts_enc_fc_cyc_month_cos_futcov_lag-2,0.034168796762299225,0.06461565350055033,0.05970129945763391,0.030894751180678862,0.010640819397501902,0.043243659720277744,0.015640076519179313,0.00016759626172282437,0.00035994913224188794,0.00032917159906784563,0.00023792476330743994,0.000537321981255312,0.0004411762437114719,0.00029635905932265947,0.036986436648303034,0.00033849986294706306
env_weather_pressure_msl_min_futcov_lag5,0.03088444008827053,0.026666761713055754,0.0074877694773938935,0.0534562942433398,0.01890559767461034,0.032406982174572385,0.061386168708904454,0.0004453090892178713,0.00014932310267312676,8.964022737614207e-05,0.00017405157719323493,0.00016336880223657423,0.0007221658526206376,0.0005782902862560224,0.033027716297163875,0.0003317355625105156
env_weather_pressure_msl_min_futcov_lag0,0.03240126657134054,0.03495348377017126,0.00966454386936757,0.015959995510566247,0.0029125518730308735,0.002764830180347266,0.007394836073210507,0.0006548929573717555,0.00029997072025746976,0.000729584361685598,0.0005788329612739007,4.773996639162448e-05,-5.835188470881824e-06,1.02377121253161e-05,0.015150215406862039,0.0003307747843763975
env_weather_pressure_msl_min_futcov_lag-1,0.02073616913017457,0.013235485992382064,0.011922702943425388,0.021237320594031908,0.007074517311723486,0.005328419772877905,0.011754861529286011,0.0003164523051518042,0.00035860421651112695,0.0011305591130652548,0.0002839281735024457,4.107349427620033e-05,6.081710801393303e-05,0.00012206573195103765,0.013041353896271618,0.0003305000203531147
ewm_ewma14_com_diplo_bluesecondary_ua_pastcov_lag-1,0.06056049447103527,0.005606797457166839,0.006215419151923633,0.007708208130693949,0.007165432406457442,0.025736125861005647,0.013317766275628988,0.0008353587882685253,0.0002094197682119381,0.0004463979193897183,8.17338003364032e-05,5.78082142143943e-05,0.0002771970716114458,0.0003438796068422789,0.018044320536273112,0.00032168502412495767
darts_enc_fc_cyc_week_cos_futcov_lag0,0.028224263449529805,0.01982909997971345,0.008634755862895747,0.0698356100478747,0.04126245339003392,0.07870640612933597,0.015030088523018419,0.0006583758991286715,0.0003221858367626229,0.0004153093192995394,0.00020775842284430633,0.00019385067191921568,0.00032564417437064286,0.00011266368388107573,0.03736038248320029,0.00031939828688658207
darts_enc_fc_cyc_week_cos_futcov_lag1,0.04372184671428188,0.06030958025902822,0.039760225804871104,0.03568625361545968,0.0010035164525432848,0.0017059305968105186,0.02837470590837582,0.0005911911527433534,0.00043176299089995316,-9.678863946183114e-06,0.0005028012751597588,7.698774418596344e-06,0.0004655219817368161,0.00020262723527868508,0.030080294193052932,0.0003131320780415685
darts_enc_fc_cyc_dayofyear_cos_futcov_lag2,0.025040987199674073,0.02778187117481164,0.04658681180703585,0.021388557753697524,0.08957918522304219,0.005844322364769746,0.026038806394028283,0.0003470027183875235,0.0005477697215225507,0.00020486758498596824,6.960511158531358e-05,0.0001958151226891136,-0.0002618872124098504,0.0009816634810548175,0.03460864884529418,0.00029783378968791955
darts_enc_fc_cyc_week_cos_futcov_lag5,0.013357087642795038,0.02564654743378929,0.011792152929251055,0.02647895891396116,0.015496876699792213,0.010579594819061958,0.003424944852572812,0.00048162463019369995,8.679076071602677e-05,7.042914355268604e-05,0.00033144087934817713,0.0007978849804717747,0.00024186686454810146,4.673189605850503e-05,0.015253737613031934,0.00029382416498413875
env_weather_soil_moisture_0_to_100cm_mean_futcov_lag-2,0.004888125011794556,0.05425119772539448,0.0046972471439367496,0.0216847260134821,0.028592681364865737,0.0643193334941784,0.005105936951013159,0.00044381534648971763,0.00036682299120058823,0.0001103122185060812,0.0005203044019099545,0.0002362803099976496,0.0001706828383051251,0.0001777231578253602,0.02621989252923788,0.00028942018060492525
ewm_expdecay7_act_total_daily_strike_events_pastcov_lag-1,0.1898991241784705,0.08612025609227997,0.060111627340418326,0.0027415362737814404,0.1208874025121274,0.11384740355873035,0.0844820749573942,-0.0005456924677836872,0.0009536748389504579,-0.00030874974697350235,0.00036966574893966265,0.0008763331535083019,0.0007455311171670643,-6.49663237030973e-05,0.09401277498760031,0.0002893994743007428
darts_enc_fc_cyc_week_cos_futcov_lag6,0.029649224877559135,0.008346598567814122,0.10062652801239443,0.0001441648338496316,0.15032906489284306,0.03974373221919633,0.05362395282579678,0.0002804957773318684,0.000289329070579325,0.0004441374227780015,8.353754725298757e-06,0.00042859864558457693,1.2251452467770818e-05,0.000550694197029511,0.054637609461350496,0.00028769433149947887
env_weather_cloud_cover_mean_futcov_lag-1,0.09520567321409772,0.017680246776180256,0.008350138318375196,0.001650175298039863,0.006561302190048434,0.0350380226458476,0.0038916412235799934,0.0009835651634507725,0.00027259089208688805,0.00015053951788852605,8.490936572256303e-05,0.00015141583293256655,0.00024105891445769245,0.00011871931479312536,0.024053885666595578,0.00028611414304744766
darts_enc_fc_cyc_day_cos_futcov_lag5,0.009667820996072956,0.00931482583778304,0.02168133449141375,0.05488427663170278,0.011646771890018158,0.02378150805980905,0.0,0.0001328199930313412,0.0004983531248385908,0.00027324393520622436,0.0006272031400687217,0.0002773289212556262,0.00011831221357663235,0.0,0.018710933986685673,0.0002753230468538767
darts_enc_fc_cyc_month_cos_futcov_lag3,0.004326319392978408,0.03685365095667231,0.023143453197576436,0.021586649162258918,0.038094013015643066,0.0,0.03142535150157848,0.0001746198339330096,0.00016818840143324466,3.503090974450451e-05,0.0002417152540701739,0.0007843032894779168,0.0,0.0004845569727039534,0.022204205318101085,0.00026977352305182896
darts_enc_fc_cyc_day_cos_futcov_lag6,0.00815035890679671,0.01072952702071247,0.04158410324967306,0.0122761574407122,0.021935927415326097,0.0018653599688881414,0.01864796260568113,0.00023952794364867636,0.0004951495879718104,0.00040613351012668274,0.00044995938322891507,0.00012361399255567118,-7.089214697586499e-06,0.0001651902095623825,0.01645562808682712,0.0002674979160566503
darts_enc_fc_cyc_month_cos_futcov_lag6,0.009307076541967718,0.0026393265719372133,0.0010096612904685472,0.008663311968958977,0.0007224969015117075,0.002792733965024014,0.011475848913023749,0.00032127052833019754,0.0002843494789511958,4.153790555916359e-06,0.00018222988280680585,0.0001277790195972406,0.0003635017013325026,0.0005804680521350081,0.0052300651646988465,0.0002662503505298381
env_weather_wind_direction_10m_dominant_futcov_lag2,0.052726118759314045,0.05038026012245412,0.00973239015501626,0.07014589456347096,0.015721604208972447,0.005554508408130532,0.0018004704397196133,0.00039384878401369503,0.0003835990348747931,0.00018106494579075427,0.0006003959980073192,0.00014689989535423553,8.166184512021779e-05,3.491623364642038e-05,0.029437320951011144,0.0002603409624010622
env_weather_pressure_msl_max_futcov_lag1,0.03608013075891485,0.04042176250635641,0.05910349523472968,0.025408159482271427,0.04121892003340889,0.021759645344141196,0.019146912275452562,0.0006263689562751695,0.0004873230614081736,9.933320494166508e-05,0.00011376075317852674,0.00028120843688772545,0.00011805445058621356,8.288229183894824e-05,0.03473414651932501,0.00025841873644520316
env_weather_pressure_msl_min_futcov_lag4,0.004579295560628459,0.02095005851765517,0.09565080968949188,0.017349719919970398,0.023918622633148024,0.03660653795754986,0.013107082824747738,7.637725237730208e-06,0.00019919915893504836,0.00017557036309026052,0.00023112002743437278,0.0002064634593690995,0.0008099371004623102,0.00017797126025014264,0.030308875300455933,0.00025827129925413777
env_weather_soil_moisture_0_to_100cm_mean_futcov_lag1,0.008558372328185957,0.009975489596372221,0.01488670886802633,0.023475095315892387,0.002784049760372996,0.0073322625029133125,0.03448388933289071,0.000603197394347732,3.942565524990282e-05,0.000548687406338333,0.0001192146567094321,0.0001811973707163128,0.00030712444557114973,8.1294492568329e-06,0.014499409672093415,0.0002581394825985279
env_weather_pressure_msl_min_futcov_lag2,0.10241787296172235,0.009186824689875209,0.031031642519705745,0.014388736179310484,0.008141271958117471,0.0,0.005924126622584572,0.00046131349391300704,0.0002838635035035786,0.0004399635484539921,0.0003068338223252809,0.00020782472444575985,0.0,7.727165185866802e-05,0.024441496418759406,0.00025386724921432665
env_weather_pressure_msl_max_futcov_lag5,0.023155572881101285,0.012582482517231597,0.030037119025019276,0.008523264281567881,0.00700142701794665,0.035153927865985354,0.01086234045638186,5.105632782607117e-05,6.270017682810102e-05,0.0004597192510213288,0.0001986882446113558,0.00023378432493097455,0.0003064702638101213,0.00042411069520258414,0.01818801914931913,0.0002480756120329339
env_weather_pressure_msl_max_futcov_lag-2,0.03243658796765552,0.023705283911959252,0.01947898531961211,0.015259499767485068,0.0756827495843087,0.028962234472944902,0.007274931816613071,0.00035386121342786405,0.00019598995354395133,8.693159279036245e-05,0.000214815660894474,0.0005367994571894074,0.00019593505034241066,0.00014648008817870207,0.02897146754865409,0.0002472590023381674
darts_enc_fc_cyc_dayofyear_cos_futcov_lag-2,0.07075832288630926,0.04288817770432454,0.012030514676525066,0.014227213307937964,0.011147315956896778,0.002579327419194132,0.03586498831589106,0.00035001967392223055,0.0005761846638434598,0.00019597501227668345,0.00029365376871182125,7.674731259346145e-05,-0.00013872584128702404,0.0002987833177403143,0.02707083718101126,0.0002360911296858495
rolling_rmean28_28_dist_x_clash_pastcov_lag-7,0.028174053563046718,0.03658515013093005,0.035968868644037096,0.029375902312798213,0.06253824802229131,0.021047507084902183,0.03336686727205659,7.653504110820553e-05,0.0001382907037823511,0.00016370182814384737,0.0003840651311188603,0.0005020457886474539,0.00023208335628110977,0.00011380539295373638,0.035293799575723164,0.00023007532029079489
env_weather_soil_moisture_0_to_100cm_mean_futcov_lag3,0.09118774966327052,0.038148642363860806,0.016575703612878176,0.00560304726834118,0.008464567931059385,0.00041131521721725003,0.0037389725176079354,0.0007298121284551095,4.658695926773593e-05,0.0007389198663796392,-8.410359610202533e-05,3.527643629808175e-06,1.4600145270815545e-05,0.0001549220665468587,0.023447142653462177,0.00022918074477827746
env_weather_pressure_msl_min_futcov_lag-2,0.008918356766182212,0.005612607615960337,0.0016483221712507454,0.005545800755516045,0.05710174259715276,0.06506621096987761,0.15935260703176596,4.240171569782625e-05,0.000348803113740348,1.927442772360344e-05,0.00021505625061148947,6.961450007048064e-05,0.0003565177513690898,0.0005419792117816291,0.043320806843957956,0.00022766385299920953
env_weather_pressure_msl_min_futcov_lag6,0.03489740041194249,0.02565479669685685,0.014121334068356974,0.008104256092441671,0.07604466697586786,0.019713541333470308,0.065030506508791,0.00020101545571149515,0.00038596437157176753,0.00012901830783638158,4.292865233441745e-05,0.00012072881772504652,9.625800010739649e-05,0.0006135916382683515,0.03479521458396102,0.00022707217765069373
darts_enc_fc_cyc_day_sin_futcov_lag0,0.014760410093568788,0.002850145891052235,0.0012736502693068486,0.0844600726147815,0.035273496505668925,0.015484918979808244,0.016136240217368227,1.9580959613740845e-05,0.00026895425590218737,8.913938472745463e-05,1.403505713004627e-06,0.0007600573711246339,0.00027104830252322465,0.00015885799152379754,0.0243198477959364,0.00022414882444686337
env_weather_wind_direction_10m_dominant_futcov_lag4,0.0032735823870336665,0.006152656300672228,0.014706416771300758,0.02530972308260216,0.045956807497983976,0.08883048579109684,0.01044770364724715,1.9783287190100474e-05,5.095367722756095e-05,0.0003375549199474692,0.00013932275912902358,8.731537805486411e-05,0.0008133241645132295,9.912978033479458e-05,0.027811053639705253,0.0002210548523424346
env_weather_cloud_cover_mean_futcov_lag-2,0.020648960523031393,0.011303075911604371,0.00708181969297416,0.014962865993341075,0.027153501333648904,0.03406394425431452,0.02021175124367847,0.0004630086280411394,0.00010264955921563956,9.46545850750713e-05,0.0003563117745078337,0.0002912527691566025,0.00013659137083885665,8.996293448841897e-05,0.019346559850370416,0.00021920451733193743
darts_enc_fc_cyc_week_cos_futcov_lag2,0.0016349724341754948,0.0019904726728884894,0.0,0.003294928417172513,0.07054060133765797,0.08488253734347533,0.05871378850472647,0.00029346104573646503,0.00031755367284700407,0.0,0.00037145142919889904,0.00033424753950450636,5.737478552467756e-05,0.00012811557321168454,0.03157961438715661,0.00021460057800331954
darts_enc_fc_cyc_week_cos_futcov_lag3,0.0005349992294382732,0.0031665476119667867,0.020356869724882633,0.058987983633719675,0.05177523733235983,0.00454554061809543,0.013938747452338644,0.0001311153379221608,-1.77267220506927e-06,4.976080608987133e-06,0.0005076305799889047,0.0005503744521866416,0.00025008348104385016,5.237585041157899e-05,0.021900846514685896,0.00021354044427957916
darts_enc_fc_cyc_day_sin_futcov_lag2,0.03875369291263344,0.09803693747782011,0.0020241660954349464,0.00299463680437027,0.004603698404453632,0.005175889761818758,0.0,0.00010612108000189746,0.0009331027724848839,0.00013953249320641792,0.00013903697253139224,9.264786054290486e-05,6.594284848941978e-05,0.0,0.021655574493790165,0.00021091200389384518
darts_enc_fc_cyc_day_sin_futcov_lag-1,0.020262962539231433,0.0,0.015309408242157832,0.003475596120733035,0.0,0.038639824177790744,0.0003261209131843313,0.0005748156945987404,0.0,0.00028597087757384896,0.00031580559313177937,0.0,0.00019976731556528015,5.510785884286218e-05,0.011144844570442482,0.00020449533424464443
env_weather_pressure_msl_min_futcov_lag1,0.00936308421126745,0.030057046745459396,0.07583697872424058,0.008422122085676383,0.00205597639506816,0.009048187246637428,0.010621520011612217,8.693475758332347e-05,0.00044028183077138294,0.0005833006836531319,0.0001890783884819891,1.607855098759714e-05,0.00017258508276354334,-6.686116013132626e-05,0.02077213077428023,0.00020305687630137737
rolling_rmean28_28_dist_x_clash_pastcov_lag-1,0.05122464323454946,0.030144417752688894,0.03311013442819127,0.003993548504057559,0.04962729874444945,0.02825637530666514,0.03189839015365004,0.00024933819761829845,0.00013558639445250266,0.00020079188255368586,3.298628871459819e-05,0.00045913214139954307,0.00031058218677884055,2.3047471971748835e-05,0.03260782973203597,0.00020163779478417395
env_weather_pressure_msl_max_futcov_lag2,0.046783856987434924,0.01603747977077628,0.056654069013390984,0.0016831918646788345,0.0324120388683677,0.01980968186977208,0.001290991519493594,0.00010002957007089197,8.499017939453957e-05,0.0002223582476421182,0.00032266388990749296,0.0003397227339587694,9.425964180667101e-05,0.00024586259585339664,0.0249530442705592,0.00020141240837626853
darts_enc_fc_cyc_day_sin_futcov_lag-2,0.003096566026272916,0.01136909131562896,0.003713831609003445,0.016731126110510586,0.014078157986966993,0.008327911238954733,0.007035745021277154,-3.2833602992443646e-06,0.0006648315995420706,9.790241777889453e-05,0.0003429343992193301,0.0002483871192578313,2.0955607855821513e-05,4.996445910121494e-06,0.00919320418694497,0.00019667488989497502
env_weather_pressure_msl_max_futcov_lag3,0.0070572587932689205,0.026378895704809228,0.002851633630764765,0.009538613617939104,0.04137571004941928,0.026619398598259476,0.002846016345705244,0.00010041034149399497,0.00011062196079203446,0.00021506514194047366,0.0001054080267457902,0.0005670175420252388,0.00022540123611352046,3.8915498329838985e-05,0.01666678953430943,0.00019469139249155592
darts_enc_fc_cyc_dayofyear_sin_futcov_lag1,0.0,0.01679937856254798,0.026790592017346584,0.028464852534641656,0.027486709944666468,0.01713217660238824,0.012273755059490065,0.0,0.00040052499961165113,0.00010083646727665485,0.0002337700601927617,0.00040955726954985396,5.6894234897808535e-05,0.0001371655912297376,0.01842106638872586,0.00019124980325120966
darts_enc_fc_cyc_week_sin_futcov_lag-2,0.0408364092382878,0.02642692179278038,0.01697731637072747,0.012640086142021176,0.011558206999770844,0.0074676318959898446,0.01002350426883304,-0.00018034604932393172,8.224612255467446e-05,0.00044169435086411913,0.00037757003679914634,0.0004339284174972757,3.057833851902725e-05,0.000127944504856381,0.017990010958344366,0.00018765938882381317
darts_enc_fc_cyc_month_cos_futcov_lag1,0.005927475322924271,0.013164889649648556,0.015718843713927143,0.008213489651278239,0.0,0.0,0.004812371485984318,0.00042425492488522564,2.4868463751093194e-05,0.00028054606796568127,0.0003115383223398771,0.0,0.0,0.0002503872843267807,0.006833867117680361,0.00018451358046695114
env_weather_soil_moisture_0_to_100cm_mean_futcov_lag2,0.014212969425245827,0.005807618137138973,0.011046043894505924,0.06531903809173457,0.010177108740266835,0.013617482309907183,0.009808421087604553,6.707413230635506e-05,6.466465715717628e-05,0.0002809186983030454,0.00025301335639571487,0.0003654135954719084,0.00011335856431387015,8.140142517385485e-05,0.018569811669486267,0.00017512063273170358
darts_enc_fc_cyc_month_cos_futcov_lag0,0.005809603271654807,0.0,0.02665523070464175,0.01739628192758869,0.0,0.018862358781362772,0.023829079292880428,0.00026520673245034043,0.0,2.9782391070276582e-05,0.00036585965321727086,0.0,0.00027079119117114916,0.0002862726834427454,0.013221793425446922,0.0001739875216216832
darts_enc_fc_cyc_dayofyear_sin_futcov_lag6,0.02234822534289939,0.010252620977752522,0.03365839493161543,0.03567051819392783,0.030579775733490314,0.02897447314495799,0.02425735612012678,0.0002907577564509989,0.00011849337283291739,0.00011851360316730286,0.0003618608582707905,0.00010710127519513169,0.00015085600404844967,4.004798935492992e-05,0.026534480634967182,0.000169661551331503
darts_enc_fc_cyc_week_cos_futcov_lag4,0.0,0.035989816068733145,0.00705882874479588,0.012821946558360702,0.007948346933863886,0.0025984822758543893,0.013722110882807285,0.0,0.000339116482447932,0.00013998902369469768,0.0001285877004422842,0.0001955317513357091,4.9351654026441595e-05,0.00033327128670816996,0.011448504494916469,0.00016940684266503352
darts_enc_fc_cyc_day_sin_futcov_lag1,0.030799051273219084,0.006654751072965334,0.0006529930174525576,0.015031172043670287,0.0013294624672834845,0.04855686147041429,0.004090022044848464,9.121055368546127e-05,0.000206170244736259,3.3164223393944424e-06,0.0005797794017333268,7.047577177761166e-05,0.0001014822542543925,5.280683789876672e-05,0.01530204476997907,0.00015789164091788746
darts_enc_fc_cyc_day_cos_futcov_lag3,0.006717658476693657,0.013854730349925936,0.00031483979920123977,0.0045977177610732,0.00883911822268352,0.0022429474180978046,0.0064291232347981255,0.00040931804426005416,7.34656100863429e-05,1.8460457751334758e-06,0.00021896497701163754,0.00026270765973792634,1.41961841146232e-05,0.0001017592077517282,0.006142305037496211,0.00015460824696249224
darts_enc_fc_cyc_dayofyear_sin_futcov_lag0,0.010508739318993309,0.06707699054299006,0.010538965427404968,0.0,0.012259519054191755,0.007181701070510934,0.0037807664024451446,0.0001282126264993577,0.0003807540349287875,9.805355894649814e-05,0.0,0.00038714363843788123,-8.151828522984239e-06,5.3013904895338194e-05,0.01590666883093374,0.00014843227645498262
env_weather_soil_moisture_0_to_100cm_mean_futcov_lag4,0.024829051109423468,0.00780208961649811,0.02286492756029266,0.0005600537231399125,0.01301191778300332,0.009132802406546901,0.02254595561956513,9.425238945426351e-05,5.8302569043466866e-05,0.0006101346488942116,9.536041126079197e-07,8.436961120150688e-05,3.58741031287968e-05,0.00015385209220435402,0.014392399688352786,0.00014824843114845824
darts_enc_fc_cyc_month_cos_futcov_lag4,0.0,0.00028821211546546617,0.05406077440676696,0.0,0.014001861672016502,0.00900577864281946,0.04553678707564508,0.0,4.604368304517159e-06,0.0001946411960397576,0.0,0.00021953070551068433,0.0005638996279495156,2.600495405560288e-05,0.017556201987530495,0.00014409726455143963
darts_enc_fc_cyc_month_sin_futcov_lag0,0.0246253447168448,0.006807926281148912,0.008177852073519717,0.006279400782148154,0.010986971852618746,0.0260329952351279,0.0064388960547178895,0.00023467271313346583,0.00013057411664341156,2.9354108833934412e-05,0.00021033287985410264,0.00025729687897857456,4.723246225639688e-05,9.805364996300359e-05,0.012764198142303732,0.0001439309728089842
darts_enc_fc_cyc_week_sin_futcov_lag1,0.014753502413440254,0.010161412081833143,0.006754081750791127,0.0,0.009871523625309034,0.007247973546581639,0.0,6.289130472534322e-05,0.00045645818524449046,7.068943398829131e-05,0.0,0.00031237065949467623,7.735430220328077e-05,0.0,0.006969784773993599,0.0001399662693794403
darts_enc_fc_cyc_month_cos_futcov_lag-1,0.0,0.01693108335386387,0.004666414612841594,0.11082283511996437,0.023498053630960657,9.278956494990413e-05,0.0024983460911701806,0.0,0.0002035830699055996,9.506432495640649e-05,0.00015211094263034575,0.00047281605904754277,1.2892161946065351e-05,3.531212251013382e-05,0.02264421748196437,0.0001388255258565848
env_weather_soil_moisture_0_to_100cm_mean_futcov_lag-1,0.003195887031797857,0.005515610870869329,0.010404783805175911,0.002793200906652046,0.01580582538070885,0.04632324084328701,0.02090584793654682,4.958531108496533e-05,4.6040777463685065e-05,6.080242886177256e-05,-1.55854527241317e-05,0.0001333683719037415,0.00020787122013758984,0.0004680019116594547,0.01499205668214826,0.0001357263669124396
darts_enc_fc_cyc_day_sin_futcov_lag3,0.01692590669034051,0.011978579492349256,0.021206379155562633,0.05078835018149203,0.0010571985305110852,0.04410960923993138,0.011020325427772086,0.00023884690413551458,8.456093567001943e-05,0.00010821712533852779,0.00029441273695824944,2.205745732957176e-05,1.9979736654063273e-05,0.0001552135854824499,0.022440906959708427,0.00013189835450977088
env_weather_soil_moisture_0_to_100cm_mean_futcov_lag0,0.016983780923062842,0.000587615981488435,0.006739383569655593,0.0044113788946350445,0.005506290441170166,0.004964608339942283,0.004690164264585951,0.00040446014159374323,1.6793973281159504e-05,0.00013888250716711514,6.5302337648009965e-06,3.651705127436511e-05,0.0001221234453114617,0.00018920164900584346,0.00626903177350576,0.000130644143056927
darts_enc_fc_cyc_dayofyear_sin_futcov_lag-1,0.07662223929837068,0.10312385401907659,0.006601249169780556,0.007473966578758081,0.01225613849230577,0.02787996166053843,0.00993777536483877,2.4511613264599496e-05,0.00016542598618938254,4.047348904008263e-05,0.0001378954918940245,0.0001680869118637407,0.0001717563223104568,0.00019992924572105332,0.034842169226238416,0.00012972558004047712
env_weather_pressure_msl_max_futcov_lag-1,0.006641139396184235,0.036295804567625344,0.05305489613698412,0.023219438445272394,0.014009098109844792,0.024365609815870264,0.04716526982695016,0.0002859786000733555,-2.108964953035919e-05,0.0002756264361769567,0.00011182567367107321,-5.199755472395929e-06,0.00010240225670963277,0.00013005638260308317,0.02925017947124733,0.00012565713489019232
darts_enc_fc_cyc_day_sin_futcov_lag5,0.016946189934487696,0.01184070971278217,0.0031184765118103023,0.013168853593333696,0.012301210355211731,0.008191785436180642,0.004918306593873786,0.0003157378564249802,0.0001900665381515454,3.674521969165845e-05,9.013778267492611e-05,0.0001665722530194147,-9.115931699410495e-06,7.457120091334258e-05,0.010069361733954289,0.00012353070273949385
darts_enc_fc_cyc_month_cos_futcov_lag2,0.004425761509108283,0.0,0.018057480682471705,0.008076301717118867,0.048678478292286845,0.0,0.0006190098397888431,0.00037872666916527464,0.0,2.5114840525031212e-06,0.00026013622599248,2.1187306818548633e-06,0.0,0.00021777923200188009,0.011408147434396361,0.0001230389059848561
darts_enc_fc_cyc_dayofyear_sin_futcov_lag4,0.07250616715360052,0.039812133164309337,0.023146406360581975,0.0,0.01050666698439517,0.013061368654009841,0.008484886891715032,0.0004897543756288813,0.00016667006383139782,0.00015494222180607587,0.0,-0.00017348312333800297,9.749320051795074e-05,7.735903727870141e-05,0.02393108988694455,0.00011610511081785774
darts_enc_fc_cyc_day_cos_futcov_lag4,0.0015864893570334418,0.01178221802207562,0.03824247214233947,0.0029263206609422563,0.021659936620913707,0.0,0.009796784866142131,0.00022637386503758793,0.00012910251633211356,0.000388421236963965,5.461044323684661e-06,3.41218426654466e-05,0.0,1.8420604093916105e-05,0.012284888809920945,0.00011455730134524483
darts_enc_fc_cyc_month_sin_futcov_lag-2,0.017861919035537542,0.0334115392235687,0.015675962434691874,0.03094452236275775,0.00013781902775193737,0.0,6.78654008222351e-05,0.0001650731200429023,0.00024285888931148137,0.00011387397913824593,0.00026672496850679297,9.181467169461221e-06,0.0,3.054005380587199e-06,0.014014232497875718,0.00011439520422135301
darts_enc_fc_cyc_week_sin_futcov_lag4,0.0001907294087811369,0.0035519576109735956,0.0035616043961022004,0.007327459717912431,0.016458424377807163,0.00953613250821807,0.0007320029117773661,2.942414161797302e-05,3.100712341144174e-05,6.195049270052433e-05,0.00031475346586005146,0.00021826525702008936,0.00012100469836806571,5.722068422930881e-06,0.005908330133081709,0.0001117324639144395
darts_enc_fc_cyc_day_cos_futcov_lag2,0.05830479693537638,0.001805265255253123,0.008852755495755593,0.0002240505509034443,0.0,0.004594253193068958,0.00018570575244264545,0.00041065306120964263,0.00011512828698134747,4.828251022375163e-05,6.0428317617544636e-06,0.0,0.00017992600891165723,6.6885910487313184e-06,0.010566689597542877,0.00010953161287669782
env_weather_pressure_msl_max_futcov_lag6,0.012674643960715373,0.0029030228623288298,0.0,0.03397788202412867,0.006011520656537039,0.028559633936480883,0.025151013036492975,0.00011030956112698665,9.9348340123262e-06,0.0,0.0003264137898215225,5.654330130708818e-05,0.00014086593693500847,0.00011127332886131657,0.015611102353811968,0.00010790582172346408
darts_enc_fc_cyc_dayofyear_sin_futcov_lag-2,0.0005968232749748881,0.0122865703994254,0.0008961810370551166,0.053879882430826316,0.002107815051594663,0.0,0.00426792276931718,0.00015125766992785117,8.188416548269296e-05,4.607433987700027e-05,0.00028426543579058717,0.00017700560876601212,0.0,5.893630820597018e-06,0.010576456423313365,0.00010662583580924868
env_weather_pressure_msl_max_futcov_lag4,0.000735163898920021,0.0017843641422607072,0.03185883032182967,0.024415159305486336,0.04370038658332558,0.006593796434425973,0.0016400351627325845,1.8868937786575835e-05,1.8184021912781567e-05,0.000154778813405243,0.0001540161278369867,0.00032238385589817843,0.0001232733529880292,-4.80107454940093e-05,0.01581824797842584,0.00010621348061911221
darts_enc_fc_cyc_month_sin_futcov_lag5,0.0,0.0,0.02275091491514675,0.004628150716309957,0.0002955341907155035,0.0020816934371720324,0.02012591637074885,0.0,0.0,0.0002368612780117907,0.0002315604840096075,-1.8535164987953934e-06,9.716804845423254e-05,0.00015618276109119478,0.007126029947156156,0.00010284557929543287
darts_enc_fc_cyc_dayofyear_sin_futcov_lag5,0.041281837677782124,0.02645253562372043,0.006117856745361117,0.008290994405579063,0.009764244404270346,0.0,0.006028320065208455,0.000152882866544668,0.00025281553677742875,0.00017900607829777205,6.966045667113895e-05,4.447274477474839e-05,0.0,2.0755800295790826e-05,0.013990826988845934,0.00010279906905164957
darts_enc_fc_cyc_month_sin_futcov_lag2,0.0044381610088036665,0.0,0.01347803985392177,0.00012635950737866573,0.0,0.0005011245394753465,0.0022279260905553326,0.00035227796498598084,0.0,0.000254428585651012,3.3499362735311954e-05,0.0,7.180549652718859e-06,3.088582217398716e-05,0.0029673730000192543,9.689604074271582e-05
darts_enc_fc_cyc_day_cos_futcov_lag-2,0.0018370666247515047,0.0012901495070956556,0.0007123525670517562,0.00580923038164684,0.008369727329216413,9.129401269165781e-05,6.434271729108204e-05,0.00015926443556910642,1.9727001543401457e-06,6.729919740622314e-06,0.00017964424953342828,0.0002623267508690574,-5.488030812017541e-07,5.09003240777961e-05,0.002596309019963559,9.432708240902128e-05
darts_enc_fc_cyc_month_sin_futcov_lag-1,0.0014969709685928678,0.0018436229604806556,0.026306027787123414,0.01101869972317888,0.003478203472415947,0.016692826426885375,0.0,4.289000874519999e-05,5.732931352397941e-05,6.056060826518106e-05,0.00014081631910745074,8.971706279694568e-05,0.00023193901025118092,0.0,0.008690907334096734,8.903604609856253e-05
darts_enc_fc_cyc_week_sin_futcov_lag-1,0.021760829795321936,0.013924722444331612,0.005151532575016386,0.010352381260800453,0.005247469906039532,0.019490734636809635,0.0,0.00015973114978358184,2.2897085146356133e-05,7.024264725696838e-05,6.79939933450946e-05,7.492024366597682e-05,0.00020892586982035333,0.0,0.010846810088331367,8.638728414547588e-05
env_weather_soil_moisture_0_to_100cm_mean_futcov_lag5,0.008106291923906857,0.023235231669315817,0.05363038973254134,0.04944010732565584,0.010321395482642402,0.002614967593063847,0.0,-0.0008362214162710435,8.634617738223493e-05,0.0005007291804013603,0.0005683777995927342,0.00022928999550066997,3.077552010481988e-05,0.0,0.021049769103875158,8.275675095868226e-05
env_weather_soil_moisture_0_to_100cm_mean_futcov_lag6,0.07725292631155561,0.0439421341531984,0.015771242653649,0.024954343160349092,0.0038341787168514733,0.020141799606617935,0.030897882762292585,5.768428673471604e-05,-1.9671091792505812e-05,0.00010691529476622997,0.00013015799883588918,2.165900979334001e-05,5.4641998518012436e-05,0.00021151453879222348,0.0309706439092163,8.041457652112933e-05
darts_enc_fc_cyc_day_sin_futcov_lag4,6.214286028331698e-05,0.0013852444743279115,1.5356225960958044e-05,0.013119785472654072,0.00014463268789741636,0.005948069570815761,0.003898691675885249,4.398313483087168e-05,4.592137802976737e-05,6.088754460398249e-06,0.0001685643236720935,2.6539432837147104e-06,0.00011844185843807864,0.00016891442464836982,0.003510560423974955,7.922397390904199e-05
darts_enc_fc_cyc_week_sin_futcov_lag6,0.010544297272469376,0.014870997287826563,9.230653311654027e-05,0.0004374203421752204,0.0015575676933835905,0.011599783539028482,0.04707195925999462,0.000154931459216745,4.5446624670919536e-05,2.319420668182026e-05,9.112739706451656e-06,1.1616686199777959e-05,8.459260465523143e-05,0.0002181392356336298,0.012310618846856343,7.814765096636795e-05
darts_enc_fc_cyc_month_sin_futcov_lag4,0.013496013872390453,0.0002721779462174027,0.0007676142789826827,0.0011843985814572963,0.004324210358641928,0.022515906910728155,0.01510188439983384,0.0002388296318902583,1.4457887698604565e-06,5.942358367261313e-06,6.271841246447973e-05,7.166265470763822e-05,8.304622778807503e-05,7.374776015469652e-05,0.00823745804975025,7.677040487746708e-05
darts_enc_fc_cyc_week_sin_futcov_lag5,0.004326502571163629,0.029555603395898487,0.008299436951950873,0.016703625997357866,0.016513616539271494,0.03738639150001107,0.016681046194397052,-0.00013605509738734423,0.00024442090064402677,0.00020374765697335208,6.0865276076294e-06,-6.5679605758539594e-06,0.00020807116018257689,4.7706465804431275e-06,0.018495174735721497,7.492483343211857e-05
darts_enc_fc_cyc_day_cos_futcov_lag1,0.0011460072461930352,0.027835341855299334,0.0010742735507017914,0.0009985639483374126,0.002652696047607817,0.0016139934529860796,0.0031619294226779946,4.9233904839085516e-05,0.0003472033913811012,6.673838580018021e-06,9.621174579121928e-06,6.061213605470517e-05,1.956084971932448e-06,3.6385727372567625e-05,0.005497543646257638,7.309803682550456e-05
darts_enc_fc_cyc_dayofyear_sin_futcov_lag3,0.0040681538523736505,0.028239711396404233,0.050100749313999354,3.0551582122487554e-06,0.00021591225226166508,0.004743264236145959,1.9409869235661775e-05,0.0001786291258653705,5.352402032283709e-05,0.0001209343258111728,1.3223850404697757e-06,1.620467210257104e-05,0.00013044846895751138,-5.202922852776126e-07,0.01248432229694754,7.1506100830665e-05
darts_enc_fc_cyc_dayofyear_sin_futcov_lag2,0.0014023670648342658,0.008701308772093023,0.051862419243508734,0.0009618021175766806,0.01031960345062742,0.006939340845870166,0.03349279941565388,9.510921974786868e-06,7.058289963155496e-05,9.264170095482082e-05,1.9173070527367388e-05,0.00010830980291187675,0.000101173877660643,5.966461910200671e-05,0.016239948701452022,6.586527039472235e-05
darts_enc_fc_cyc_day_cos_futcov_lag-1,0.00140659982197706,0.006600141508585345,0.00224197812852316,0.0023933465157090217,0.0,0.005573868631828152,0.002047873597236484,-3.703580852953969e-06,0.00016478950714029494,1.4661242214342175e-05,6.818467835401076e-05,0.0,0.0001464225042464129,6.91781747817366e-05,0.0028948297434084605,6.564750369769192e-05
darts_enc_fc_cyc_month_sin_futcov_lag1,0.0,0.0009458582089202979,0.01143199659723848,0.00022927928864222393,0.013671409132711468,0.004970456811183779,0.0020883823942257594,0.0,4.604787674498123e-05,0.00016802824298991492,2.1329883091336656e-06,1.5645483780368786e-05,0.00015507215158991894,5.893732492299186e-05,0.004762483204703143,6.369486690532991e-05
darts_enc_fc_cyc_day_cos_futcov_lag0,0.008730104320279373,0.003986113458075421,0.0034676666488956125,0.015161332572420607,0.002040651782227221,0.0,0.0007441245846218349,3.532965820336464e-05,9.366567529447422e-05,5.095413394959891e-05,0.00012125554379178727,5.2915462443903216e-05,0.0,6.996613565557475e-06,0.004875713338074295,5.1588155321240815e-05
darts_enc_fc_cyc_day_sin_futcov_lag6,0.01502217355885335,0.014962543070298238,0.0017199975330142768,0.009942782379671635,0.001923113723778521,0.003140025011261789,0.0,2.4170041148963152e-06,7.720593589257695e-05,0.00016729763182907754,5.727111737299229e-05,4.268013313630803e-05,-1.1991175986381108e-06,0.0,0.006672947896696829,4.938181496388758e-05
darts_enc_fc_cyc_month_sin_futcov_lag3,0.0,0.006862491694698821,0.0,0.0007190594740418807,0.0,0.024191056370293746,0.004895713717345928,0.0,-0.0003479036420011239,0.0,4.3772847506962084e-05,0.0,0.00023514580026187115,0.0004056234820230875,0.00523833160805434,4.80912125415424e-05
darts_enc_fc_cyc_month_sin_futcov_lag6,0.000977953087647306,0.0,0.0,0.007356772668113807,0.0006294667616120434,0.004959929016812702,0.0029661352453233853,3.6531660878025285e-05,0.0,0.0,3.942133432732753e-05,3.1879967729775414e-05,0.00015149530765585785,6.931238011416152e-05,0.0024128938256441777,4.694866438644966e-05
darts_enc_fc_cyc_month_cos_futcov_lag5,0.006164669180385267,0.0,0.03248940073127807,0.006573871794771219,0.012760366634934822,0.0,0.011255193219124047,4.093283076476162e-05,0.0,0.00017469026227638905,-8.868439798010996e-05,0.00010539006048140286,0.0,9.375344992750279e-05,0.009891928794356202,4.6583172209992344e-05
darts_enc_fc_cyc_week_sin_futcov_lag0,0.011406622533247184,0.0007711711060997515,0.0,0.0,0.0,0.0,0.0,0.00033300087701177984,-4.137258392895582e-05,0.0,0.0,0.0,0.0,0.0,0.0017396848056209907,4.1661184726117716e-05
darts_enc_fc_cyc_week_sin_futcov_lag2,0.0,0.0068714406576231984,0.005678554597326932,0.0,0.006216254097025408,0.002879922029267643,0.013130755220225736,0.0,1.0550213443916156e-05,0.00014839999478100108,0.0,6.642868828343751e-08,2.3653004143620036e-05,-1.891900329817897e-05,0.004968132371638416,2.3392948251234535e-05
darts_enc_fc_cyc_week_sin_futcov_lag3,0.028250246115477627,0.06324191638581056,0.0,0.022990540573832208,0.014212027514614102,0.0255839086272849,0.0,2.0003281418601302e-06,5.530119637775499e-07,0.0,5.0668365513106825e-05,7.053675233630319e-05,1.9109487234514334e-05,0.0,0.022039805602431344,2.040970645565172e-05
