Feature,h1_gain,h2_gain,h3_gain,h4_gain,h5_gain,h6_gain,h7_gain,h1_perm,h2_perm,h3_perm,h4_perm,h5_perm,h6_perm,h7_perm,agg_gain,agg_perm,model
Activity_Level_statcov_target_act_drone_strike_on_ua,210793.06578969955,211876.12043762207,213634.3645248413,219644.663977623,212520.8888516426,213548.0214266777,216578.90123081207,0.45311001619146785,0.4253243139183711,0.44825445844030964,0.44222023657103043,0.4441984452007418,0.447649363212068,0.46352005906335025,214085.14660555977,0.44632527037104847,global_lightgbm_poisson
region_statcov_target_act_drone_strike_on_ua,41483.72522211075,41879.46005964279,41788.53352975845,40931.90983295441,37392.7540974617,39332.116455078125,39006.37891674042,0.24843441881794331,0.24039219911086987,0.23614839938970195,0.21898863706949512,0.20857945835386155,0.21685138188742728,0.2124018035019251,40259.268301963806,0.22597089973303205,global_lightgbm_poisson
rolling_rmean28_28_act_total_daily_strike_events_pastcov_lag-14,7573.029433727264,16094.877173900604,28006.619752407074,36963.652072906494,22739.05675983429,7254.845003604889,4596.64376783371,0.02515325749402808,0.05231208266636802,0.09927688635022988,0.13715803924950173,0.08345907807643822,0.006871379807187039,0.0049082056089566175,17604.10342345919,0.0584484184646728,global_lightgbm_poisson
act_drone_strike_on_ua_target_lag-6,3753.572522163391,281392.90841150284,80365.63952445984,7965.260887622833,7270.683858633041,33507.506333351135,4148.334351539612,0.0029769707698382277,0.20825493671559298,0.06788907306615981,0.0034441004463659384,0.01508560537390633,0.015505714543045768,0.0011389272417629214,59771.98655561038,0.044899332593810286,global_lightgbm_poisson
act_drone_strike_on_ua_target_lag-5,7035.511612892151,2388.821547985077,263471.7889986038,74188.72672700882,6944.896626472473,4913.568589687347,27734.591531276703,0.0019062967618609817,0.0026620816851079974,0.19912729766067994,0.06314270757143366,0.004027107080689585,0.014853013097679058,0.013630191736008278,55239.70080484663,0.04276409937049421,global_lightgbm_poisson
act_drone_strike_on_ua_target_lag-3,55582.89243221283,3291.1103649139404,2285.091007232666,2180.8782839775085,284446.62169361115,63767.116525650024,6089.275253772736,0.027215649776923433,0.001435248918090193,0.0014068630961943107,0.003916021450318952,0.2120939821994657,0.048481398333997935,0.0037082905294836487,59663.283651624406,0.04260820775778202,global_lightgbm_poisson
act_drone_strike_on_ua_target_lag-7,265102.95736312866,61232.07288169861,7621.362838745117,19758.361800670624,28811.97176361084,2754.0532932281494,1629.6149616241455,0.2087867733094241,0.044612559738447174,0.004115154506490382,0.020674037049541093,0.014934413527056111,0.001308134429544916,0.0005793265556944815,55272.91355752945,0.04214434273088546,global_lightgbm_poisson
act_drone_strike_on_ua_target_lag-2,661.5883016586304,33534.32689857483,1707.5101714134216,3316.6812982559204,2663.829436779022,292829.1336145401,71702.86574316025,0.001552140050915507,0.01501627183573868,0.0021610888583827093,0.001652648682774549,0.0034180576116097814,0.21312794695673148,0.05674941372045026,58059.419352054596,0.04195393824522899,global_lightgbm_poisson
act_drone_strike_on_ua_target_lag-4,5687.017681121826,5223.435083389282,2665.786027431488,263306.18791007996,71562.38796281815,6877.402503967285,18675.129776477814,0.0025071392290633154,0.0027914651796717704,0.0032902084127588217,0.19618738900856267,0.06261467815136286,0.0029293297636498795,0.022254010337031182,53428.19242075511,0.04179631715458578,global_lightgbm_poisson
act_drone_strike_on_ua_target_lag-1,36305.593155384064,1540.8754997253418,30953.168162822723,7729.338048458099,4141.206406593323,1349.4358654022217,277296.7777404785,0.011965857932312751,0.0009675361140386585,0.01786470313062736,0.0015264148582822435,0.002262941420895914,0.0022987741463290413,0.20363428518292878,51330.91355412347,0.03436007325505925,global_lightgbm_poisson
ewm_ewma14_act_drone_infra_ua_residential_intent_pastcov_lag-1,5424.165826320648,9707.873342514038,7305.259517669678,8429.872814655304,13996.90338897705,12477.92057800293,11855.426008224487,0.014437655320314668,0.04077655623346417,0.02290573783065166,0.018766819999670357,0.05044145504515198,0.04426879660372438,0.03631021965516475,9885.345925194877,0.032558177241163146,global_lightgbm_poisson
rolling_rmean28_28_act_total_daily_strike_events_pastcov_lag-7,16630.60014152527,31237.70272254944,6070.022797584534,6611.3143520355225,8167.960500240326,12394.327266216278,1508.839129447937,0.041463770093244735,0.0935136677871469,0.011192213205627998,0.011918739562682901,0.014086195503673137,0.05279471665251485,0.0012973631052863644,11802.96670137133,0.032323809415739556,global_lightgbm_poisson
ewm_ewma14_act_drone_infra_ua_residential_intent_pastcov_lag-14,11388.653165340424,11282.809198379517,9230.94072151184,8737.23989725113,7442.216067314148,8588.903053283691,7403.369849681854,0.038701242891109454,0.030176791405874193,0.02906289786814964,0.029798064524269606,0.024169386148328087,0.03367719878641669,0.010896900225479534,9153.44742182323,0.028068925978518174,global_lightgbm_poisson
ewm_ewma14_act_total_daily_strike_events_pastcov_lag-1,1829.2562675476074,2231.1636905670166,255.10429525375366,105.66667985916138,6736.353116035461,22636.446578502655,27133.119167804718,0.0050975663560410165,0.008527115563892162,0.0009283913588726822,0.0002377234898395697,0.021308351772840517,0.08868397608282938,0.07049343413859273,8703.872827938625,0.02789665125184401,global_lightgbm_poisson
ewm_ewma14_dist_to_nearest_ru_km_pastcov_lag-1,1245.1936974525452,1835.2068014144897,2011.3761930465698,2275.2883315086365,2615.3745884895325,2663.0818343162537,2348.521104812622,0.015547160233619017,0.01985064789661801,0.02678328216849759,0.033315245716879535,0.03321967748157029,0.03331204836107815,0.03233905363323926,2142.006078720093,0.027766730784500267,global_lightgbm_poisson
ewm_ewma14_act_drone_infra_ua_residential_intent_pastcov_lag-7,10228.405312538147,3300.7256441116333,6889.996141910553,7419.94402885437,3927.8988184928894,4344.038363933563,8572.237836360931,0.0371299373945434,0.007758284133295312,0.02521616062885712,0.0408329514569411,0.01494534575836044,0.020671108020325412,0.03394769288524417,6383.32087802887,0.02578592575393814,global_lightgbm_poisson
rolling_rmean28_28_act_total_daily_strike_events_pastcov_lag-1,2356.1618523597717,1349.2529859542847,21387.019326210022,16272.121500015259,13142.856523513794,10039.08957195282,7917.11624622345,0.005364049844191587,0.0037194714154648034,0.055724794584425655,0.02813622365262327,0.025279639897894456,0.020835085429814583,0.015165450774438583,10351.945429461342,0.022032102228407565,global_lightgbm_poisson
ewm_ewma14_dist_to_nearest_ru_km_pastcov_lag-14,3356.899296283722,2055.172348022461,1462.0055418014526,2170.8146228790283,1139.7583632469177,1429.221308708191,2016.0703392028809,0.047519398952838056,0.020038331875721592,0.0092951469346499,0.028361425287130038,0.006803681737997258,0.010170915645263201,0.025291203972106158,1947.1345457349505,0.021068586343672313,global_lightgbm_poisson
ewm_ewma14_acled_other_rus_shelling_artillery_missile_attack_pastcov_lag-1,11277.598584651947,6030.504564285278,4041.5256156921387,1066.4352312088013,1234.1980257034302,2944.5162315368652,9583.166160583496,0.029584809074912878,0.037405481886936355,0.018203147607599734,0.0022814500970086194,0.008791303611636403,0.00394801287397466,0.015007771580529483,5168.2777733802795,0.016460282390371162,global_lightgbm_poisson
rolling_rsum14_14_act_drone_strike_on_rus_in_rus_nofpv_pastcov_lag-14,3882.7104201316833,4911.642249584198,7173.635471343994,628.8185834884644,229.90459537506104,3107.6767868995667,3560.4948782920837,0.021227072255175238,0.026190015840018656,0.042183731764297974,0.0009470663541931267,0.00039729427123085247,0.002328805974287995,0.003656503313210324,3356.4118550164358,0.013847212824630596,global_lightgbm_poisson
ewm_ewma14_act_total_daily_strike_events_pastcov_lag-7,30920.20794057846,2117.306718349457,5497.684505939484,1651.119936466217,143.19247817993164,2942.741180419922,923.5751314163208,0.07750755602506236,0.0011938625311460616,0.004177227055664567,0.001396298571721255,0.0005752235101282421,0.010475325347705034,0.0007916694409821456,6313.689698764256,0.013731023211772811,global_lightgbm_poisson
ewm_ewma14_acled_other_ua_disrupted_weapons_use_pastcov_lag-1,3297.964042663574,4060.811804294586,3171.1670637130737,1550.942997932434,1692.4365935325623,1721.7787475585938,1677.5970044136047,0.020727540616231565,0.02026904959050164,0.016882617223886464,0.007079981225599696,0.007995448658103222,0.0073717119624903795,0.012021520862413527,2453.2426077297755,0.013192552877032356,global_lightgbm_poisson
ewm_expdecay7_act_total_daily_strike_events_pastcov_lag-14,3516.84716463089,945.913740158081,3596.287326335907,708.1209275722504,401.6032762527466,3602.485017299652,1377.7403988838196,0.019492660257605987,0.003678480961927377,0.018006686865426037,0.0007094218989334821,0.0005464308075709079,0.04202932619157087,0.004166088965906778,2021.2854073047638,0.012661299421277349,global_lightgbm_poisson
ewm_expdecay7_total_ru_area_km2_pastcov_lag-1,1508.7661757469177,3593.0657868385315,683.4593720436096,8588.257497310638,6242.593564033508,1308.4682364463806,761.0483570098877,0.0015862189708355067,0.004889835344819504,0.0030076241459839224,0.04718975309940869,0.020029702862375598,0.008327793579201815,0.001011917057532874,3240.8084270613535,0.012291835008593986,global_lightgbm_poisson
ewm_ewma14_act_total_daily_strike_events_pastcov_lag-14,227.46381855010986,3996.4627089500427,1338.8361597061157,499.1301369667053,2443.7366037368774,9289.914751052856,4550.477064609528,0.0008004012377559766,0.008963979761995432,0.001000853264702739,0.0003876130374653286,0.005192206064684712,0.03130401114150998,0.0379817631909888,3192.288749081748,0.012232975385586138,global_lightgbm_poisson
rolling_rsum14_14_act_total_daily_strike_events_pastcov_lag-7,17193.015977859497,12995.390002250671,3661.6336765289307,8010.7529492378235,3957.754449367523,780.7273454666138,2679.9942588806152,0.018551404034156494,0.023346701399588544,0.005232069926500893,0.0068316064608009205,0.015748666090221675,0.004617949680592859,0.0044052773659947865,7039.895522798811,0.011247667851122311,global_lightgbm_poisson
rolling_rsum14_14_act_total_daily_strike_events_pastcov_lag-14,82.38568019866943,1738.6072611808777,4570.37371301651,756.3169913291931,9545.378395080566,3560.5626487731934,11968.726860523224,0.00036007115370078057,0.004687186743447614,0.007738756222079468,0.0020640194082924834,0.006012172196833166,0.001088003535308868,0.0566910106436133,4603.193078586033,0.011234459986182239,global_lightgbm_poisson
ewm_ewma14_fin_usd_uah_rate_pastcov_lag-1,870.0275835990906,2354.4224920272827,2821.016508579254,1160.9417276382446,3392.7203793525696,6451.8589968681335,809.6919503211975,0.002185588305720887,0.008796598788549659,0.006926830446374699,0.002016103355369503,0.007716669047267444,0.03172430831670756,0.003880523346744047,2551.525662626539,0.009035231658104829,global_lightgbm_poisson
ewm_ewma14_act_drone_infra_ua_energy_intent_pastcov_lag-7,1566.6407179832458,4207.341540336609,4335.336906909943,1059.356110572815,595.2872533798218,1487.4114656448364,1827.0027256011963,0.006248141761441528,0.021164974067543342,0.02066129483384953,0.0028690012787553785,0.0008208022528235715,0.005198149396740614,0.005720367570705198,2154.0538172040665,0.008954675880265594,global_lightgbm_poisson
ewm_expdecay7_dist_to_nearest_contested_km_pastcov_lag-1,1533.0712957382202,1847.026798248291,869.230269908905,1232.4880962371826,618.9976568222046,474.8638424873352,785.6632952690125,0.015580649597099172,0.008299067541486571,0.013803327857318415,0.003149982022670983,0.00978581853458913,0.004956067672787645,0.001093344733556112,1051.6201792444501,0.008095465422786862,global_lightgbm_poisson
rolling_rmean28_28_fin_usd_rub_rate_pastcov_lag-14,175.64906978607178,2561.250946998596,1703.9493131637573,2501.5732531547546,2036.6170105934143,1302.911455154419,466.7884912490845,0.00013221282328499396,0.01330605272853247,0.009370258857167735,0.011133106507746838,0.016166544595004818,0.00598378001367299,0.0004906192014439981,1535.5342200142998,0.00808322496097912,global_lightgbm_poisson
rolling_rsum14_14_act_drone_strike_on_rus_in_rus_nofpv_pastcov_lag-7,1103.4515924453735,411.06337881088257,38.98471975326538,4152.572988510132,4039.259014606476,6412.966410160065,158.4508581161499,0.002110056658335102,0.000427543756357629,6.646241545911202e-05,0.002428875406788955,0.014489786098985769,0.033721404711675194,0.0010221594828601298,2330.964137486049,0.007752326932923126,global_lightgbm_poisson
ewm_ewma14_fin_usd_uah_rate_pastcov_lag-14,1780.8649759292603,880.0716338157654,1396.8566241264343,1359.0870580673218,815.1195831298828,1821.128942489624,4358.059643268585,0.008621153698797878,0.0016401523700802167,0.003325430776387317,0.002812223806031655,0.002196096592433605,0.008932763792233223,0.025340426851688025,1773.0269229752678,0.007552606841093131,global_lightgbm_poisson
ewm_expdecay7_acled_other_ua_disrupted_weapons_use_pastcov_lag-1,627.6935362815857,699.5634522438049,862.2745027542114,1608.6682410240173,1721.4616746902466,895.2832565307617,1240.7902760505676,0.004797882586068991,0.00462247653740473,0.007930993290542898,0.015105532733990934,0.01240232261203893,0.0012414519907903987,0.0031049700015953973,1093.6764199393135,0.007029375678918897,global_lightgbm_poisson
rolling_rmean28_28_acled_other_rus_shelling_artillery_missile_attack_pastcov_lag-1,1903.9082598686218,6878.556991577148,1282.9373960494995,3191.0571780204773,3534.9163336753845,10086.683876991272,1898.9790058135986,0.005610006567536963,0.009948087970282238,0.0027101836115354994,0.005836026870101452,0.005139902034212551,0.015413219222631702,0.0035017301840768234,4111.005577428,0.006879879494339604,global_lightgbm_poisson
ewm_ewma14_act_drone_strike_on_rus_in_rus_nofpv_pastcov_lag-14,700.5955991744995,2026.238009929657,3492.562397003174,1055.2908234596252,3062.8303451538086,711.5337495803833,2417.575490951538,0.0011046417950646647,0.00552711974483695,0.004841034876750428,0.0016634321564291455,0.017636332388331687,0.00029555567373167334,0.01142624605680025,1923.8037736075264,0.0060706232417064,global_lightgbm_poisson
ewm_ewma14_act_drone_infra_ua_energy_intent_pastcov_lag-1,2069.4638619422913,572.5337181091309,691.8534789085388,3249.4309043884277,2862.4568424224854,541.7834787368774,947.6692028045654,0.006998234585283636,0.0004981197438503227,0.003328008119764525,0.011696179695650311,0.00985877224461711,0.0022944361838723505,0.004936149887284058,1562.170212473188,0.005658557208617473,global_lightgbm_poisson
rolling_rmean28_28_acled_other_rus_shelling_artillery_missile_attack_pastcov_lag-14,1140.4323868751526,1209.1737022399902,7306.472758769989,10169.921546936035,8620.693551540375,1874.2693490982056,1557.6343636512756,0.0004797145376342904,0.00040663007935941574,0.010070379990888601,0.01618296431866606,0.009929423970623819,0.0013203621735645044,0.0011633806778611033,4554.085379873003,0.005650407964085399,global_lightgbm_poisson
ewm_expdecay7_total_ru_area_km2_pastcov_lag-7,982.2221221923828,1007.8984045982361,2208.6374654769897,831.3477735519409,589.8739995956421,3993.436062335968,2692.8180346488953,0.002085393171045391,0.007711242049451772,0.003800997532221917,0.005271871417806095,0.0007431564888999764,0.006108458275718908,0.012432217388699906,1758.0334089142937,0.005450476617691996,global_lightgbm_poisson
rolling_rsum7_7_act_total_daily_strike_events_pastcov_lag-14,629.7463717460632,2476.631380558014,2867.457844734192,1398.5657596588135,913.4591937065125,1504.1732668876648,628.6196641921997,0.0058834225847465005,0.0076122777685481815,0.006976995555697929,0.01188814603864179,0.0007013894207375416,0.0026146219513365487,0.0004852702971524625,1488.3790687833514,0.0051660176595515655,global_lightgbm_poisson
ewm_ewma14_fin_usd_uah_rate_pastcov_lag-7,868.4030351638794,436.3381624221802,1055.830008983612,3342.9370708465576,1324.1669125556946,1071.9820094108582,2071.704023361206,0.004236471396113628,0.0016674886264667066,0.0024605327908776564,0.01189969279312635,0.0026160772101469164,0.0032699695429986965,0.009067796719944222,1453.0516032491412,0.005031147011382025,global_lightgbm_poisson
ewm_ewma14_fin_usd_rub_rate_pastcov_lag-1,653.8375086784363,1764.981677055359,2040.5004682540894,181.66706085205078,796.9345331192017,807.7977142333984,2281.8927326202393,0.0012658358636465695,0.0031918345810359127,0.007681723881516622,0.00021661092346512146,0.003655840162633384,0.004866260012652423,0.013395598447285596,1218.2302421161107,0.004896243410319376,global_lightgbm_poisson
ewm_ewma14_fin_usd_rub_rate_pastcov_lag-7,1793.396384716034,369.12508153915405,1639.5636854171753,2240.4262294769287,543.9703922271729,543.4053502082825,948.0458498001099,0.01389218173951312,0.0023510530913208203,0.0020467104631891166,0.009527035522802273,0.0022722669641606296,0.0009753184679034632,0.002699986947755084,1153.9904247692652,0.004823507599520644,global_lightgbm_poisson
rolling_rsum14_14_act_total_daily_strike_events_pastcov_lag-1,959.348358631134,657.4646105766296,766.8768653869629,126.1129879951477,276.1986083984375,2741.0374784469604,13970.074499607086,0.0014789637965149094,0.0002911024149696795,0.002598734134640357,0.00013435774986765293,0.00012443764393736955,0.0022482875444231444,0.02268227596633703,2785.3019155774796,0.00422259417867002,global_lightgbm_poisson
ewm_ewma14_acled_other_ua_disrupted_weapons_use_pastcov_lag-7,1393.3791279792786,1500.634102344513,1197.8600416183472,1739.2781977653503,319.1840486526489,155.4459810256958,557.0647101402283,0.010089652571822594,0.003949407441916475,0.006597810551433625,0.006762894158637045,0.0004018282321380795,0.00023879960412478418,0.00035204844118199576,980.406601360866,0.0040560630001792285,global_lightgbm_poisson
env_weather_wind_gusts_10m_mean_futcov_lag0,3618.401337146759,518.3870635032654,334.39529752731323,89.85783958435059,118.47917032241821,984.5696849822998,139.7384705543518,0.021457131234678385,0.0007049640427754467,0.0009594562869668754,0.0001536239368266301,0.0002902078675922626,0.003584485773399271,0.00016200254353471166,829.1184090886798,0.0039016959551105112,global_lightgbm_poisson
ewm_expdecay7_act_total_damage_events_pastcov_lag-7,524.9606275558472,409.5874309539795,685.5067114830017,833.9647922515869,155.55750036239624,745.302761554718,2594.8309020996094,0.0009991695276500233,0.0015431756462987334,0.0011778333647057605,0.005699332117408385,0.00042006045328808473,0.001859202094432022,0.013465856852930358,849.9586751801627,0.0035949471509590524,global_lightgbm_poisson
env_weather_wind_gusts_10m_mean_futcov_lag1,92.2314190864563,3330.1981534957886,668.1903858184814,173.84983110427856,425.58831882476807,108.78875017166138,924.3405418395996,0.0002662803488711729,0.016469671438564305,0.0009048622481026225,0.0004078186653836191,0.0013147259363289754,0.0011711750962184909,0.004049364765501972,817.5982000487191,0.0035119854998530223,global_lightgbm_poisson
ewm_expdecay7_act_total_daily_strike_events_pastcov_lag-7,830.4631805419922,3504.173896551132,961.7915136814117,959.7284784317017,955.9000425338745,351.9937810897827,598.6768002510071,0.0011022330303775973,0.012414111095707336,0.0009516245664412448,0.0009117963141332286,0.005461670378099503,0.001262471492370487,0.0024313167769158374,1166.1039561544146,0.0035050319505778903,global_lightgbm_poisson
ewm_expdecay7_total_ru_area_km2_pastcov_lag-14,665.4456424713135,1082.912425994873,2113.368182182312,1671.4145603179932,3064.1807951927185,2168.1625785827637,105.00125122070312,0.000776204569997585,0.00257497899098309,0.012835462369864836,0.00246863331719549,0.003469417333905311,0.0022692088919601173,7.199717453745257e-05,1552.926490851811,0.0034951289497776976,global_lightgbm_poisson
rolling_rsum7_7_act_total_daily_strike_events_pastcov_lag-7,3878.852822780609,1494.6855640411377,990.4103679656982,3363.9836101531982,195.36378240585327,67.13503932952881,2264.0637221336365,0.0044254811983027945,0.004356448453400064,0.0014676885587548538,0.00802584002837623,0.0001668188851238206,0.00017589336737215965,0.005513121948368194,1750.6421298299517,0.0034473274913854454,global_lightgbm_poisson
env_weather_wind_gusts_10m_max_futcov_lag5,349.7701930999756,796.9272918701172,50.754708766937256,155.53720331192017,270.0163006782532,2116.4861726760864,303.5646228790283,0.000871632587822524,0.0065638321968789935,0.00011718237357842831,0.00027455101769100485,0.0004321556228583656,0.013935525240789781,0.0006488123086733522,577.5794990403311,0.003263384478327493,global_lightgbm_poisson
rolling_rsum7_7_acled_other_rus_shelling_artillery_missile_attack_pastcov_lag-1,189.99207162857056,475.94380140304565,507.030553817749,1016.8055787086487,1247.1943354606628,1015.2131676673889,938.2351932525635,0.0004976746679700384,0.0010900771046066682,0.001973354129868077,0.004732365396884308,0.005198651599814252,0.007183594874322097,0.0018800368280848412,770.0592431340899,0.003222250657364326,global_lightgbm_poisson
env_weather_wind_gusts_10m_mean_futcov_lag3,67.22686100006104,299.0066385269165,199.4472541809082,3476.091329097748,443.3505802154541,116.87664842605591,70.68561840057373,4.8601625590993794e-05,0.0008648441443054322,0.0002561522272839456,0.019191191140217435,0.001784585751194201,0.0002320091677610714,0.00016191822906248544,667.5264185496738,0.0032199003264879377,global_lightgbm_poisson
ewm_expdecay7_acled_other_rus_shelling_artillery_missile_attack_pastcov_lag-14,495.9538254737854,302.7640390396118,910.5114464759827,193.5200424194336,640.304322719574,474.3960990905762,1075.2854719161987,0.0006620434525967279,0.0007210170652224956,0.0026078104378941536,0.00044856756763584916,0.0018633479129725127,0.005344768389688515,0.010332087246675892,584.6764638764517,0.0031399488675265923,global_lightgbm_poisson
rolling_rmean28_28_total_ru_area_km2_pastcov_lag-7,3207.1663818359375,2708.385492324829,868.6093049049377,2396.664083480835,1517.8003549575806,1316.5495471954346,3144.6406860351562,0.009135686135868903,0.00227472639559545,0.0013468993274935227,0.0028136635277370425,0.000809161601002728,0.0016493569174367063,0.0032549825791933886,2165.687978676387,0.0030406394977611057,global_lightgbm_poisson
ewm_expdecay7_act_total_daily_strike_events_pastcov_lag-1,1042.9722051620483,1134.999903678894,524.0214548110962,184.1267876625061,370.7212128639221,1489.877447605133,813.8126587867737,0.002037195948808024,0.01075827408978467,0.0009134559807670639,0.0005252905465706004,0.0014235611315059904,0.002958813616247791,0.0025580123201474738,794.361667224339,0.003024943376261659,global_lightgbm_poisson
ewm_ewma14_dist_to_nearest_ru_km_pastcov_lag-7,170.00655841827393,572.8414735794067,299.99131059646606,305.98098850250244,364.771418094635,829.1402320861816,1020.6214466094971,0.001537538602893429,0.005627410551179946,0.001396326931510017,0.0013461812002586449,0.0014471422600006445,0.003362727771454521,0.005612348830647163,509.05048969813754,0.0029042394497063376,global_lightgbm_poisson
env_weather_wind_gusts_10m_mean_futcov_lag2,121.3481993675232,140.19638013839722,3097.0543880462646,461.0666284561157,60.501620292663574,176.92302083969116,104.96923923492432,0.0002358784609417741,0.0003423975100144583,0.018112856303501436,0.000891151779208732,0.00011883104982892689,0.0002569937733733818,0.00030703499861426395,594.5799251965115,0.0028950205536404246,global_lightgbm_poisson
rolling_rsum7_7_act_total_daily_strike_events_pastcov_lag-1,25.556299209594727,2789.5453782081604,1338.6698951721191,2950.711845397949,3435.8801107406616,410.0831961631775,1113.462613582611,1.3788226227662292e-05,0.0007169232001806858,0.0015283023838353004,0.01108985441206094,0.0038607215575696464,0.00046874480611032167,0.002512947650095332,1723.4156197820391,0.002884468890868556,global_lightgbm_poisson
ewm_expdecay7_dist_to_nearest_contested_km_pastcov_lag-7,461.8258147239685,1301.7950549125671,2842.648777961731,689.0428137779236,2001.3562955856323,476.85072469711304,444.57576179504395,0.0008104537132043177,0.0029541707328286427,0.006479363423731055,0.0009263445925414393,0.004329084115127379,0.001076097440567514,0.0032566489776433504,1174.0136062077113,0.0028331661422348136,global_lightgbm_poisson
env_weather_cloud_cover_mean_futcov_lag6,893.467134475708,355.2907876968384,1285.8240971565247,1090.829909324646,255.64649105072021,236.03012132644653,707.7187690734863,0.002074062736090787,0.0010042016151661892,0.005089578197040323,0.006692960531107084,0.0013551915464957043,0.0002739963557499614,0.003152122228169185,689.2581871577671,0.0028060161728313197,global_lightgbm_poisson
ewm_ewma14_act_total_damage_events_pastcov_lag-7,552.7156496047974,991.3219037055969,717.1326880455017,1084.1070442199707,1189.5396857261658,142.30495023727417,2344.386206626892,0.0013393058104353762,0.0019370696407936538,0.0007460039635361459,0.0016693646951846386,0.0005210112783957443,0.00015677632254096352,0.012774151372601095,1003.0725897380283,0.0027348118690696597,global_lightgbm_poisson
ewm_expdecay7_acled_other_rus_shelling_artillery_missile_attack_pastcov_lag-1,1913.8055148124695,204.0659213066101,678.5330004692078,73.39487838745117,207.6274619102478,411.8112998008728,713.3815407752991,0.006998395674621238,0.0003310404648743104,0.00462972303481266,6.074556476758364e-05,0.0009824946332988916,0.0010411083135817068,0.004788525851288172,600.3742310660226,0.0026902905053206518,global_lightgbm_poisson
env_weather_pressure_msl_min_futcov_lag0,1250.284218788147,1328.7584824562073,291.2830572128296,75.33853101730347,131.83012104034424,100.25627088546753,85.21911001205444,0.0068966494227133525,0.010463422746052919,0.0005029345822496811,0.00010435809879809632,0.00021170673056583044,0.0002457269461506817,0.00022674397783968293,466.1385416303362,0.002664506072052892,global_lightgbm_poisson
ewm_expdecay7_acled_other_ua_disrupted_weapons_use_pastcov_lag-7,719.7022814750671,182.63949012756348,184.49098110198975,1852.8744721412659,411.52128887176514,334.24013328552246,384.87456941604614,0.0038079603154604013,0.00029546886843931917,0.0009987192873234462,0.010178766258393313,0.0007197062055059877,0.001863004218274944,0.000659098889297094,581.4776023456028,0.0026461034346706436,global_lightgbm_poisson
ewm_ewma14_acled_other_rus_disrupted_weapons_use_pastcov_lag-1,648.0689029693604,2238.0558524131775,3541.7095170021057,1284.523187637329,850.1994829177856,1060.3191537857056,180.11866998672485,0.0008816983466934936,0.003914386610910148,0.007991192722262586,0.003791415416113386,0.0007675021860898745,0.0008476369855254129,0.00022702409377177711,1400.427823816027,0.0026315509087666685,global_lightgbm_poisson
env_weather_wind_gusts_10m_max_futcov_lag4,879.9438433647156,187.6902494430542,259.67407989501953,866.349645614624,1916.305432319641,159.33466005325317,150.6036491394043,0.004961198353657425,0.00022492944223471146,0.0003912066767977729,0.0008826647684760047,0.010893709707747324,0.0003418022905871787,0.0005969220663324393,631.4145085471017,0.0026132047579761225,global_lightgbm_poisson
ewm_expdecay7_fin_usd_rub_rate_pastcov_lag-7,1607.4304842948914,1314.4679188728333,287.47797107696533,636.8096022605896,1254.6967496871948,708.8850841522217,687.978066444397,0.0044499127096275124,0.0022474091412872043,0.00046844613176146856,0.0023417853377551536,0.0030851426824987536,0.0039623791856949085,0.0016153872036250405,928.2494109698704,0.002595780341750006,global_lightgbm_poisson
env_weather_cloud_cover_mean_futcov_lag5,98.68469905853271,1228.3187003135681,1323.7652459144592,129.31465864181519,164.64793062210083,647.18630027771,197.6928210258484,0.0002386410011548712,0.004455491317115113,0.010465277002037232,0.0003906488559600074,0.0002963370959252032,0.0020016095771540955,0.00031634246766956144,541.3729079791477,0.0025949067595737265,global_lightgbm_poisson
env_weather_wind_speed_10m_max_futcov_lag6,243.84818124771118,598.4674997329712,405.0155200958252,197.63226222991943,756.1154594421387,126.51222944259644,2603.0173954963684,0.000694009440700194,0.003642195943913107,0.0011672622527243658,0.00017229878542590615,0.0042886724985324864,0.000401362963616636,0.007718244366667881,704.3726496696472,0.002583435178797225,global_lightgbm_poisson
ewm_ewma14_act_total_damage_events_pastcov_lag-14,1548.4831147193909,204.04841232299805,1297.3069968223572,646.5467939376831,324.7617402076721,475.62198209762573,501.67967796325684,0.009211633274467324,0.0003992396324342007,0.005119938416601633,0.0013181867014701253,0.0008919170348304917,0.000554459293737919,0.000130161492390779,714.0641025815692,0.002517933692276067,global_lightgbm_poisson
rolling_rsum7_7_com_diplo_bluesecondary_ua_pastcov_lag-7,234.76414012908936,76.23141050338745,666.6573247909546,755.384925365448,965.5745620727539,484.69413661956787,533.5512990951538,0.0008451361084126363,9.489108107387789e-05,0.001842275909881974,0.003357684382304238,0.00586292872523948,0.0024895686834144337,0.003061684848805446,530.9796855109079,0.0025077385341617264,global_lightgbm_poisson
ewm_expdecay7_fin_usd_rub_rate_pastcov_lag-14,2155.579430103302,1648.8982434272766,328.88598251342773,855.8791916370392,1253.0318956375122,566.3414301872253,273.7805848121643,0.006956821711683015,0.0030232598524588374,0.00032537409271464756,0.001432268824852967,0.0033172380353668983,0.0018167931678150673,0.0005878151665051678,1011.7709654739925,0.002494224407342372,global_lightgbm_poisson
ewm_expdecay7_act_total_damage_events_pastcov_lag-1,1038.5339560508728,911.0329699516296,863.1453080177307,251.07084941864014,125.6732587814331,160.20974969863892,312.4502682685852,0.00493769160461901,0.004195804137059556,0.00571316739656873,0.00041850389513578003,0.0006908519560655079,0.0006832750723512415,0.00037810183694189094,523.1594800267901,0.002431056556963102,global_lightgbm_poisson
ewm_expdecay7_acled_other_rus_shelling_artillery_missile_attack_pastcov_lag-7,740.0340957641602,606.4711289405823,866.1427044868469,311.9192180633545,300.11677980422974,498.97211599349976,42.91805982589722,0.005747616212655737,0.0012205877287723155,0.005682164670906387,0.0011105276490131154,0.0011112712777883616,0.001731607645488764,8.756797797466742e-05,480.93915755408153,0.0023844775946570496,global_lightgbm_poisson
env_weather_wind_speed_10m_max_futcov_lag5,737.726348400116,395.3118505477905,60.02498006820679,904.8402457237244,160.2951216697693,2336.598972797394,115.0331802368164,0.003757976601939594,0.0010109037968011104,0.00014425063396077408,0.003640349610207516,0.0005095980611005358,0.007294730306884545,0.0002546166698257801,672.8329570634024,0.0023732036686742656,global_lightgbm_poisson
env_weather_pressure_msl_min_futcov_lag3,370.85230827331543,101.2187385559082,323.5105719566345,1210.6268291473389,1464.6174306869507,260.0634093284607,160.33724880218506,0.0010519611388422722,0.0001708412128338166,0.0003664065196462785,0.004763305075890911,0.009495460324454563,0.0003070698755469614,0.00044420710045847136,555.8895052501133,0.0023713216068104678,global_lightgbm_poisson
ewm_ewma14_act_drone_infra_ua_energy_intent_pastcov_lag-14,1548.8692359924316,1974.168598651886,1773.858726978302,2498.3468255996704,1383.7742681503296,1710.291835784912,2097.33207321167,0.0015576481774957963,0.0023020900383232236,0.002105650868824749,0.0023362719104195184,0.00148452277316935,0.0027973025394609553,0.003589616179396926,1855.2345091956001,0.002310443212441503,global_lightgbm_poisson
ewm_ewma14_fin_usd_rub_rate_pastcov_lag-14,1387.3055720329285,532.1129322052002,1023.4162321090698,65.33231019973755,117.69729089736938,540.7288222312927,1319.297812461853,0.006640750890070346,0.0014830889253669044,0.002246856674264608,0.00022493711011231098,6.494161587298209e-05,0.0038531879709680973,0.0013286146944799348,712.2701388767788,0.002263196840162169,global_lightgbm_poisson
ewm_ewma14_act_total_damage_events_pastcov_lag-1,214.0696406364441,245.33709907531738,130.84050750732422,776.7335820198059,1760.9154477119446,1398.9309391975403,408.45521306991577,0.0013795976285350565,0.0005233099583486833,0.0005158648968128122,0.0005929217803272602,0.004997467912838416,0.007227069666627362,0.0005894847377312829,705.0403470311846,0.0022608166544601247,global_lightgbm_poisson
env_weather_wind_gusts_10m_max_futcov_lag6,53.03958034515381,235.01115131378174,821.5415811538696,113.03870105743408,132.86964988708496,227.66235971450806,1736.3719906806946,0.00012345192890963474,0.00040321967334953077,0.00631729151432614,3.8357440728375994e-05,0.00026564354808766844,0.00031305523053863914,0.00759956977651044,474.2192877360753,0.002151512730350061,global_lightgbm_poisson
env_weather_wind_gusts_10m_max_futcov_lag1,427.03913021087646,1633.1913952827454,346.31633043289185,285.68939876556396,141.04308032989502,263.0092372894287,752.9054918289185,0.0008098763100283568,0.009548287510609077,0.0004202900145137578,0.000632686432828633,0.0005846991111843724,0.0007977587684874443,0.0021803574754438726,549.8848663057599,0.002139136517585073,global_lightgbm_poisson
ewm_expdecay7_com_aid_humanitarian_pastcov_lag-1,560.4806976318359,1773.4816660881042,633.0986609458923,305.7012767791748,249.36509084701538,471.2720994949341,412.0777521133423,0.001638191899631858,0.008864678985347218,0.0019756503642337497,0.0007388814851680081,0.0005150574945969932,0.0006019407934549026,0.0005695344466409846,629.3538919857571,0.002129133638439102,global_lightgbm_poisson
ewm_ewma14_acled_other_rus_armed_clash_pastcov_lag-14,549.5363163948059,293.59624910354614,509.71969747543335,538.6037092208862,520.5002198219299,831.5784502029419,1233.9453415870667,0.002218519171868394,0.0004824637823675593,0.0023682670848176103,0.002449082192721086,0.0012214680501245966,0.0028321251888508312,0.003089567282662209,639.6399976866586,0.002094498964773184,global_lightgbm_poisson
env_weather_wind_gusts_10m_max_futcov_lag0,1704.5327215194702,74.20015954971313,168.47454929351807,1022.2380104064941,344.538489818573,854.4161949157715,191.40853071212769,0.009054834596138006,6.96394496348951e-05,0.0004585378640997728,0.00205860715716919,0.0008717943882933232,0.0014261318923163957,0.0005427417854488636,622.8298080308097,0.0020688981618714923,global_lightgbm_poisson
env_weather_wind_gusts_10m_max_futcov_lag2,191.28047943115234,313.2461495399475,1807.227313041687,254.220148563385,131.86820030212402,456.65853786468506,240.34567832946777,0.000549541058305314,0.0005904254689443889,0.01012354103532349,0.0004509400467268998,0.0002746961638642409,0.001652357417006578,0.0007475691666019469,484.97807243892123,0.00205558147953898,global_lightgbm_poisson
ewm_expdecay7_act_total_damage_events_pastcov_lag-14,1072.4025802612305,718.4730048179626,983.9101505279541,984.1990437507629,475.94508171081543,276.0184516906738,69.84262943267822,0.0034900736729675417,0.0013409583595247686,0.004664548064221186,0.0026142961168156287,0.0012110911749935393,0.0004795894534839862,0.00021343385992289576,654.3987060274396,0.0020019986717042205,global_lightgbm_poisson
ewm_ewma14_com_diplo_bluesecondary_ua_pastcov_lag-7,592.4137463569641,339.4018383026123,235.88442134857178,259.886221408844,688.0829195976257,757.4033498764038,492.1541714668274,0.0021325186448939216,0.0014669555742236717,0.0006347181706741533,0.0011085654879761319,0.002735264241311053,0.003255681839948532,0.0022537580861171857,480.74666690826416,0.0019410660064492356,global_lightgbm_poisson
env_weather_wind_gusts_10m_max_futcov_lag3,120.42632961273193,129.99541091918945,245.29998064041138,1791.0832962989807,195.66001272201538,114.07903909683228,431.97025060653687,0.00020092035266154883,0.0002955745056236303,0.00024173328299452733,0.010683620001202732,0.0003309793943918393,0.0003874074979603792,0.0012419591598346047,432.6449028423854,0.0019117420278098945,global_lightgbm_poisson
env_weather_cloud_cover_mean_futcov_lag4,1271.3152508735657,654.1322374343872,341.5562696456909,199.87228202819824,655.2291903495789,280.9190402030945,344.27543115615845,0.005722236073636422,0.002590967173250869,0.0007405160442251147,0.000465397455368155,0.0029192764208504805,0.00029184066261036536,0.0005043835085474235,535.3285288129534,0.0018906596197841186,global_lightgbm_poisson
env_weather_pressure_msl_min_futcov_lag1,139.4369993209839,1155.3859357833862,1089.5145120620728,58.92126941680908,314.5946698188782,41.21395969390869,83.33626985549927,9.547590435461384e-05,0.004768523614961074,0.007065721311192763,0.00015703973510419189,0.0009359472034537797,7.529149240137478e-05,0.00011280851840731466,411.771945135934,0.0018872582542678732,global_lightgbm_poisson
env_weather_pressure_msl_min_futcov_lag5,329.77916955947876,89.84514904022217,811.6781554222107,133.52771282196045,524.7688064575195,1176.76171541214,1125.5374660491943,0.0005330111501117507,0.00010751709972762757,0.0021842269637228685,0.0001535571304802197,0.0007296669033127312,0.005198609351741945,0.004239859633254439,598.8425963946751,0.001878064033193083,global_lightgbm_poisson
ewm_ewma14_act_drone_strike_on_rus_in_rus_nofpv_pastcov_lag-7,273.7792043685913,153.12973976135254,332.0732011795044,697.7164945602417,2399.9311966896057,2568.0437994003296,2381.0781145095825,0.000353171899605087,0.0002478917303376793,0.0002561861398164833,0.0009188364822508399,0.00422849715710758,0.00279655127026901,0.004344856896467952,1257.9645357813154,0.0018779987965506614,global_lightgbm_poisson
env_weather_pressure_msl_min_futcov_lag2,41.55460977554321,347.2804207801819,882.8753504753113,1230.5390129089355,203.57762908935547,154.0308313369751,103.2221417427063,2.5627282266849072e-05,0.000441701814411255,0.004234194312503492,0.006662432459057554,0.001006572221137625,0.0005206637447733531,0.0002382152381873226,423.29714230128695,0.0018756295817624927,global_lightgbm_poisson
env_weather_cloud_cover_mean_futcov_lag3,1063.5297231674194,184.43378829956055,113.79819869995117,554.9621183872223,415.28169775009155,117.63712930679321,269.06417083740234,0.007132780789663795,0.0010159563344755984,0.00022269675250998766,0.002008883942306983,0.0017407039617707732,0.00020981027124580275,0.000647890824170605,388.3866894926344,0.0018541032680205066,global_lightgbm_poisson
ewm_ewma14_acled_other_ua_armed_clash_pastcov_lag-14,1672.7923698425293,1095.2649402618408,1053.0133996009827,1135.025480747223,594.9471793174744,791.261293888092,924.6232690811157,0.003204930894134583,0.0026191423494362543,0.0019580972062629653,0.0020291259301674857,0.0007519315484388889,0.0009355828397208832,0.0014578380705963846,1038.132561819894,0.0018509498341082067,global_lightgbm_poisson
env_weather_cloud_cover_mean_futcov_lag1,92.15387010574341,709.6202077865601,657.0361294746399,92.58789205551147,319.6152491569519,357.11393880844116,922.1563677787781,0.00023056628924569277,0.002771016825589423,0.0019940122893604252,9.986165184290296e-05,0.0004855931575436623,0.0006469333315278769,0.006269435237969412,450.0405221666609,0.0017853455404399138,global_lightgbm_poisson
env_weather_pressure_msl_min_futcov_lag4,160.19612216949463,372.4998893737793,78.91788053512573,152.96186065673828,1171.1086320877075,1151.7237706184387,69.46894979476929,0.00015955243151271058,0.0010910161764636772,0.00017110810081604199,0.00012877694448105715,0.004857290849344609,0.005717292658306383,0.00011463867206162881,450.9824436051505,0.0017485251189980153,global_lightgbm_poisson
env_weather_wind_speed_10m_max_futcov_lag4,289.00193071365356,206.4133825302124,780.7183282375336,125.68254041671753,2183.926616191864,180.22057151794434,88.0245213508606,0.0006267214033698565,0.0005043037078913182,0.004339629439743487,0.00041274541058429205,0.005552509179755627,0.00043651922985723515,0.0003466753984224358,550.569698708398,0.0017455862528034643,global_lightgbm_poisson
env_weather_wind_gusts_10m_mean_futcov_lag6,708.9059596061707,212.39633989334106,125.50031852722168,239.3263292312622,93.07896900177002,140.89514875411987,2782.347343444824,0.0015862582252813783,0.0008040460370430713,0.00046834261501509377,0.00040970434788232255,0.00030158391424777163,0.00022170233015894603,0.008417241993060754,614.6357726369586,0.001744125637527048,global_lightgbm_poisson
ewm_ewma14_act_drone_infra_ua_health_intent_pastcov_lag-1,1849.723268032074,3442.624939441681,3792.114194869995,2558.886595249176,3135.1180715560913,1330.0636310577393,1926.043779373169,0.002741220966163094,0.002349655915098592,0.0026457890930579485,0.0013712156447394097,0.0010168111678491743,0.0007739172599452671,0.0011771621763824625,2576.3677827971323,0.0017251103176051357,global_lightgbm_poisson
darts_enc_fc_cyc_dayofweek_cos_futcov_lag-1,191.95452976226807,1778.6243782043457,1116.6564674377441,132.60447025299072,421.1743450164795,878.999086856842,307.11852073669434,0.0008255851763146582,0.004749326447555591,0.0012257462619444715,0.0002689939932442709,0.0014579628478698981,0.003008942416687521,0.0002850632956583166,689.5902568953378,0.0016888029198963894,global_lightgbm_poisson
rolling_rmean28_28_total_ru_area_km2_pastcov_lag-14,1882.0996055603027,285.35729789733887,3482.2191438674927,1830.3256666660309,69.02114915847778,193.41532373428345,1382.6849098205566,0.0021689771553483838,0.0003279487641069112,0.006162558138033658,0.0006598806139247682,0.0002842494128378004,0.0001827776506008183,0.001686315553632145,1303.5890138149261,0.0016389581840692122,global_lightgbm_poisson
env_weather_wind_gusts_10m_mean_futcov_lag4,75.49306917190552,57.73745012283325,237.96977043151855,194.1138415336609,2796.40256690979,339.02945256233215,37.345449447631836,9.546716767290242e-05,5.606890993219427e-05,0.0007036250165365132,0.0003199170502232285,0.00926505946866354,0.0007033765977338957,9.751944625089327e-05,534.0130857399532,0.001605861951001881,global_lightgbm_poisson
env_weather_wind_speed_10m_mean_futcov_lag6,711.8858051300049,648.0474920272827,148.6567907333374,426.59664726257324,512.7313385009766,342.61390829086304,1288.8266034126282,0.0017744074316146108,0.0010687280230252006,0.0004176053425079429,0.0008920844573590658,0.0010688935260284138,0.0005784687762178554,0.005303144494747248,582.7655121939523,0.0015861902930714765,global_lightgbm_poisson
env_weather_wind_speed_10m_max_futcov_lag2,677.2540669441223,407.3324456214905,1448.6971464157104,243.8984923362732,92.8006501197815,494.6463794708252,402.4420599937439,0.002288119758257201,0.0004550506813319366,0.004118569621580637,0.0013935971231393562,0.00026989621927562266,0.0020001482682768133,0.0004974684283338915,538.1530344145639,0.0015746928714564941,global_lightgbm_poisson
ewm_ewma14_acled_other_ua_armed_clash_pastcov_lag-1,819.5726933479309,425.95838832855225,851.7864727973938,986.5153398513794,1365.34969997406,1166.3070101737976,942.039312839508,0.00117060751821485,0.000380738307065287,0.0005632267194767948,0.0013689084563650368,0.001015021988072262,0.004334545499975318,0.0020888886633730454,936.7898453303745,0.0015602767360775132,global_lightgbm_poisson
ewm_ewma14_act_drone_strike_on_rus_in_rus_nofpv_pastcov_lag-1,477.4004964828491,1448.5642862319946,1550.4386734962463,1041.4839935302734,977.5177993774414,787.5577983856201,524.4967360496521,0.0008038363947470151,0.0018448530756933535,0.002885961097067735,0.0014946308130009633,0.0017673101592827756,0.0012305606369401368,0.0007161455111487358,972.4942547934396,0.0015347568125543879,global_lightgbm_poisson
env_weather_cloud_cover_mean_futcov_lag0,882.3168902397156,432.5700988769531,178.77335929870605,336.341281414032,377.68012380599976,598.0197653770447,295.750039100647,0.0035020548495523275,0.0007393051819783337,0.0003954565065781068,0.0008475278082037185,0.0006590626451942194,0.003681774592197473,0.0009130882131257012,443.0645083018712,0.0015340385424042684,global_lightgbm_poisson
rolling_rmean28_28_fin_usd_rub_rate_pastcov_lag-7,142.08313989639282,163.4114179611206,234.50484895706177,440.7431654930115,500.8728222846985,662.2329702377319,366.785231590271,0.0002479136579573549,0.0007986817138044167,0.000695960187924749,0.0009997762177243797,0.0005409073906495143,0.006380262957073368,0.0010616599931589255,358.66194234575545,0.0015321660168989583,global_lightgbm_poisson
env_weather_wind_speed_10m_mean_futcov_lag5,589.0244760513306,95.79997968673706,296.3130660057068,321.90948152542114,511.5960006713867,1507.265552997589,47.84342002868652,0.0011539734664392175,0.00021517342442447517,0.0004034984757476989,0.0007727650652786799,0.0009810036393484544,0.007105599590070466,7.137328163442369e-05,481.393139566694,0.0015290552775633452,global_lightgbm_poisson
env_weather_wind_gusts_10m_mean_futcov_lag5,141.10105991363525,142.87529850006104,78.68148899078369,127.03312015533447,84.14850902557373,2553.2935194969177,540.4923686981201,0.0004857628709891371,0.0002792322125197089,4.807865050180382e-05,0.00036685318549491976,7.347806946740309e-05,0.008516459015377786,0.0008858285372713049,523.946480682918,0.001522241791660295,global_lightgbm_poisson
env_weather_wind_direction_10m_dominant_futcov_lag1,265.7160801887512,205.9965786933899,716.3668742179871,139.18622970581055,257.30372762680054,451.8033986091614,1826.0129752159119,0.000602188175432361,0.0007493075114302528,0.0009496435143764748,0.00017449706385865848,0.0014596451201682292,0.0019167214320165993,0.0047479029246547235,551.7694091796875,0.0015142722488481856,global_lightgbm_poisson
rolling_rsum14_14_act_drone_strike_on_rus_in_rus_nofpv_pastcov_lag-1,594.424973487854,845.384192943573,995.9763784408569,1975.9131183624268,435.8465361595154,1265.7928075790405,687.7476315498352,0.00037593117934500155,0.0010904404973267833,0.0018670039054037967,0.0031531277178619365,0.00012115460691490832,0.0021459736523048445,0.0015735744771266935,971.5836626461574,0.0014753151480405662,global_lightgbm_poisson
ewm_ewma14_acled_other_ua_armed_clash_pastcov_lag-7,321.84950017929077,535.4912328720093,974.3443422317505,169.54543352127075,286.04646587371826,669.5777034759521,1464.861258983612,0.000635532208735623,0.0013456172430494461,0.002005597112376023,0.00029708073043812624,0.0004451867642133012,0.0025728237207685465,0.0028848943236866598,631.673705305372,0.0014552474433239609,global_lightgbm_poisson
rolling_rmean28_28_acled_other_rus_shelling_artillery_missile_attack_pastcov_lag-7,928.2292795181274,181.62680053710938,188.27211093902588,904.5537910461426,1644.624888420105,1817.4315791130066,515.583309173584,0.0030748258340450364,0.0002237137558486424,8.660659887249622e-05,0.002440179839897949,0.002069808418203567,0.0019511946560387904,0.00023705637306632444,882.903108392443,0.0014404836394246864,global_lightgbm_poisson
env_weather_cloud_cover_mean_futcov_lag-2,251.38929796218872,173.85740041732788,429.18249320983887,553.1235404014587,802.5565223693848,135.75611972808838,443.71600008010864,0.00043226914416678587,0.00021223848340941044,0.0014969050118320616,0.0036951317264962923,0.0022656502435174364,0.0005323926929583056,0.0012161357555440899,398.51162488119945,0.0014072461511320544,global_lightgbm_poisson
env_weather_wind_speed_10m_max_futcov_lag1,358.34068059921265,1734.569607257843,117.65923976898193,166.93472003936768,301.8307795524597,494.3267197608948,363.203941822052,0.0015317838564373742,0.003921930033374088,0.0002501596625131164,0.0007107944482610984,0.0010373226605435936,0.001117325562358773,0.0012218185066664277,505.2665269715445,0.00139873353287921,global_lightgbm_poisson
env_weather_wind_gusts_10m_max_futcov_lag-2,204.80905866622925,825.7751607894897,309.002890586853,670.6936283111572,37.310309410095215,615.1624822616577,95.43040895462036,0.00030168762224975777,0.003185601438268937,0.0012562788749841624,0.001980519987353091,2.64279399457612e-05,0.002705876848403954,0.0003226989605209285,394.0262769971575,0.0013970130959609416,global_lightgbm_poisson
env_weather_cloud_cover_mean_futcov_lag-1,411.65445375442505,158.40071964263916,220.053448677063,325.6883792877197,841.8166170120239,379.89019203186035,30.13347053527832,0.0013705524451242067,0.00027869122775567854,0.0005901928398590828,0.0003395297039895162,0.005486461737492921,0.0013579571348272257,0.00033763484284599077,338.2338972772871,0.0013944314188420888,global_lightgbm_poisson
ewm_expdecay7_fin_usd_rub_rate_pastcov_lag-1,2517.0245146751404,298.15177869796753,1377.9906477928162,808.9014506340027,277.26673889160156,489.23059129714966,2104.764799594879,0.0021048239194427997,0.00039644679782429025,0.0009456074855156427,0.0012960944569103462,0.000713641427409395,0.001572686160803749,0.0026507469951846828,1124.7615030833654,0.0013828638918701294,global_lightgbm_poisson
env_weather_wind_speed_10m_mean_futcov_lag4,200.66739177703857,110.29771089553833,103.01881122589111,683.3733401298523,1497.972068309784,172.8954701423645,157.97339916229248,0.00047546222215493205,0.00017109745796071164,0.0003124021264790056,0.0009672122769140978,0.006980860234936004,0.0002113897283150923,0.0003195543931560962,418.028313091823,0.0013482826342737055,global_lightgbm_poisson
env_weather_pressure_msl_min_futcov_lag6,200.11765336990356,361.55899000167847,225.5262312889099,482.8454613685608,87.57128095626831,778.2830700874329,1228.2258462905884,0.0005269815875172057,0.00040325892639316854,0.00015878496759602623,0.0012737843626669631,8.938676151282188e-05,0.0012752257792713272,0.005667237132437486,480.58979048047746,0.001342094216770714,global_lightgbm_poisson
ewm_expdecay7_com_aid_humanitarian_pastcov_lag-7,116.50288105010986,878.2160215377808,246.50720977783203,651.251711845398,215.64208030700684,252.72526121139526,426.71484565734863,0.0002025777812783014,0.0022201690713664624,0.0006475973593294659,0.004222991139701393,0.0003017732810921325,0.00042195019957118606,0.0010846067528505587,398.22285876955306,0.001300237940741357,global_lightgbm_poisson
env_weather_wind_direction_10m_dominant_futcov_lag0,221.2162308692932,466.2858729362488,519.9515595436096,460.48400926589966,661.7927670478821,2095.0007178783417,266.0051374435425,0.0003698464534357848,0.0008173020507255213,0.0008461193708784176,0.0012693052158605279,0.0025007681905593326,0.0029826169151389247,0.0002430167168002262,670.1051849978311,0.0012898535590569623,global_lightgbm_poisson
env_weather_pressure_msl_min_futcov_lag-1,1161.6726999282837,104.23912858963013,104.91139030456543,131.08776187896729,81.1090497970581,75.77796030044556,69.815749168396,0.00746908714508423,0.0003629191602891657,0.0002060659056491998,0.0003656232033329987,0.00013123971387782874,0.00019420181044362827,0.00013588403118778292,246.94481999533517,0.0012664315671235477,global_lightgbm_poisson
env_weather_wind_speed_10m_max_futcov_lag3,138.24855995178223,668.4714503288269,290.17338466644287,1589.4731554985046,39.93075942993164,263.203088760376,315.8026189804077,0.0002030270956903113,0.002435499155513776,0.00041523471803839307,0.004050054814842418,9.520988872169234e-05,0.0008509142581899054,0.0007900197882245719,472.18614537375316,0.0012628513884601524,global_lightgbm_poisson
ewm_ewma14_acled_other_rus_armed_clash_pastcov_lag-7,810.8871803283691,739.0038976669312,1142.5057744979858,618.9845099449158,790.7839946746826,414.7151880264282,245.19021081924438,0.0011991775527172121,0.0017106205100752224,0.001091650470814387,0.00155903441538372,0.001781710340905862,0.0004934290287217147,0.0007641267895303949,680.2958222797939,0.001228535586878359,global_lightgbm_poisson
ewm_ewma14_dist_to_nearest_contested_km_pastcov_lag-1,1518.4351744651794,899.0888810157776,91.54509830474854,148.82868719100952,394.12162160873413,152.6711301803589,568.9550132751465,0.0064469820594454715,0.001021960762714147,9.763409864669282e-05,4.259777820398991e-05,0.00047364275088244143,0.00018514477850291035,0.0002704020667772422,539.092229434422,0.001219766327881842,global_lightgbm_poisson
env_weather_wind_direction_10m_dominant_futcov_lag-2,205.83800888061523,335.0894193649292,744.2545986175537,1521.1827430725098,455.15518856048584,81.67071962356567,525.0446791648865,0.000617921779555397,0.0009462424605593655,0.0019679986564695496,0.002074800420010958,0.0003728526100415852,0.00018682820477033957,0.002160885151145586,552.6050510406494,0.0011896470403646828,global_lightgbm_poisson
env_weather_pressure_msl_max_futcov_lag-2,36.72286033630371,174.50567960739136,123.85625886917114,140.2672700881958,167.65594053268433,624.056559085846,667.7036395072937,4.213994157136192e-05,0.0006478719205150086,0.0001189285432083187,0.0003996929335309263,0.0009841263901022134,0.00403744503136585,0.0020349427239469086,276.39545828955517,0.0011807353548915125,global_lightgbm_poisson
ewm_ewma14_acled_other_rus_armed_clash_pastcov_lag-1,510.872989654541,477.3861060142517,281.4981517791748,482.06068754196167,468.7635154724121,871.888144493103,903.5237426757812,0.0006255023841213348,0.0005677668350995812,0.00043718750157613063,0.000532130681814591,0.0005560759260102799,0.003858014184171088,0.0015292066147305939,570.8561910901751,0.0011579834467890858,global_lightgbm_poisson
rolling_rmean28_28_fin_usd_rub_rate_pastcov_lag-1,1461.7797183990479,134.84259176254272,191.49059772491455,164.20049047470093,145.54155015945435,86.30783987045288,132.32438707351685,0.0059906315939078246,0.0005794335188441746,0.0006706404541310552,0.00018715575758159185,0.00021173407767911546,0.0001977514054227747,0.0001777606223717143,330.92673935209,0.0011450153471340358,global_lightgbm_poisson
darts_enc_fc_cyc_dayofweek_sin_futcov_lag-1,135.1528787612915,74.31322956085205,242.97901010513306,2226.8830461502075,128.81498050689697,0.0,216.95062065124512,0.00040978201635017976,0.00020977833054984795,0.0003874648162729644,0.005510786318895522,0.0002101167009281424,0.0,0.0010299394269267293,432.1562522479466,0.0011082668014176266,global_lightgbm_poisson
env_weather_wind_speed_10m_mean_futcov_lag-2,54.00657033920288,214.869948387146,27.332189559936523,535.1821918487549,173.64177989959717,730.8622817993164,73.03750896453857,0.00016263201293109653,0.0006212612934298533,8.364509941980459e-05,0.001687810418989777,0.0002616631796399149,0.0046105290323380285,0.00025465363451897537,258.41892439978466,0.0010974563816096357,global_lightgbm_poisson
ewm_ewma14_act_drone_infra_ua_health_intent_pastcov_lag-14,1649.2801241874695,538.3327550888062,1076.0319442749023,1671.981237411499,2157.5815572738647,3312.546962738037,2842.649227619171,0.0011445718537970607,0.0005342166845014428,0.0004137076022539432,0.0007090631677180381,0.0009764270215785187,0.0028181209885338233,0.0010757645570720342,1892.629115513393,0.0010959816964935516,global_lightgbm_poisson
env_weather_wind_speed_10m_max_futcov_lag-1,188.18966913223267,51.36681079864502,789.662645816803,219.21640062332153,457.03801918029785,156.21934032440186,337.9190716743469,0.0005303050969692969,4.4100876523422984e-05,0.0032093390079601216,0.0004555340692320442,0.0020526026545317766,0.00011607026608453363,0.0009055117356330467,314.230279650007,0.0010447805295620348,global_lightgbm_poisson
env_weather_wind_direction_10m_dominant_futcov_lag-1,482.35778045654297,40.418049812316895,300.20428228378296,838.7513113021851,1625.472050189972,279.3131613731384,77.50940132141113,0.0005361182137303188,0.00011420668314665594,0.0008095982914501532,0.002164422838802227,0.002843509522712395,0.00037633581450324805,0.0002544440287923111,520.5751481056213,0.001014090770448187,global_lightgbm_poisson
env_weather_wind_speed_10m_max_futcov_lag-2,251.84479761123657,829.7688388824463,262.17271089553833,167.3695206642151,164.18252992630005,167.27640008926392,106.76607990264893,0.0005243303339179884,0.0033253473559644365,0.0011861076873456611,0.0005981039409706402,0.00041962416580931805,0.0007293587534726864,0.0003132873115648138,278.48298256737843,0.0010137370784350777,global_lightgbm_poisson
rolling_rsum14_14_dist_to_nearest_ru_km_pastcov_lag-14,1515.4606084823608,1035.3422689437866,913.037971496582,1518.1878080368042,578.901834487915,710.3849325180054,502.63175106048584,0.0007595306281354963,0.0007425417982883431,0.0013910640544519738,0.002047146012266943,0.0004950883596896328,0.0006831362961196019,0.0009467913531367777,967.7067392894199,0.0010093283574412527,global_lightgbm_poisson
ewm_expdecay7_com_aid_humanitarian_pastcov_lag-14,468.43822145462036,414.7285282611847,935.3642158508301,710.292692899704,402.6725106239319,276.563618183136,288.99337005615234,0.0012136343670815508,0.0009947035051664165,0.0018369590640048062,0.0009326071586817974,0.0004889285680991229,0.0011165950744252307,0.0004205859799823131,499.57902247565136,0.001000573388205891,global_lightgbm_poisson
ewm_expdecay7_acled_other_ua_disrupted_weapons_use_pastcov_lag-14,813.8946347236633,141.58831024169922,311.82928800582886,55.39968013763428,219.36919975280762,166.8205599784851,270.5837187767029,0.0037798643092820995,0.00015183427347482682,0.0008328008083216653,0.0001066489618817279,0.0004735817531170472,0.0006145334327157803,0.0010333403741618285,282.7836273738316,0.000998943416136425,global_lightgbm_poisson
env_weather_pressure_msl_max_futcov_lag2,342.5327105522156,337.3757209777832,1279.5189394950867,81.09799098968506,120.47421264648438,173.35465908050537,21.32210063934326,0.001420876716980901,0.0012266299907609524,0.0032844358110193594,0.00015810038698735874,0.00019715603777246127,0.0005257857255027476,6.304518219044653e-05,336.5251906258719,0.0009822899787448893,global_lightgbm_poisson
env_weather_wind_speed_10m_max_futcov_lag0,1462.219536781311,90.59671068191528,56.57807016372681,633.332407951355,251.87329769134521,209.83962202072144,209.5751485824585,0.003716048586890075,0.00015976183611683404,7.502867645499123e-05,0.0019790877609381584,0.00039806130807200634,0.0002929253430408618,0.00025419406136091284,416.28782769611905,0.0009821582246962628,global_lightgbm_poisson
ewm_ewma14_dist_to_nearest_contested_km_pastcov_lag-7,469.2265467643738,453.6577672958374,429.04162549972534,575.06041431427,751.4000973701477,311.3282194137573,336.0351414680481,0.0007100833882820012,0.00016175541156580043,0.00020534299159478132,0.0007710481048225804,0.0017887067439230852,0.0006622997084227312,0.0024747085157311942,475.1071160180228,0.000967706409191739,global_lightgbm_poisson
env_weather_wind_speed_10m_mean_futcov_lag1,347.75505924224854,775.4308662414551,115.5222282409668,125.15480995178223,277.47294092178345,54.27060079574585,465.4755039215088,0.0010368717007211536,0.0024833239160558795,0.0002207861215035578,0.000363652528154601,0.0008098043853755454,0.00027096668691544145,0.0015823903345098867,308.7260013307844,0.000966827953319438,global_lightgbm_poisson
rolling_rmean28_28_dist_x_clash_pastcov_lag-14,989.1690220832825,632.9723105430603,751.9498085975647,776.3993997573853,912.2400240898132,1129.392243385315,588.9539065361023,0.0010067924286615514,0.0006501109521385828,0.0005428282864174072,0.0008109918956679341,0.0009684671064964067,0.002516809079553717,0.00024739220444429665,825.868102141789,0.0009633417076256994,global_lightgbm_poisson
darts_enc_fc_cyc_dayofweek_cos_futcov_lag-2,418.4871072769165,88.11848068237305,146.4041395187378,43.335100173950195,1923.4168519973755,466.84919261932373,56.00450134277344,0.0014331282144493863,0.00016041998974372084,0.00031401105888377855,7.010396045554756e-05,0.004158021735058992,0.0004933765576845328,7.907215989728655e-05,448.9450533730643,0.0009583048108818921,global_lightgbm_poisson
darts_enc_fc_cyc_day_cos_futcov_lag3,502.112024307251,564.6408429145813,162.97901153564453,112.97506999969482,6.0318098068237305,67.82354974746704,102.06620979309082,0.0021069057127403035,0.003103817516985563,0.0003604657329018046,0.0002674972486557792,2.2929253099546187e-05,7.69191603257502e-05,0.0002694755473099164,216.94693115779333,0.0008868585960026661,global_lightgbm_poisson
rolling_rmean28_28_total_ru_area_km2_pastcov_lag-1,665.6380271911621,575.072395324707,47.26851034164429,421.13720655441284,584.5794353485107,355.0133972167969,1251.0624570846558,0.0005283761122981901,0.00028890183271548244,0.00023325699607739113,0.0006551898355580566,0.0009008229973184179,0.00028536098833780165,0.00324435940830905,557.1102041516986,0.0008766097386591985,global_lightgbm_poisson
env_weather_wind_gusts_10m_max_futcov_lag-1,163.93754148483276,109.8853406906128,330.16428232192993,425.34750986099243,821.8765397071838,129.29886865615845,246.3285427093506,0.0003926505718512718,0.0002224166867212496,0.0008231930360910189,0.001726665753479506,0.0019395883241950297,0.00016036311739149324,0.0008649065416822977,318.1198036330087,0.0008756834330588382,global_lightgbm_poisson
env_weather_wind_direction_10m_dominant_futcov_lag2,154.2355408668518,271.0388469696045,204.69368886947632,823.4856858253479,273.5839900970459,230.23797941207886,655.7919492721558,0.000252059975425456,0.0007072974322124281,0.00045923540692318634,0.0010835441883434882,0.0005176151448797351,0.0010352749151346207,0.0020629453905683048,373.2953830446516,0.0008739960647838885,global_lightgbm_poisson
darts_enc_fc_cyc_dayofweek_sin_futcov_lag-2,95.16789150238037,90.74423933029175,922.9061236381531,319.8612322807312,163.14720249176025,184.07957124710083,764.66233253479,7.614766525274597e-05,0.00017489490711757315,0.0023096165735236873,0.0005405859074357755,0.00022321120166652887,0.000485802949404035,0.0020866762565542986,362.9383704321725,0.0008424193515649493,global_lightgbm_poisson
ewm_ewma14_com_diplo_bluesecondary_ua_pastcov_lag-14,281.286648273468,452.5389213562012,161.68320989608765,224.07490587234497,73.5831093788147,348.38206815719604,523.6587085723877,0.0009209127385313654,0.001800778483297427,0.00042292193292714497,0.0007542664695844303,0.00016727487040921752,0.000923631653379453,0.0009044995434123404,295.0296530723572,0.0008420408130773398,global_lightgbm_poisson
env_weather_cloud_cover_mean_futcov_lag2,244.01234817504883,158.1681890487671,631.1513004302979,584.5248324871063,122.66984033584595,300.6285376548767,180.2606282234192,0.0013713913270948063,0.0006445674546168067,0.0019187781390900937,0.0007474131501556958,0.00014974813317543135,0.0006621756420812863,0.00037195046304221434,317.34509662219455,0.000838003472750905,global_lightgbm_poisson
env_weather_pressure_msl_max_futcov_lag6,386.739679813385,697.9969086647034,103.1849513053894,317.06906270980835,536.5498008728027,249.70750045776367,357.86183738708496,0.0008204110894177719,0.0007830750024893085,0.0001857105989683916,0.001835690508112542,0.0010797753404273136,0.00045654169152600235,0.0006808293384335418,378.44424874441967,0.0008345762241964103,global_lightgbm_poisson
ewm_ewma14_acled_other_ua_disrupted_weapons_use_pastcov_lag-14,839.266553401947,468.89459705352783,280.3376626968384,64.77349090576172,254.07553720474243,80.1791000366211,292.389301776886,0.0006558914167472896,0.0022363870163160104,0.000309963514925049,0.00014683141220941386,0.0008952504430105757,0.00041867869137885983,0.0011674886052782441,325.70232043947493,0.0008329272999807775,global_lightgbm_poisson
env_weather_wind_speed_10m_mean_futcov_lag2,93.33002090454102,685.9244675636292,860.9056978225708,458.4517993927002,83.57460975646973,201.68484210968018,91.59491062164307,0.00022491471548706786,0.0008667464771303868,0.0030686023106800686,0.0005381849559062734,0.00013823996618942403,0.0006733777475136149,0.00027878420652582836,353.6380497387477,0.0008269786256332376,global_lightgbm_poisson
env_weather_wind_speed_10m_mean_futcov_lag-1,104.35506963729858,218.46837902069092,263.4762399196625,50.22119951248169,528.560996055603,106.1368203163147,557.3211998939514,0.00017289036240066835,0.0004405107586781698,0.0005839694120119088,0.00011677426251368583,0.0009892245958879053,0.000229747396981983,0.003197558183971072,261.2199863365718,0.0008186678532064848,global_lightgbm_poisson
rolling_rmean28_28_dist_to_nearest_contested_km_pastcov_lag-14,1141.6263847351074,586.710497379303,553.7244081497192,1641.0696320533752,803.9153318405151,929.6258125305176,1228.177625656128,0.0011432354512482812,0.00027560670097022123,0.00014148227159225258,0.0006696918619343295,0.000613530030744247,0.0014598480195122886,0.001350712127004261,983.549956049238,0.0008077294947151258,global_lightgbm_poisson
env_weather_pressure_msl_max_futcov_lag-1,318.29335832595825,67.5118408203125,178.5216703414917,51.80328941345215,148.6835479736328,241.71359252929688,514.7486605644226,0.0012960272547364315,2.982080598787906e-05,0.0008593329954605933,8.025434229601558e-05,0.00032353031713105995,0.0009671536615488696,0.0020791367749211976,217.3251371383667,0.000805036593154578,global_lightgbm_poisson
env_weather_wind_speed_10m_mean_futcov_lag3,178.13600206375122,553.0350794792175,400.41231060028076,573.3215050697327,121.02235078811646,328.72612047195435,60.329269886016846,0.0006307265789778693,0.0011698597117285603,0.0006101408287926047,0.0018920901127433387,0.000251719174221976,0.0009128467939493401,6.481237652469218e-05,316.42609119415283,0.0007903136538483403,global_lightgbm_poisson
env_weather_wind_gusts_10m_mean_futcov_lag-1,461.4838185310364,98.54386949539185,46.70287036895752,220.93991041183472,816.724883556366,185.93703746795654,556.6076707839966,0.0007999401696842546,0.0003714353239391732,0.00010269932064987941,0.0004739940740102311,0.002659362838488666,0.00018860501536637208,0.0007329924167067903,340.99143723079135,0.0007612898798350523,global_lightgbm_poisson
env_weather_wind_gusts_10m_mean_futcov_lag-2,179.66193914413452,248.5057692527771,270.09879064559937,351.89574337005615,116.18953800201416,646.371419429779,124.7219500541687,0.0005570505157943328,0.0006962047272297322,0.0008499594137633126,0.0010180978428902421,0.00020394150750959738,0.0017788257659769214,0.0001669986779687216,276.7778785569327,0.0007530112073046944,global_lightgbm_poisson
darts_enc_fc_cyc_dayofweek_sin_futcov_lag0,124.66561126708984,594.8858270645142,100.45412015914917,209.74329233169556,1038.474262714386,117.05781173706055,13.046299934387207,0.0004772477711258771,0.0015779253212103938,8.467058913710356e-05,0.0003562316182958991,0.0023949654982887924,0.00017604103447066421,2.0908020309762244e-05,314.0467464583261,0.0007268556932626418,global_lightgbm_poisson
env_weather_wind_speed_10m_mean_futcov_lag0,960.2738423347473,96.38836002349854,116.93750047683716,245.25745010375977,120.91436910629272,190.65844202041626,51.7863712310791,0.0029959728993964817,0.000308493372017371,0.00022267491824805584,0.0008394111117592473,0.00024686034756817856,0.0002115948353415442,0.00014432463880205139,254.6023336138044,0.00070990458901899,global_lightgbm_poisson
ewm_expdecay7_dist_to_nearest_contested_km_pastcov_lag-14,89.37554740905762,482.3557357788086,92.16277885437012,576.142297744751,727.6496033668518,75.29330968856812,132.03680229187012,7.465746534227602e-05,0.0024111424706483088,0.0002992606943868381,0.0002881957035986149,0.001459232535433963,0.0003034182094882043,6.235306148172359e-05,310.71658216203963,0.0006997514486257042,global_lightgbm_poisson
darts_enc_fc_cyc_day_sin_futcov_lag0,237.22280836105347,103.03271913528442,75.43108034133911,132.82272052764893,319.521577835083,349.8432388305664,351.8340139389038,0.0009490865664706805,0.00043384272298494506,0.00013646380013803138,8.11975820011357e-05,0.000468321112089054,0.0015196406071687596,0.0012798570091266503,224.24402270998274,0.0006954870571398939,global_lightgbm_poisson
ewm_ewma14_acled_other_rus_shelling_artillery_missile_attack_pastcov_lag-7,688.4496884346008,161.62520933151245,337.8723020553589,295.51243925094604,37.77939033508301,206.5769624710083,390.98492908477783,0.0027122069375658197,0.00020405786236878942,0.00026059197920227375,0.0009298196971554873,4.854042141719805e-05,0.0004949209390006759,0.00014353694354627411,302.6858458518982,0.0006848106828937883,global_lightgbm_poisson
env_weather_pressure_msl_max_futcov_lag0,203.40294218063354,267.6591911315918,105.74493980407715,200.27034091949463,238.8323302268982,242.45038986206055,416.298180103302,0.0004837692770801594,0.000722004440277435,0.00024315954493725478,0.0006666189512146481,0.0003647643092232755,0.0006365052059143838,0.0015813954206735925,239.2369020325797,0.0006711738784743928,global_lightgbm_poisson
rolling_rsum14_14_dist_to_nearest_ru_km_pastcov_lag-1,157.2963309288025,255.12863111495972,20.779909133911133,205.87075090408325,375.2603611946106,203.50639009475708,93.03000068664551,0.0006179025144211758,0.000642424419456944,4.4947719547372425e-05,0.001165253872500216,0.0017423676050245974,0.0002840495321974279,8.679062629433077e-05,187.2674820082528,0.0006548194699202948,global_lightgbm_poisson
rolling_rsum14_14_dist_to_nearest_contested_km_pastcov_lag-7,346.0039415359497,45.35529041290283,22.093820095062256,487.2755274772644,14.668700218200684,50.57601022720337,90.07749938964844,0.0011253600943923914,2.349736024853666e-05,7.384601948456915e-05,0.003074322790444106,1.8899078401535264e-05,0.00018997780155722844,2.2157048174897832e-05,150.86439847946167,0.0006468657418147521,global_lightgbm_poisson
ewm_ewma14_act_drone_infra_ua_health_intent_pastcov_lag-7,716.7843704223633,280.70660161972046,571.4390563964844,311.71765327453613,462.1871905326843,177.34055852890015,361.5569920539856,0.0014262546752246141,0.0005068039577042161,0.0003990481618865838,0.00024252609742385632,0.0013696507966582505,0.0003004349373011861,0.00026419265433659246,411.67606040409635,0.0006441301829336141,global_lightgbm_poisson
ewm_ewma14_acled_other_rus_shelling_artillery_missile_attack_pastcov_lag-14,396.1784734725952,622.6309428215027,264.8080916404724,266.7043218612671,1024.4426174163818,80.19220972061157,800.007276058197,0.00011286163844257402,0.0007331465397044879,0.0005798369639488099,0.0004532501059976601,0.0013851305589953843,4.2707528841767764e-05,0.0011866976632804338,493.56627614157543,0.0006419472856015882,global_lightgbm_poisson
rolling_rsum7_7_acled_other_rus_shelling_artillery_missile_attack_pastcov_lag-7,302.1096992492676,514.4200701713562,199.95220565795898,334.16721868515015,979.673095703125,244.52072048187256,312.26869535446167,0.001136907416652244,0.0008402006199078604,0.00031428617306570315,0.00019171899078824773,0.0010056373461135638,0.0008930226568678368,9.574296675853854e-05,412.44452932902743,0.0006396451671648564,global_lightgbm_poisson
rolling_rmean28_28_dist_to_nearest_contested_km_pastcov_lag-1,329.82462644577026,270.79266119003296,232.53219842910767,0.0,65.51452922821045,490.3752188682556,251.8766794204712,0.0006269887675402819,0.002809945708581352,1.6324488467267528e-05,0.0,0.0001957936066341981,0.000601248006827726,0.00016808903935410234,234.41655908312117,0.0006311985167721325,global_lightgbm_poisson
rolling_rsum7_7_acled_other_rus_shelling_artillery_missile_attack_pastcov_lag-14,162.76510334014893,257.45724391937256,77.7563009262085,10.420700073242188,529.8181715011597,472.75817584991455,476.726770401001,0.0002069463978398911,0.00038428339033222956,0.0001880331360178955,1.5069441707704634e-05,0.0011742442890087634,0.0018411169009485695,0.0005332933975150444,283.9574951444353,0.0006204267076242997,global_lightgbm_poisson
ewm_ewma14_acled_other_rus_disrupted_weapons_use_pastcov_lag-7,152.17845821380615,164.97521018981934,277.7663941383362,1358.1933288574219,507.50216913223267,239.39710998535156,768.9723629951477,0.00028863818662889785,0.00022594189712836775,0.00028826161749966327,0.0011575774639361659,0.0011536529331325873,0.00024271214644138172,0.0008200720050346666,495.5692905017308,0.0005966937499716758,global_lightgbm_poisson
darts_enc_fc_cyc_day_cos_futcov_lag4,202.04341983795166,245.30303955078125,520.3017721176147,144.3890199661255,37.90042972564697,11.292699813842773,43.14786911010742,0.00041369080981144,0.0016194440953933408,0.0013932437364345463,0.0003604865260910417,7.759469762640414e-05,3.646361865636827e-05,4.888865307042245e-05,172.05403573172433,0.0005642588767262234,global_lightgbm_poisson
rolling_rmean28_28_dist_x_clash_pastcov_lag-1,438.57543087005615,257.67338848114014,98.88358783721924,386.73386430740356,359.75236082077026,307.68067169189453,71.74200057983398,0.0012433045394330878,0.0005010520099495652,0.00010051224318923247,0.0007604772752108913,0.0005097350227300845,0.0006848172771344752,0.00010093254789331763,274.4344720840454,0.0005572615593629506,global_lightgbm_poisson
env_weather_wind_direction_10m_dominant_futcov_lag5,458.55923986434937,101.84375,52.691160678863525,172.92009925842285,413.1334948539734,171.45427083969116,857.9073052406311,0.001128589658736856,0.0002617291485944584,0.00011305451955385681,0.00036432727667956577,0.0006853413342200687,0.0004974137032749626,0.0007372452090899095,318.35847439084733,0.000541100121449954,global_lightgbm_poisson
rolling_rsum7_7_com_diplo_bluesecondary_ua_pastcov_lag-14,364.08640241622925,343.56001234054565,364.7745943069458,108.11472988128662,59.08418035507202,123.18795728683472,91.5529899597168,0.0008786874407750833,0.0011926617755131596,0.0010696289136020941,0.000119789097708356,8.047845857299674e-05,0.00020075343475052244,0.00020183597648868457,207.76583807809013,0.0005348335853444139,global_lightgbm_poisson
darts_enc_fc_cyc_day_cos_futcov_lag6,21.43979024887085,30.067200660705566,200.886869430542,348.24699306488037,416.83733654022217,48.56416034698486,65.2502498626709,3.6237550228301885e-05,9.004417417266542e-05,0.0006187344942170769,0.0011318164133053087,0.001518451755337047,0.00011763785528102755,0.00011684514186744987,161.61322859355383,0.0005185381977726968,global_lightgbm_poisson
ewm_ewma14_acled_other_rus_disrupted_weapons_use_pastcov_lag-14,446.56782150268555,371.2211995124817,472.27125120162964,150.40507793426514,138.3348512649536,824.8457107543945,630.2985343933105,0.0008422872040821705,0.0004535895694384617,0.0006723726078130988,0.0003449246770438341,0.00010167523208901575,0.0007276031282380524,0.0004588625454478246,433.4206352233887,0.000514473566307494,global_lightgbm_poisson
env_weather_wind_direction_10m_dominant_futcov_lag3,107.86053895950317,105.74254035949707,203.27436017990112,154.26146984100342,582.129560470581,205.4121708869934,297.978901386261,0.00012811772089569296,0.00018174120697904693,0.0005261606157045851,0.0003543522780274255,0.000453145703349378,0.00040047852045663743,0.0015331408557166747,236.66564886910575,0.0005110195573042057,global_lightgbm_poisson
darts_enc_fc_cyc_day_sin_futcov_lag2,17.226540088653564,584.9577460289001,129.7629795074463,48.9215407371521,115.98342037200928,68.0548005104065,209.04887104034424,1.292636573209105e-05,0.0026642209097951673,0.00026494879604483935,5.832888800616498e-05,0.00025285675595980716,3.5189402632029854e-06,0.00021638704513031736,167.70798546927315,0.0004961696715616558,global_lightgbm_poisson
env_weather_pressure_msl_max_futcov_lag5,633.0546841621399,99.19791984558105,473.9990453720093,94.86582899093628,224.80735969543457,431.3102126121521,15.718009948730469,0.0004144839394002897,8.343431308337479e-05,0.0012254609074787038,0.00016728410510695734,0.0004546519075615318,0.0010424234831992285,8.106172796551459e-05,281.85043723242626,0.0004955429119708001,global_lightgbm_poisson
env_weather_pressure_msl_min_futcov_lag-2,117.21574020385742,108.20385932922363,228.08774995803833,233.84920167922974,56.02031087875366,148.55304050445557,233.8417706489563,0.0002695150492273646,0.0003041699799648967,0.0009385812269806726,0.0007406135824875593,0.00014414199305701203,0.0005272013270329667,0.00044515363615342806,160.8245247432164,0.00048133954212912854,global_lightgbm_poisson
darts_enc_fc_cyc_day_sin_futcov_lag6,42.41181039810181,6.794740200042725,45.46410083770752,24.665369510650635,72.54365015029907,551.7435994148254,195.50701236724854,2.734074557733113e-05,1.2840205354391898e-05,6.90227237194252e-05,2.1625113575707287e-05,5.0281410942742964e-05,0.002593399284294584,0.0005265676229761595,134.16146898269653,0.0004715824437771917,global_lightgbm_poisson
darts_enc_fc_cyc_day_cos_futcov_lag5,42.20618009567261,110.58916187286377,153.33742904663086,396.5581109523773,25.33091974258423,110.71030902862549,73.34548950195312,5.323022337533345e-05,0.0008602126230113693,0.0004060113721398695,0.001182654093715807,6.211749361504371e-05,0.0004819631241970601,0.00023013213918046115,130.29680003438676,0.00046804586703356343,global_lightgbm_poisson
rolling_rmean28_28_dist_x_clash_pastcov_lag-7,341.18793964385986,473.14139890670776,308.96861934661865,78.18939971923828,126.05690956115723,260.74696254730225,1002.4057583808899,0.0003205626749922752,0.0005219875455567457,0.00036360535779702554,8.390700326075252e-05,0.00010952539634738745,0.0006437647584549566,0.0012257557834761234,370.09956972939625,0.00046701550284075237,global_lightgbm_poisson
darts_enc_fc_cyc_day_sin_futcov_lag-1,179.43928956985474,61.14867973327637,189.59039115905762,135.03227043151855,237.0476016998291,288.29686212539673,70.50073051452637,0.0003555323639036434,0.000179256223836477,0.00018266939154827356,7.61132853491775e-05,0.0008791131101788085,0.0011323999422544917,0.0004376569410737163,165.86511789049422,0.0004632487511635125,global_lightgbm_poisson
env_weather_pressure_msl_max_futcov_lag4,30.503450870513916,180.0014100074768,213.97496032714844,276.06783628463745,347.75396370887756,73.6892409324646,34.495100021362305,3.40189810548841e-05,0.0005747934526578735,0.0003377080599378246,0.0006352399159587962,0.0014316413141281625,0.00018438930327080438,4.221608168244462e-05,165.2122803074973,0.00046285815838439855,global_lightgbm_poisson
darts_enc_fc_cyc_day_sin_futcov_lag1,472.74716806411743,70.17727899551392,68.50662040710449,13.836640357971191,72.34579992294312,107.53045082092285,315.8795499801636,0.0018406917393397836,8.442688782073215e-05,0.00015978682957882296,1.450968501393035e-06,0.0001965211074360207,0.0001930353603482704,0.0007135536910401807,160.14621550696236,0.0004556380834378863,global_lightgbm_poisson
env_weather_pressure_msl_max_futcov_lag3,154.44293069839478,199.35864114761353,152.72168016433716,329.62427854537964,111.83313989639282,72.27842044830322,136.07817840576172,0.0005203471598610454,0.0004081873329586427,0.00038072773783375257,0.0010170695089321002,0.0003296477222015204,6.990389992134194e-05,0.0003458606168249556,165.19103847231185,0.0004388205683619084,global_lightgbm_poisson
ewm_ewma14_dist_to_nearest_contested_km_pastcov_lag-14,291.7292289733887,582.2182550430298,646.1122674942017,326.6324586868286,631.0391702651978,945.3312582969666,659.124409198761,0.0003150685781686979,0.0003404786310691188,0.0006665566046683002,0.00029152059724499855,0.0003162551807067704,0.0008692765669918057,0.0001867981082072534,583.1695782797677,0.0004265648952938493,global_lightgbm_poisson
darts_enc_fc_cyc_day_cos_futcov_lag2,541.4593448638916,72.26279830932617,33.98286008834839,52.65537071228027,16.643630504608154,152.86391925811768,24.259479999542236,0.0019128805477017785,0.0003282316880768743,5.6995624993372294e-05,9.56340876362649e-05,3.449578342842319e-05,0.0005105869607273883,6.8163248130304055e-06,127.73248624801636,0.0004208058596253045,global_lightgbm_poisson
env_weather_pressure_msl_max_futcov_lag1,321.15084743499756,276.6651883125305,137.63860082626343,99.7640609741211,61.4709095954895,39.57695007324219,68.48619937896729,0.0010766954519631166,0.0007564506677609107,0.0003292292111259698,0.00012551206047934916,0.00035400316903919646,2.147731980088885e-05,0.0002762071982061576,143.53610808508736,0.00041993929691079844,global_lightgbm_poisson
darts_enc_fc_cyc_day_sin_futcov_lag4,31.387900352478027,48.812289237976074,7.536129951477051,609.4315626621246,266.2156596183777,64.47443056106567,104.06858921051025,8.31795322663087e-05,0.00012601264679077407,2.6084742947940497e-05,0.0018474939263503965,0.0006227766901946818,0.0001246019240163765,7.755554608550597e-05,161.70379451342993,0.00041538642980742626,global_lightgbm_poisson
env_weather_wind_direction_10m_dominant_futcov_lag6,224.68915128707886,228.4579119682312,100.68118095397949,67.33924961090088,351.18498039245605,265.8325595855713,76.57714033126831,0.000874045965531578,0.0007497649570659792,0.00022072904428824814,4.936125025896132e-05,0.00034205130826816534,0.00038453353361216357,0.00010909395219427243,187.82316773278373,0.0003899400016027669,global_lightgbm_poisson
env_weather_wind_direction_10m_dominant_futcov_lag4,154.87780809402466,35.34070014953613,96.9013786315918,777.0462212562561,236.0378589630127,768.934606552124,96.2260799407959,0.0003203451548966285,1.8699325939852685e-05,0.00016711160254347934,0.0006634824424599506,0.0005132178928517028,0.0005801692625692744,0.00016773661467139878,309.3378076553345,0.0003472517565617553,global_lightgbm_poisson
darts_enc_fc_cyc_day_sin_futcov_lag3,33.22860050201416,61.835689067840576,441.2205195426941,109.03753995895386,65.82106971740723,58.8641300201416,140.29344081878662,6.961218238388245e-05,0.00011840678486101375,0.0016823739954865192,0.00032851913893217066,8.742095366172098e-05,4.5194380182889125e-05,1.955168641882832e-05,130.04299851826258,0.00033586844598957504,global_lightgbm_poisson
rolling_rsum14_14_dist_to_nearest_contested_km_pastcov_lag-14,319.49669551849365,481.22717809677124,45.07509994506836,118.88294124603271,144.1156005859375,1133.4256176948547,198.68203020095825,8.505909980540682e-05,0.0001876102607102359,1.7956667325425003e-05,-3.558877084706147e-05,0.00023852950927540916,0.0012468951449704723,0.000410717721582321,348.70073761258806,0.0003073113761174584,global_lightgbm_poisson
rolling_rsum14_14_dist_to_nearest_contested_km_pastcov_lag-1,41.37238025665283,130.1884593963623,79.34659957885742,35.12055969238281,572.6410756111145,178.10589504241943,58.53441143035889,0.00012839193289144736,0.00014000306302586196,2.6191801037822594e-05,4.207889331393488e-05,0.001369065175141082,0.0003661684877241722,7.727379338389184e-05,156.47276871544975,0.00030702473521688757,global_lightgbm_poisson
rolling_rsum7_7_com_diplo_bluesecondary_ua_pastcov_lag-1,37.3291802406311,157.4340305328369,95.15097045898438,33.93233013153076,168.91421842575073,51.275970458984375,344.4423213005066,6.299266692988414e-05,0.0002856454930675545,0.00024108170521237594,1.3675882112407223e-05,0.0005521026057428102,0.00010785070288288345,0.0008847572079241584,126.92557450703212,0.00030687232341029624,global_lightgbm_poisson
ewm_ewma14_com_diplo_bluesecondary_ua_pastcov_lag-1,56.5973801612854,12.66349983215332,67.12941884994507,32.57346987724304,107.93168115615845,238.8924880027771,167.21059894561768,0.00017876869472353008,5.1207711341727526e-05,6.896756599443777e-05,7.620576250151334e-05,0.00037580892680466604,0.0008084168336986109,0.0005785735510325685,97.57121954645429,0.0003054212922995792,global_lightgbm_poisson
rolling_rmean28_28_dist_to_nearest_contested_km_pastcov_lag-7,798.2204155921936,573.1687941551208,443.7138957977295,22.907939910888672,86.15095949172974,22.100769996643066,150.29754543304443,0.0006320721161005682,0.00045190266170249684,0.0004949956265869915,1.049397514574224e-05,0.00036232487632477107,7.987395652100381e-05,7.928794984704001e-05,299.50861719676425,0.0003015644517469448,global_lightgbm_poisson
darts_enc_fc_cyc_day_cos_futcov_lag-2,23.663599967956543,0.0,10.958499908447266,84.41963005065918,199.15933895111084,358.2584056854248,85.5291199684143,7.197935571430225e-05,0.0,9.315039784296708e-05,0.00020391591821244948,0.0005235725500696731,0.0009832328131363032,0.00013329474825265474,108.85551350457328,0.00028702082617547853,global_lightgbm_poisson
darts_enc_fc_cyc_day_cos_futcov_lag-1,19.98408031463623,33.83710956573486,15.96677017211914,23.71440029144287,25.46661949157715,144.65372896194458,518.0069336891174,4.92406271268786e-05,0.00010314019251831397,8.943178068410163e-06,0.0001858195039816879,5.124703558121446e-05,0.0003749933646372661,0.0012185675921506877,111.66137749808175,0.0002845644991520656,global_lightgbm_poisson
darts_enc_fc_cyc_day_sin_futcov_lag-2,53.53707981109619,212.62945938110352,88.25880074501038,73.74228096008301,282.4812068939209,73.47220993041992,71.62988090515137,0.00020318381280959308,0.0003942198917422868,5.99684573617143e-05,6.425738868520714e-05,0.00085297820495156,0.00021110417319278874,0.00014853508411518667,122.25013123239789,0.00027632100183690525,global_lightgbm_poisson
darts_enc_fc_cyc_dayofweek_sin_futcov_lag1,12.955100059509277,44.854148387908936,144.71992874145508,32.13796043395996,61.98147010803223,157.3804488182068,132.480619430542,1.718720407912766e-05,0.0003830888282576383,0.00024376980143498984,0.00010928257360744986,0.0004406720315719648,0.00041199128093711846,0.0003091013047882063,83.78709656851632,0.0002735847178109279,global_lightgbm_poisson
darts_enc_fc_cyc_day_sin_futcov_lag5,10.554699897766113,6.33165979385376,28.182950496673584,80.6447205543518,515.0444531440735,82.3964409828186,68.11649990081787,1.1280327069007612e-05,4.4091429408754657e-05,2.6260124776600337e-05,0.0002404280129391756,0.0012910586498143584,0.00023997568566245243,3.62340853669707e-05,113.0387749671936,0.0002699040450053314,global_lightgbm_poisson
rolling_rsum14_14_dist_to_nearest_ru_km_pastcov_lag-7,246.19269943237305,276.5594825744629,309.52099323272705,56.386199951171875,107.44209861755371,647.9686698913574,378.85505199432373,0.00017330176587271318,0.000310569855953724,0.00015182040961179145,6.361949286228796e-05,0.00015079969994704622,0.00046975060416625246,0.00028932332657582993,288.9893136705671,0.0002298835935699493,global_lightgbm_poisson
env_weather_soil_moisture_0_to_100cm_mean_futcov_lag-1,66.89379978179932,111.4059009552002,42.28561067581177,428.755268573761,226.49777030944824,28.4796404838562,48.57588005065918,9.308734660429252e-06,0.0002000919091062814,0.0001408853471939864,0.00020986922379448992,0.0008867522565829455,4.852777459658508e-05,6.417091875985382e-05,136.1276958329337,0.00022280088067065307,global_lightgbm_poisson
darts_enc_fc_cyc_dayofyear_cos_futcov_lag-2,98.76907014846802,52.13160037994385,176.3716583251953,245.10725116729736,45.40240001678467,257.57922649383545,8.23466968536377,0.00018352162752757195,0.0001816070872182163,0.0005779398802670865,0.0002209149933956267,0.00016775854780290978,0.0001979345472037597,1.3097142153517537e-05,126.22798231669834,0.00022039626079552692,global_lightgbm_poisson
darts_enc_fc_cyc_dayofyear_cos_futcov_lag3,0.0,37.430999755859375,0.0,226.96606016159058,880.3385243415833,22.33430004119873,0.0,0.0,1.3031480581160438e-05,0.0,0.00044937031209615343,0.0010037304351413923,9.107843753652922e-06,0.0,166.72426918574743,0.00021074858165319414,global_lightgbm_poisson
darts_enc_fc_cyc_dayofyear_cos_futcov_lag4,84.89149951934814,14.218899726867676,101.64379787445068,37.44699954986572,250.88430833816528,689.0540895462036,204.25916194915771,2.981896549023588e-05,4.737752762387082e-05,8.992907145664031e-05,9.988953622073194e-05,0.00100250242021378,0.00010343225342539508,8.53140961944554e-05,197.48553664343697,0.00020832341008930133,global_lightgbm_poisson
darts_enc_fc_cyc_dayofyear_cos_futcov_lag6,42.2652006149292,162.3171582221985,34.22640037536621,204.2528314590454,98.38830089569092,141.31593132019043,167.1550817489624,6.967098058068278e-05,0.00024059966622731467,6.64884530962473e-05,0.00034247484471243704,5.5756601321044207e-05,5.282207733812161e-05,0.0005582625127226847,121.41727209091187,0.00019801073371407605,global_lightgbm_poisson
env_weather_soil_moisture_0_to_100cm_mean_futcov_lag4,14.411240100860596,177.6826195716858,158.0899600982666,71.05671072006226,214.3918695449829,68.90974140167236,140.19513177871704,2.3393490017697972e-05,0.0005464573389687199,0.00026293334635787426,2.9192806186584264e-05,6.705161596294306e-05,0.00018205906987049935,0.00020717443718718532,120.67675331660679,0.00018832315779307202,global_lightgbm_poisson
darts_enc_fc_cyc_dayofyear_cos_futcov_lag1,66.47979927062988,151.26121759414673,1043.4708728790283,47.19195079803467,83.04119873046875,5.462349891662598,14.217499732971191,0.0003043282924614754,0.0004941593084784035,0.00037883792407202856,1.4241370372158891e-05,2.4330925085624954e-05,2.3306425953606435e-07,4.750330339975406e-05,201.5892698424203,0.00018051916973271166,global_lightgbm_poisson
env_weather_soil_moisture_0_to_100cm_mean_futcov_lag2,54.44424867630005,60.924280643463135,13.13029956817627,27.18790054321289,81.96138906478882,8.097249984741211,595.0281186103821,7.984662729918491e-05,2.272651937373915e-06,6.718060631620837e-05,5.22930171067415e-06,0.0001438576814528858,1.3714017940347212e-05,0.0009477300225946949,120.11049815586635,0.00017997584417876703,global_lightgbm_poisson
darts_enc_fc_cyc_dayofweek_cos_futcov_lag2,8.925370216369629,254.42406463623047,19.51578998565674,26.087900161743164,76.83593082427979,8.875800132751465,0.0,4.782565217298362e-06,0.0007942041458826266,4.997673190549889e-05,4.805547833506285e-05,0.0003549796694405138,3.2983992912960504e-06,0.0,56.38069370814732,0.0001793281414388995,global_lightgbm_poisson
env_weather_soil_moisture_0_to_100cm_mean_futcov_lag1,40.92355012893677,36.99783945083618,56.33199977874756,55.577850341796875,76.22411108016968,509.95633935928345,84.6242904663086,0.00019497911256893818,4.18219204219028e-06,4.570469928011356e-05,3.1054037832145556e-05,0.00032294516800213113,0.0003774201330695393,0.00023027818515477527,122.94799722943988,0.0001723662182785476,global_lightgbm_poisson
darts_enc_fc_cyc_dayofyear_cos_futcov_lag0,117.23839855194092,880.4063277244568,122.32531881332397,29.896900177001953,106.1011791229248,0.0,137.19584846496582,0.00038941609892564346,0.0004084573452342255,0.0002367955073250938,9.080285656315467e-06,5.654821052956116e-05,0.0,5.4644744212151154e-05,199.02342469351632,0.00016499174169757008,global_lightgbm_poisson
darts_enc_fc_cyc_dayofyear_cos_futcov_lag2,44.269790172576904,58.49270153045654,129.77186012268066,770.3437395095825,67.26350021362305,0.0,10.125,5.9276811740272e-05,0.0001261299186879672,0.0001633499137080996,0.0006496637454136422,0.00010022614691447273,0.0,3.282795274799355e-05,154.3237987927028,0.00016163921274463535,global_lightgbm_poisson
darts_enc_fc_cyc_day_cos_futcov_lag1,108.47394037246704,110.90016841888428,14.353879451751709,13.7568998336792,63.559210777282715,18.454299926757812,15.185999870300293,0.00037637938951908814,0.0004483215825311637,2.5743213018492027e-05,2.28049876429548e-05,0.00015149835649548306,7.133426243655094e-05,2.888492172674617e-05,49.24062837873186,0.00016070953048149698,global_lightgbm_poisson
darts_enc_fc_cyc_dayofyear_cos_futcov_lag-1,160.6901683807373,192.39612245559692,38.38390064239502,29.710100173950195,0.0,74.22755146026611,70.97860050201416,0.00023414234145306966,0.0007478614031010133,5.3081773833274506e-05,1.0741613510045766e-05,0.0,2.2684592868116303e-05,3.257903403235396e-05,80.91234908785138,0.00015729867982826768,global_lightgbm_poisson
env_weather_soil_moisture_0_to_100cm_mean_futcov_lag6,642.2288827896118,169.19613027572632,4.397669792175293,122.7994589805603,84.39863014221191,69.99435949325562,187.62736177444458,4.271944475056078e-05,7.291543546252832e-05,1.788368972910348e-07,8.083392779338894e-05,0.0004008444227526331,8.054608945775587e-05,0.0004011061873334221,182.9489276068551,0.00015416347777822575,global_lightgbm_poisson
darts_enc_fc_cyc_dayofyear_sin_futcov_lag4,22.09861993789673,130.8871603012085,7.2540998458862305,6.487299919128418,79.86941003799438,74.2699499130249,120.42322063446045,3.6002746073693356e-05,0.0003807534316471628,6.72172911295732e-06,4.596665787559573e-07,0.00023034914000483742,4.692344099164192e-05,0.0003399227651778025,63.0413943699428,0.00014873327422669304,global_lightgbm_poisson
env_weather_soil_moisture_0_to_100cm_mean_futcov_lag-2,170.23227977752686,141.42053031921387,385.37586784362793,128.8415904045105,41.76490879058838,108.36320877075195,48.54636001586914,0.0001169847948241598,0.00020034286991865713,8.274955350695556e-05,0.00032318523418273237,3.102757636290754e-05,0.00010567616413639235,7.770452745954337e-05,146.36353513172693,0.00013395296005590688,global_lightgbm_poisson
env_weather_soil_moisture_0_to_100cm_mean_futcov_lag3,78.38630867004395,72.52645063400269,0.0,46.157649993896484,6.949659824371338,46.03222942352295,113.87143993377686,0.00013930845832010874,0.00016316183395221896,0.0,0.00021172196901229068,1.5191325178531834e-05,0.00012052912929583215,0.0002371507225416458,51.98910549708775,0.00012672334832866116,global_lightgbm_poisson
darts_enc_fc_cyc_dayofweek_cos_futcov_lag0,35.98849964141846,0.0,160.171959400177,35.0101900100708,13.887800216674805,32.41342067718506,96.57599830627441,1.4698003491742107e-05,0.0,0.00024093439501045034,8.673312777136566e-05,2.709653969847903e-05,5.8207723666559016e-05,0.0004286903176412782,53.43540975025722,0.0001223371581828392,global_lightgbm_poisson
darts_enc_fc_cyc_dayofyear_sin_futcov_lag6,0.0,51.37758922576904,15.928040027618408,29.682689666748047,148.52915811538696,136.11617040634155,8.584099769592285,0.0,-0.000275410582690383,2.2616284318210944e-05,9.793037382510583e-05,0.00034975727984467577,0.0005329407064447623,5.327783701405409e-05,55.74539245877947,0.00011158741410806083,global_lightgbm_poisson
darts_enc_fc_cyc_dayofyear_cos_futcov_lag5,117.22373008728027,22.331350326538086,84.1425313949585,0.0,30.569660663604736,64.22600173950195,565.2006607055664,0.00018859530789629985,1.826491091163618e-05,6.086983940880586e-05,0.0,3.2925696170349464e-05,0.00023434055097435458,0.00024424439266939045,126.24199070249286,0.0001113200997186909,global_lightgbm_poisson
env_weather_soil_moisture_0_to_100cm_mean_futcov_lag0,116.7133903503418,46.15789985656738,78.34220123291016,18.890040397644043,641.9217805862427,77.3095498085022,14.838129997253418,2.5716444528178782e-05,2.8961956267803403e-05,7.955080207064925e-05,5.822653382101528e-05,0.000444917246285903,3.589580390395142e-05,4.099229050149589e-05,142.02471317563737,0.00010203729676842815,global_lightgbm_poisson
darts_enc_fc_cyc_dayofweek_cos_futcov_lag1,18.64714002609253,0.0,10.402299880981445,229.3874044418335,9.521010398864746,0.0,55.4911994934082,7.156384088327083e-05,0.0,1.115946479579577e-05,0.00038096223683403707,3.094176383444669e-06,0.0,0.00018111620702458974,46.20700774874006,9.255656084587686e-05,global_lightgbm_poisson
darts_enc_fc_cyc_dayofyear_sin_futcov_lag5,25.303369522094727,235.74457931518555,89.51374053955078,53.94107103347778,73.01715040206909,26.719130516052246,11.348100185394287,-7.6133296853964085e-06,0.00012244280133710816,0.0002944209512030671,0.00013453505903526786,9.419654221409779e-06,6.316499218357307e-05,3.5094555590919898e-06,73.65530593054635,8.85542262648745e-05,global_lightgbm_poisson
darts_enc_fc_cyc_day_cos_futcov_lag0,20.561729907989502,15.804949760437012,24.879059314727783,118.39573955535889,14.734000205993652,0.0,190.65995931625366,7.1731793392482144e-06,6.838540515641256e-06,8.171266701419987e-05,0.00033645201877152697,3.4488817958200357e-06,0.0,0.00012548658159603488,55.00506258010864,8.015883843321018e-05,global_lightgbm_poisson
darts_enc_fc_cyc_week_cos_futcov_lag-2,0.0,140.7342987060547,85.34706926345825,0.0,21.233800888061523,13.007100105285645,11.615300178527832,0.0,0.00028003061275623243,0.00019823119206481278,0.0,2.7663082972750885e-05,3.1588718852670893e-06,2.841447386394691e-05,38.84822416305542,7.678546193471573e-05,global_lightgbm_poisson
darts_enc_fc_cyc_week_cos_futcov_lag1,64.24709892272949,0.0,0.0,0.0,708.195894241333,55.15850067138672,0.0,0.00021046594042954946,0.0,0.0,0.0,0.00020974507131794607,5.456321433396916e-05,0.0,118.2287848336356,6.782488944020925e-05,global_lightgbm_poisson
env_weather_soil_moisture_0_to_100cm_mean_futcov_lag5,45.49218988418579,39.75782918930054,51.605310916900635,125.65201902389526,143.0809907913208,18.675349712371826,62.63778114318848,5.4317966726435965e-05,0.00015311205838908215,5.4229661120031027e-05,4.8315831951084576e-05,4.1435535415024205e-05,2.505595943347316e-06,9.676973827488222e-05,69.55735295159477,6.438376968855536e-05,global_lightgbm_poisson
darts_enc_fc_cyc_dayofweek_cos_futcov_lag3,0.0,7.500820159912109,0.0,11.483400344848633,0.0,102.28280258178711,27.313499450683594,0.0,1.360218454247164e-05,0.0,3.991362382547159e-05,0.0,0.00023074567961873794,5.698713106128128e-05,21.225788933890207,4.8749802721137496e-05,global_lightgbm_poisson
darts_enc_fc_cyc_dayofyear_sin_futcov_lag3,36.765000343322754,72.85618019104004,9.362409591674805,21.37070083618164,24.060620307922363,0.0,44.75240898132324,0.0002567223246200845,6.0241733148336255e-06,2.1972253625701654e-05,8.047445581915724e-07,4.1848089622043e-06,0.0,2.0670631522023976e-05,29.881045750209264,4.433984808614851e-05,global_lightgbm_poisson
darts_enc_fc_cyc_month_sin_futcov_lag0,0.0,190.34989738464355,0.0,0.0,13.044699668884277,0.0,346.33282566070557,0.0,0.00012794061307137562,0.0,0.0,2.7039568890385723e-06,0.0,0.00015410794925958539,78.5324889591762,4.0678931317142796e-05,global_lightgbm_poisson
darts_enc_fc_cyc_dayofyear_sin_futcov_lag-1,47.36295986175537,35.1570200920105,28.58999013900757,24.64184045791626,40.14296913146973,36.293960094451904,61.7189998626709,0.00011385362019451506,2.731168928420402e-05,1.7296127812871376e-06,5.243798263390165e-05,2.710339830547248e-05,2.3029042915467813e-05,2.8541645764046386e-05,39.12967709132603,3.914385598269922e-05,global_lightgbm_poisson
darts_enc_fc_cyc_dayofweek_sin_futcov_lag4,0.0,8.950309753417969,0.0,6.305650234222412,15.011660099029541,24.200600624084473,0.0,0.0,5.1157351418029684e-05,0.0,5.9136501341816585e-06,5.322646598511227e-05,0.00015959605427426916,0.0,7.781174387250628,3.855621740165611e-05,global_lightgbm_poisson
darts_enc_fc_cyc_month_cos_futcov_lag3,0.0,0.0,32.33600902557373,0.0,12.300399780273438,61.25959873199463,0.0,0.0,0.0,6.0696428387463364e-05,0.0,3.0970667745267024e-06,0.00018542177041096507,0.0,15.128001076834542,3.5602180796136446e-05,global_lightgbm_poisson
darts_enc_fc_cyc_week_sin_futcov_lag-1,5.951119899749756,9.385700225830078,112.74930000305176,0.0,14.284799575805664,0.0,9.478739738464355,6.533398687169623e-07,4.72616893347988e-05,0.00014182174069756747,0.0,1.832635241296732e-05,0.0,2.3102329115576304e-05,21.69280849184309,3.3023635918518126e-05,global_lightgbm_poisson
darts_enc_fc_cyc_dayofyear_sin_futcov_lag-2,45.08999967575073,24.750900745391846,9.351829528808594,22.576079845428467,17.456669807434082,68.11694049835205,0.0,8.517051501639727e-05,9.142266168904456e-06,1.2015916109975322e-05,1.2486875368189487e-05,2.3007644785866255e-05,5.724587415534277e-05,0.0,26.76320287159511,2.8438441657810795e-05,global_lightgbm_poisson
darts_enc_fc_cyc_dayofweek_sin_futcov_lag3,10.722599983215332,0.0,0.0,0.0,8.33446979522705,0.0,0.0,0.00014698617398318793,0.0,0.0,0.0,5.061604591389823e-05,0.0,0.0,2.722438539777483,2.8228888556726595e-05,global_lightgbm_poisson
darts_enc_fc_cyc_dayofyear_sin_futcov_lag2,10.192000389099121,5.9102702140808105,7.2423200607299805,0.0,12.610799789428711,45.23068904876709,0.0,3.4464796476396664e-05,5.307810377441769e-07,4.519272321525936e-05,0.0,5.554860591283628e-06,9.963221303279645e-05,0.0,11.598011357443673,2.6482196336211467e-05,global_lightgbm_poisson
darts_enc_fc_cyc_week_cos_futcov_lag-1,10.618000030517578,0.0,397.26099967956543,55.843600273132324,0.0,0.0,0.0,2.487692718369239e-05,0.0,8.821166779153789e-05,6.025233598703217e-05,0.0,0.0,0.0,66.2460857118879,2.4762990137466064e-05,global_lightgbm_poisson
darts_enc_fc_cyc_week_cos_futcov_lag2,0.0,0.0,0.0,0.0,42.160200119018555,376.4449996948242,96.07950115203857,0.0,0.0,0.0,0.0,1.185022592342655e-05,7.143303376211385e-05,8.421033455860983e-05,73.52638585226876,2.392765632059289e-05,global_lightgbm_poisson
darts_enc_fc_cyc_dayofyear_sin_futcov_lag0,0.0,19.077069759368896,65.66800117492676,29.15676975250244,9.308639526367188,10.97130012512207,9.103500366210938,0.0,4.899009260261877e-06,4.2004175449372735e-05,1.7659125353985948e-05,4.9304727838150875e-05,6.508235472724166e-06,4.0063914684496106e-05,20.46932581492833,2.2919884008427385e-05,global_lightgbm_poisson
darts_enc_fc_cyc_month_sin_futcov_lag-2,0.0,9.751520156860352,101.98100280761719,16.686199188232422,257.303897857666,0.0,0.0,0.0,1.7485268437145152e-06,3.043781751796981e-05,4.468000240387404e-06,0.00011166798182298266,0.0,0.0,55.10323143005371,2.118890377500777e-05,global_lightgbm_poisson
darts_enc_fc_cyc_week_cos_futcov_lag0,0.0,0.0,0.0,418.9129009246826,53.217899322509766,0.0,0.0,0.0,0.0,0.0,0.00012094911650513129,1.691938147314609e-05,0.0,0.0,67.44725717817035,1.969549971118248e-05,global_lightgbm_poisson
darts_enc_fc_cyc_week_cos_futcov_lag3,0.0,0.0,8.124500274658203,0.0,0.0,0.0,508.4572205543518,0.0,0.0,1.1632250186255356e-05,0.0,0.0,0.0,0.00011140246431053935,73.79738868985858,1.7576387785256386e-05,global_lightgbm_poisson
darts_enc_fc_cyc_month_sin_futcov_lag1,0.0,0.0,60.237300872802734,0.0,0.0,0.0,17.28860092163086,0.0,0.0,0.00010184182065842151,0.0,0.0,0.0,1.7039031857901677e-06,11.075128827776227,1.479224626345881e-05,global_lightgbm_poisson
darts_enc_fc_cyc_month_sin_futcov_lag5,9.94191026687622,12.144000053405762,0.0,0.0,0.0,0.0,26.16670036315918,8.382703139608872e-06,1.4292144839656017e-05,0.0,0.0,0.0,0.0,7.650956743545655e-05,6.893230097634452,1.4169202202103063e-05,global_lightgbm_poisson
darts_enc_fc_cyc_month_sin_futcov_lag3,0.0,14.00469970703125,0.0,0.0,50.66699981689453,77.65709686279297,0.0,0.0,5.730443617177894e-05,0.0,0.0,7.919889616525567e-06,2.826538845133175e-05,0.0,20.332685198102677,1.3355673462805178e-05,global_lightgbm_poisson
darts_enc_fc_cyc_dayofweek_sin_futcov_lag2,0.0,0.0,0.0,40.62132978439331,0.0,0.0,0.0,0.0,0.0,0.0,7.792922353153653e-05,0.0,0.0,0.0,5.803047112056187,1.1132746218790933e-05,global_lightgbm_poisson
darts_enc_fc_cyc_month_sin_futcov_lag4,0.0,0.0,0.0,0.0,0.0,198.02019500732422,0.0,0.0,0.0,0.0,0.0,0.0,7.468411369879747e-05,0.0,28.288599286760604,1.0669159099828209e-05,global_lightgbm_poisson
darts_enc_fc_cyc_month_cos_futcov_lag2,0.0,0.0,26.742000579833984,0.0,0.0,0.0,0.0,0.0,0.0,7.248537602237981e-05,0.0,0.0,0.0,0.0,3.8202857971191406,1.035505371748283e-05,global_lightgbm_poisson
darts_enc_fc_cyc_month_sin_futcov_lag-1,0.0,0.0,0.0,16.303499221801758,19.393999099731445,198.32609748840332,37.73419952392578,0.0,0.0,0.0,4.378598678345114e-06,3.0734942704890854e-06,5.477178938795291e-05,7.68706717424461e-06,38.82254219055176,9.98727850157596e-06,global_lightgbm_poisson
darts_enc_fc_cyc_week_cos_futcov_lag5,11.782500267028809,0.0,8.755000114440918,0.0,8.08948040008545,0.0,0.0,5.0158746911566074e-05,0.0,1.282391542563044e-05,0.0,1.5469392171896247e-06,0.0,0.0,4.089568683079311,9.218514507769447e-06,global_lightgbm_poisson
darts_enc_fc_cyc_month_cos_futcov_lag-2,11.656800270080566,0.0,12.697400093078613,0.0,9.340669631958008,0.0,0.0,2.410549081546254e-05,0.0,4.365492131919168e-06,0.0,3.1853766671940954e-05,0.0,0.0,4.8135528564453125,8.617821374188952e-06,global_lightgbm_poisson
darts_enc_fc_cyc_dayofweek_sin_futcov_lag5,0.0,0.0,0.0,23.070199966430664,0.0,0.0,0.0,0.0,0.0,0.0,5.6066118187536595e-05,0.0,0.0,0.0,3.295742852347238,8.009445455362371e-06,global_lightgbm_poisson
darts_enc_fc_cyc_dayofyear_sin_futcov_lag1,0.0,0.0,7.725279808044434,56.43235969543457,0.0,0.0,9.677229881286621,0.0,0.0,1.9013898986397492e-07,3.736963338649701e-05,0.0,0.0,1.7172403214327227e-05,10.547838483537946,7.818882227241174e-06,global_lightgbm_poisson
darts_enc_fc_cyc_week_sin_futcov_lag1,6.590390205383301,25.584599494934082,0.0,0.0,0.0,0.0,49.99930000305176,1.91617259839294e-06,2.913141609737213e-05,0.0,0.0,0.0,0.0,1.9960510326866298e-05,11.739184243338448,7.286871288947339e-06,global_lightgbm_poisson
darts_enc_fc_cyc_month_cos_futcov_lag1,0.0,0.0,6.844339847564697,0.0,0.0,9.07056999206543,0.0,0.0,0.0,1.679234885987313e-05,0.0,0.0,2.743744815270066e-05,0.0,2.2735585485185896,6.318542430367684e-06,global_lightgbm_poisson
darts_enc_fc_cyc_week_sin_futcov_lag-2,15.632120132446289,0.0,6.982049942016602,0.0,53.785099029541016,0.0,0.0,2.6789016118300422e-06,0.0,8.08151784192912e-06,0.0,2.918056663880897e-05,0.0,0.0,10.914181300571986,5.705855156081161e-06,global_lightgbm_poisson
darts_enc_fc_cyc_month_sin_futcov_lag6,0.0,0.0,35.64928960800171,106.40322780609131,0.0,0.0,0.0,0.0,0.0,3.442207288637533e-05,5.0112347038000495e-06,0.0,0.0,0.0,20.29321677344186,5.633329655739341e-06,global_lightgbm_poisson
darts_enc_fc_cyc_month_cos_futcov_lag6,0.0,0.0,0.0,11.997300148010254,0.0,0.0,15.559100151062012,0.0,0.0,0.0,2.8262087215980004e-05,0.0,0.0,1.1128626030476596e-05,3.936628614153181,5.6272447494938e-06,global_lightgbm_poisson
darts_enc_fc_cyc_week_cos_futcov_lag6,0.0,0.0,0.0,0.0,6.753429889678955,14.011799812316895,0.0,0.0,0.0,0.0,0.0,8.122104037111555e-07,1.859086893933881e-05,0.0,2.966461385999407,2.7718684775785667e-06,global_lightgbm_poisson
darts_enc_fc_cyc_week_sin_futcov_lag0,4.17848014831543,6.42209005355835,0.0,10.28189992904663,0.0,0.0,19.322099685668945,5.634816365729378e-07,2.7179459694215425e-06,0.0,3.3225322080276955e-07,0.0,0.0,1.540884488395733e-05,5.74350997379848,2.71750367296494e-06,global_lightgbm_poisson
darts_enc_fc_cyc_week_sin_futcov_lag3,0.0,0.0,5.71068000793457,0.0,0.0,0.0,0.0,0.0,0.0,1.7584066819953392e-05,0.0,0.0,0.0,0.0,0.8158114297049386,2.5120095457076275e-06,global_lightgbm_poisson
darts_enc_fc_cyc_month_cos_futcov_lag0,0.0,8.213089942932129,0.0,0.0,0.0,0.0,0.0,0.0,1.7091263358026687e-05,0.0,0.0,0.0,0.0,0.0,1.1732985632760184,2.4416090511466696e-06,global_lightgbm_poisson
darts_enc_fc_cyc_month_sin_futcov_lag2,0.0,0.0,0.0,0.0,0.0,11.016200065612793,0.0,0.0,0.0,0.0,0.0,0.0,1.628509478919238e-05,0.0,1.5737428665161133,2.3264421127417685e-06,global_lightgbm_poisson
darts_enc_fc_cyc_week_sin_futcov_lag2,0.0,0.0,7.152969837188721,0.0,21.44460964202881,0.0,0.0,0.0,0.0,7.754125212211527e-06,0.0,4.3421393531639655e-06,0.0,0.0,4.085368497031076,1.7280377950536418e-06,global_lightgbm_poisson
darts_enc_fc_cyc_week_cos_futcov_lag4,7.282589912414551,0.0,0.0,0.0,0.0,0.0,0.0,1.0990900328056164e-05,0.0,0.0,0.0,0.0,0.0,0.0,1.040369987487793,1.5701286182937377e-06,global_lightgbm_poisson
darts_enc_fc_cyc_month_cos_futcov_lag-1,0.0,0.0,25.60260009765625,0.0,0.0,0.0,0.0,0.0,0.0,8.837567362807164e-06,0.0,0.0,0.0,0.0,3.6575142996651784,1.2625096232581662e-06,global_lightgbm_poisson
darts_enc_fc_cyc_month_cos_futcov_lag4,8.628270149230957,0.0,14.055120468139648,0.0,0.0,0.0,0.0,1.8104455219880577e-06,0.0,4.11757332392515e-06,0.0,0.0,0.0,0.0,3.2404843739100864,8.468598351304582e-07,global_lightgbm_poisson
darts_enc_fc_cyc_week_sin_futcov_lag5,0.0,0.0,0.0,8.065250396728516,0.0,0.0,0.0,0.0,0.0,0.0,1.9333768123130923e-06,0.0,0.0,0.0,1.1521786281040736,2.7619668747329893e-07,global_lightgbm_poisson
darts_enc_fc_cyc_month_cos_futcov_lag5,0.0,9.370479583740234,0.0,0.0,0.0,0.0,0.0,0.0,5.668164139605025e-07,0.0,0.0,0.0,0.0,0.0,1.3386399405343192,8.097377342292893e-08,global_lightgbm_poisson
darts_enc_fc_cyc_dayofweek_sin_futcov_lag6,0.0,0.0,0.0,0.0,0.0,0.0,0.0,0.0,0.0,0.0,0.0,0.0,0.0,0.0,0.0,0.0,global_lightgbm_poisson
darts_enc_fc_cyc_dayofweek_cos_futcov_lag5,0.0,0.0,0.0,0.0,0.0,0.0,0.0,0.0,0.0,0.0,0.0,0.0,0.0,0.0,0.0,0.0,global_lightgbm_poisson
darts_enc_fc_cyc_week_sin_futcov_lag6,0.0,0.0,0.0,0.0,0.0,0.0,0.0,0.0,0.0,0.0,0.0,0.0,0.0,0.0,0.0,0.0,global_lightgbm_poisson
darts_enc_fc_cyc_dayofweek_cos_futcov_lag6,0.0,0.0,0.0,0.0,0.0,0.0,0.0,0.0,0.0,0.0,0.0,0.0,0.0,0.0,0.0,0.0,global_lightgbm_poisson
darts_enc_fc_cyc_dayofweek_cos_futcov_lag4,0.0,0.0,0.0,0.0,0.0,0.0,0.0,0.0,0.0,0.0,0.0,0.0,0.0,0.0,0.0,0.0,global_lightgbm_poisson
darts_enc_fc_cyc_week_sin_futcov_lag4,0.0,0.0,0.0,0.0,0.0,0.0,0.0,0.0,0.0,0.0,0.0,0.0,0.0,0.0,0.0,0.0,global_lightgbm_poisson
ewm_ewma14_act_drone_strike_on_rus_in_rus_nofpv_pastcov_lag-14,480.15862917900085,1017.37287068367,868.1663693189621,1011.8972381353378,276.18912076950073,385.20255982875824,72.70644080638885,0.041269159118221266,0.07611662340945187,0.05371912739040845,0.07953939072601324,0.020999739837250807,0.028469564310021588,0.004354288925441785,587.3847469602313,0.043495413388115564,activity_1_lightgbm_poisson
ewm_ewma14_acled_other_ua_disrupted_weapons_use_pastcov_lag-1,1152.5623534917831,1042.2234609127045,976.4156851172447,350.8550019264221,330.67019560933113,524.9807007312775,607.0540627986193,0.06334891541279866,0.05562734414346297,0.0484320459535718,0.025982974346303055,0.020584804139052927,0.032144566034497314,0.02846722561306956,712.1087800839117,0.03922683937753661,activity_1_lightgbm_poisson
ewm_expdecay7_act_total_damage_events_pastcov_lag-7,405.3160916566849,254.7202109992504,676.8038538098335,782.7472429275513,207.5684996843338,441.0073818564415,463.4573884010315,0.039455240189024465,0.008452618253472433,0.09575592868045157,0.06103770838949747,0.012038114314348026,0.021059053560483786,0.027543678626956725,461.66009561930383,0.03790604885917635,activity_1_lightgbm_poisson
ewm_ewma14_acled_other_ua_disrupted_weapons_use_pastcov_lag-14,374.4176687002182,235.2091776886955,290.88936018943787,442.6007385253906,349.91308429837227,357.8266497850418,402.2577391862869,0.03643106017604305,0.02936657673044536,0.02934476468629228,0.04845731143641292,0.04296696565308378,0.03392495675861833,0.031118186031392447,350.4449169104919,0.03594426021032688,activity_1_lightgbm_poisson
ewm_expdecay7_act_total_daily_strike_events_pastcov_lag-14,286.1617776155472,132.28187984228134,270.91324150562286,906.2089315652847,520.8335360884666,147.639399766922,556.8139401674271,0.022354388846154195,0.009685289965436694,0.03580432749424232,0.10798978450466176,0.01420020193279956,0.008521710316654274,0.04741708966117262,402.97895807879314,0.03513897038873163,activity_1_lightgbm_poisson
ewm_expdecay7_acled_other_ua_disrupted_weapons_use_pastcov_lag-1,227.45842063426971,242.9934087842703,107.25688743591309,467.5022015571594,480.73226618766785,463.1524394750595,821.1576706618071,0.016124487339476336,0.01307513627725021,0.004813486369952935,0.045638591538924425,0.044839955042172266,0.04792665719319291,0.06993796203473783,401.4647563908781,0.034622325113672414,activity_1_lightgbm_poisson
ewm_ewma14_fin_usd_rub_rate_pastcov_lag-1,143.29749035835266,71.28308057785034,137.7734397649765,490.7150173187256,296.0022072196007,294.6668747663498,1723.903570652008,0.006331904768554964,0.0014239166222443256,0.007024603571220478,0.04453784111766661,0.00955807005863325,0.016286364442649658,0.11828671866871661,451.0916686654091,0.02906420274995513,activity_1_lightgbm_poisson
ewm_expdecay7_act_total_daily_strike_events_pastcov_lag-7,681.4826793670654,886.2491163015366,221.08376944065094,196.0221031308174,115.6841710805893,135.7493199110031,400.92450058460236,0.025128316084923406,0.10664254880496118,0.008122003632551,0.012459992211318372,0.00800861406269393,0.012286523015057681,0.027036545372087505,376.7422371166093,0.028526363311941867,activity_1_lightgbm_poisson
ewm_expdecay7_acled_other_ua_disrupted_weapons_use_pastcov_lag-14,113.83782744407654,236.99016988277435,399.55244064331055,385.79215121269226,341.9631331562996,311.7188808917999,450.66773200035095,0.00530437355183695,0.02147978751748909,0.052916138298146544,0.04163591999257057,0.032940173249102964,0.01968633907036226,0.024000079255861295,320.07461931875775,0.028280401562195665,activity_1_lightgbm_poisson
ewm_ewma14_act_total_damage_events_pastcov_lag-1,305.9171597957611,235.7732411623001,397.54548448324203,763.0126376748085,215.624109685421,299.01582396030426,133.53535115718842,0.022149569956544934,0.016904420256118068,0.03665211611808128,0.0657820771279779,0.015532715769071559,0.031037123196388693,0.005220452691708233,335.7748297027179,0.027611210730841523,activity_1_lightgbm_poisson
ewm_expdecay7_com_aid_humanitarian_pastcov_lag-7,505.33980843424797,323.49902215600014,540.1559598743916,439.91239964962006,387.5198403596878,766.7391320466995,311.84023928642273,0.014114714136491523,0.011575345627428702,0.019724618131594852,0.02078680020525192,0.02599051659970828,0.0692323495928383,0.021774042015702787,467.85805740100994,0.026171198044145198,activity_1_lightgbm_poisson
ewm_ewma14_acled_other_rus_shelling_artillery_missile_attack_pastcov_lag-14,635.6831333804876,449.02215051651,515.6463016867638,675.8755440413952,330.9658920764923,145.8834501504898,98.39663970470428,0.03743847546447852,0.03090111976003853,0.03678107366220542,0.049682018150897435,0.01760999897228428,0.0071457772814665695,0.0033002167141844784,407.3533016509776,0.026122668572222174,activity_1_lightgbm_poisson
ewm_expdecay7_act_total_damage_events_pastcov_lag-1,209.87505090236664,807.0732144713402,516.6701858043671,351.4715408086777,376.74083960056305,210.43225002288818,417.7513399720192,0.00915962029766062,0.037151477553597954,0.023013334057920453,0.023583279698436342,0.022922585668126327,0.013298874651124027,0.04713568177820564,412.8592030831746,0.02518069338643877,activity_1_lightgbm_poisson
ewm_expdecay7_com_aid_humanitarian_pastcov_lag-1,434.46119010448456,526.2188295125961,531.4045621156693,120.24050903320312,321.6544791460037,980.739835858345,691.0227598547935,0.018833834912151626,0.023627985222226932,0.04358273215070245,0.0047241210097899835,0.013091633994400853,0.038479457467595644,0.0277072287312341,515.1060236607279,0.024292427641157372,activity_1_lightgbm_poisson
env_weather_pressure_msl_max_futcov_lag6,354.9477489590645,556.8650096654892,272.54715871810913,257.9532047510147,1112.6054109334946,167.9389204978943,117.69269943237305,0.033008732035051544,0.022206724070046025,0.016307761254452213,0.01736979394301057,0.06691889156451791,0.007012321311440206,0.003587067398230914,405.79287899391994,0.023773041653821336,activity_1_lightgbm_poisson
ewm_expdecay7_com_aid_humanitarian_pastcov_lag-14,356.38243824243546,285.9927637781948,474.4720766544342,132.25835698843002,327.9272983074188,521.613379240036,914.2793635874987,0.019122549484282648,0.008026949207571809,0.018968014163874634,0.005365981032496104,0.012303258968022224,0.03514019175032761,0.06075285174223557,430.4179538283497,0.022811399478401516,activity_1_lightgbm_poisson
env_weather_cloud_cover_mean_futcov_lag6,809.8789142370224,254.3606104098726,469.299108505249,257.6884092092514,186.8628956079483,376.7884273529053,279.5776877403259,0.07422900317838814,0.00963797485569078,0.016003630446326668,0.009566455264756168,0.01045060152159365,0.0226422346728014,0.015492907286710267,376.350864723225,0.02257468674660958,activity_1_lightgbm_poisson
env_weather_wind_direction_10m_dominant_futcov_lag3,570.3711172938347,444.97151720523834,182.78887647390366,159.2776402235031,908.1520682573318,382.36886571347713,462.4217920303345,0.032874129353166914,0.02313885442377035,0.01033339890541709,0.010510253825115456,0.03440305757477062,0.019911809568608496,0.02401584910964749,444.3359824568033,0.022169621822928063,activity_1_lightgbm_poisson
env_weather_cloud_cover_mean_futcov_lag-2,703.5192520618439,491.242519069463,238.72130072116852,506.3485262095928,631.971145272255,185.63964119553566,230.54832249879837,0.040280822841915274,0.019793028204555686,0.007944831435116307,0.0217559325182084,0.04087553619197219,0.009814033076042627,0.00938183136075581,426.85581528980816,0.021406573661223758,activity_1_lightgbm_poisson
env_weather_wind_direction_10m_dominant_futcov_lag0,296.12595069408417,643.1541287451982,271.22975981235504,434.3081586956978,533.1385837197304,227.4773806333542,471.5199319720268,0.01749413916792699,0.026652564255425105,0.012703865263166603,0.01696785626704418,0.047338135935535305,0.010909312132592075,0.016412659912568593,410.99341346749236,0.021211218990608408,activity_1_lightgbm_poisson
ewm_expdecay7_act_total_daily_strike_events_pastcov_lag-1,106.61523997783661,200.7763787508011,643.0330100059509,295.00090074539185,621.5993775762618,116.75258028507233,599.4839491844177,0.007769249033690651,0.00915476266374,0.030830344966295952,0.01927619213937719,0.053742706413032956,0.004052028746177383,0.02214133486929144,369.0373480751046,0.020995231261657938,activity_1_lightgbm_poisson
env_weather_cloud_cover_mean_futcov_lag1,345.5522702932358,477.25450080633163,291.98758018016815,635.3736009001732,192.32672107219696,442.74820935726166,502.89602839946747,0.018751035143011175,0.018049066329636054,0.01398269511423178,0.043065730733513476,0.009116457237363563,0.01437342599307867,0.028075621627851155,412.5912730012621,0.020773433168383697,activity_1_lightgbm_poisson
env_weather_cloud_cover_mean_futcov_lag0,301.82192009687424,230.77362179756165,829.0375774800777,240.24826049804688,233.35119706392288,554.1075845956802,472.93158733844757,0.012827467164167694,0.008934604451914718,0.05146977097652339,0.0092123333189148,0.007729249247208791,0.028661803670621412,0.026281671049241794,408.89596412437305,0.020730985696941796,activity_1_lightgbm_poisson
ewm_expdecay7_total_ru_area_km2_pastcov_lag-7,148.45066034793854,89.375048995018,591.5038491487503,452.20414674282074,111.27503037452698,287.97527861595154,219.80303025245667,-0.00010012855747447702,0.005310314806995087,0.03467417405950868,0.036771097719126414,0.006860901596780433,0.05361620917143288,0.004322114575974201,271.51243492535184,0.020207811910334748,activity_1_lightgbm_poisson
ewm_expdecay7_fin_usd_rub_rate_pastcov_lag-1,217.34620988368988,146.24192732572556,493.53547286381945,488.98968148231506,368.23099184036255,297.4574816226959,507.7053596973419,0.02323379094650051,0.006109594070601476,0.02523486275406106,0.020711984412688688,0.011301549937418809,0.01100262188888541,0.042939992921887105,359.9295892451358,0.020076342418863295,activity_1_lightgbm_poisson
env_weather_wind_direction_10m_dominant_futcov_lag2,374.90978664159775,198.03971716295928,187.2771097421646,936.585800409317,370.7046049833298,354.1075560450554,531.6684130430222,0.018105161154134297,0.008409375922007079,0.005852567768160011,0.04785910365841393,0.01136675163378611,0.01796246009689797,0.028277661901193983,421.89899828963513,0.019690440304941912,activity_1_lightgbm_poisson
env_weather_pressure_msl_min_futcov_lag6,175.32280665636063,146.49962571263313,613.1200050413609,229.13995969295502,174.2124553322792,441.3524715900421,232.32112956047058,0.010222219133229248,0.00532806505058323,0.0602574642986111,0.011957045812120004,0.008107177930799004,0.028105255200792923,0.009305201651095451,287.4240647980145,0.019040347011032993,activity_1_lightgbm_poisson
env_weather_pressure_msl_max_futcov_lag5,483.72131026536226,230.2635918855667,399.16056002676487,902.6466709375381,124.72610464692116,56.19188302755356,75.84260046482086,0.02032038676861301,0.011014074104621695,0.026304597712455236,0.06252753337263854,0.007138125524293493,0.0017363529403410904,0.0020066611686945014,324.6503887506468,0.018721104513093934,activity_1_lightgbm_poisson
env_weather_cloud_cover_mean_futcov_lag-1,291.67533028125763,527.1486770510674,416.8521157503128,295.01571786403656,372.4384603500366,589.0212010145187,185.49453997612,0.007352802288121918,0.04263529576330849,0.01720932683880607,0.01048311171205547,0.014647499780806572,0.03010969966843726,0.007822819540243154,382.5208631839071,0.018608650798825562,activity_1_lightgbm_poisson
env_weather_pressure_msl_min_futcov_lag4,970.8321052789688,218.79811551608145,197.27404022216797,195.1098403930664,142.9499887228012,323.4985529780388,98.48085963726044,0.06893445080824452,0.007277307975700453,0.007598967961773307,0.011534744285881393,0.005984004285962752,0.023353274766454435,0.005028820701067804,306.7062146783407,0.01853022439786924,activity_1_lightgbm_poisson
env_weather_wind_direction_10m_dominant_futcov_lag-2,268.28483486175537,384.0839871354401,442.6612723171711,217.74342834949493,232.0540590286255,271.30241972208023,546.097486615181,0.014595839614681073,0.02145301625150171,0.037610725360789264,0.007269168088811973,0.007577177212002373,0.01367468959181346,0.026295999373830158,337.46106971853544,0.018353802213347148,activity_1_lightgbm_poisson
ewm_ewma14_fin_usd_rub_rate_pastcov_lag-7,1022.7982524633408,135.79552006721497,103.68852996826172,160.03508013486862,264.775638371706,84.22193014621735,48.573890209198,0.09062187331716046,0.009888075945006403,0.0028174655283602855,0.00609682258740929,0.012689513209256643,0.003733978618215672,0.0024235116765653373,259.98412019440104,0.01832446298313916,activity_1_lightgbm_poisson
ewm_ewma14_acled_other_rus_shelling_artillery_missile_attack_pastcov_lag-1,377.33412209153175,383.91205286979675,296.4246778488159,231.65708982944489,501.9696683511138,169.55641961097717,244.84676557779312,0.021285959625708718,0.021696079133256285,0.015326846103349268,0.013274825099945264,0.030236023760761222,0.007355575194798547,0.016324606818155552,315.1001137399248,0.01792855939085355,activity_1_lightgbm_poisson
env_weather_cloud_cover_mean_futcov_lag2,267.93140199780464,425.7074365615845,455.4266676902771,364.6462209224701,543.4536252617836,373.22474578022957,139.86564920842648,0.01108504958141605,0.020839139743004508,0.019821076197368705,0.015983496797765118,0.03866377717007034,0.014027083864061596,0.004998706632065919,367.1793924889394,0.017916904283678894,activity_1_lightgbm_poisson
env_weather_wind_direction_10m_dominant_futcov_lag5,312.8687797188759,137.30338221788406,559.9683454036713,271.07197093963623,73.32513976097107,285.3814800977707,693.2088840454817,0.01859665219902229,0.007089077370256991,0.03948465461220692,0.013166113659801425,0.002621864850983302,0.01319302712713959,0.03114738048381256,333.3039974548987,0.017899824329031866,activity_1_lightgbm_poisson
ewm_ewma14_fin_usd_uah_rate_pastcov_lag-1,402.712788939476,476.1454702615738,552.7753002494574,172.1116007566452,209.9929928779602,163.76897966861725,248.71797060966492,0.02594632931087324,0.023912253428971277,0.03329032875550826,0.008731851313718364,0.006090641677902853,0.007275645645225403,0.016844531847862877,318.03215762334213,0.017441654568580326,activity_1_lightgbm_poisson
ewm_expdecay7_total_ru_area_km2_pastcov_lag-1,890.8472264409065,181.0767698287964,153.97854924201965,9.986719012260437,124.00118952989578,116.57641017436981,313.03409028053284,0.08118248113714184,0.005891374474733602,0.011743696607919652,0.0007765055287832556,0.005254194607403129,0.0025098608131445934,0.014202797986952476,255.6429935012545,0.017365844450868365,activity_1_lightgbm_poisson
env_weather_cloud_cover_mean_futcov_lag4,409.3451555073261,193.9915591776371,286.891933709383,234.82492154836655,424.8255521059036,128.52220034599304,500.56789737939835,0.01353588016193683,0.007584200253677564,0.013310704933398499,0.030183573553180243,0.01902811442573702,0.005251389857445376,0.0316269414293225,311.28131711057256,0.017217257802099716,activity_1_lightgbm_poisson
env_weather_wind_speed_10m_max_futcov_lag0,157.7448655962944,244.48161053657532,26.85494488477707,206.36613190174103,606.6102749407291,433.7077654004097,391.47559130191803,0.0060379780253487555,0.012735014919123655,0.0004988394899509086,0.014903566268322987,0.04160481151485429,0.02112898432975472,0.023333439819025203,295.3201692232064,0.017177519195197215,activity_1_lightgbm_poisson
ewm_expdecay7_fin_usd_rub_rate_pastcov_lag-7,513.4775693416595,723.0566897392273,310.8340663127601,201.7123794555664,192.89898085594177,129.61383938789368,53.489529848098755,0.03403467276282712,0.04882473512990597,0.01404373520412885,0.008555164162790096,0.007087754389894218,0.0045131004013507555,0.0010598404303105101,303.5832935630211,0.016874143211601075,activity_1_lightgbm_poisson
env_weather_wind_direction_10m_dominant_futcov_lag4,163.32130339741707,451.15313988924026,338.3163145184517,121.16487181186676,252.18115758895874,697.1984795331955,281.9747321456671,0.008106967356812222,0.025566212303114354,0.015722831798912495,0.006101499361170703,0.013631880012524555,0.0372626253914591,0.011527038522599753,329.3299998406853,0.01684557924951331,activity_1_lightgbm_poisson
env_weather_wind_direction_10m_dominant_futcov_lag-1,461.966593503952,307.12539380788803,299.0625148899853,651.5676196813583,164.06319126486778,337.58915078639984,365.0001598596573,0.022581004714220552,0.013708046136897311,0.01705611043384252,0.031490257002594425,0.005375711706092146,0.013073445000733574,0.013390665179657101,369.4820891134441,0.016667891453433947,activity_1_lightgbm_poisson
env_weather_wind_speed_10m_max_futcov_lag1,220.31146723031998,271.28592638112605,183.74886414408684,197.09509027004242,249.08587980270386,746.2538256645203,296.89850902557373,0.00602018429699851,0.011149096464934338,0.011642950588237944,0.0075132303870053315,0.014752638294000597,0.05028688863551347,0.012519358774545264,309.23993750262474,0.016269192491605067,activity_1_lightgbm_poisson
ewm_expdecay7_dist_to_nearest_contested_km_pastcov_lag-1,62.54480981826782,48.06444185972214,120.84110057353973,191.60626089572906,178.04594829678535,124.20884931087494,128.10872077941895,0.0038953771500515933,0.003128200963800065,0.017998767152878424,0.03736856820088832,0.020439568856485724,0.015760594589814558,0.013584569123526458,121.91716164776257,0.01602509229106359,activity_1_lightgbm_poisson
env_weather_wind_direction_10m_dominant_futcov_lag1,300.0178700685501,183.7887567281723,763.2520436663181,242.29319769144058,239.93229973316193,527.5498714148998,272.4555904865265,0.013247419937270433,0.006958435639236415,0.036212720580370686,0.008815350494115571,0.007507787283672606,0.02833527027861853,0.010285348698954921,361.327089969867,0.01590890470174845,activity_1_lightgbm_poisson
env_weather_cloud_cover_mean_futcov_lag3,282.2246506214142,199.08840018510818,203.20569908618927,290.20790004730225,101.17750430107117,475.7784405350685,333.27420169115067,0.011416366240079735,0.0097968688800814,0.02011750187540069,0.011958410822632137,0.0028192943238128042,0.039674913603901206,0.015424793411183723,269.27954235247205,0.0158868784510131,activity_1_lightgbm_poisson
rolling_rsum7_7_com_diplo_bluesecondary_ua_pastcov_lag-14,184.80747985839844,141.22305989265442,116.01287913322449,311.05742955207825,190.59341949224472,179.28580951690674,485.7080285549164,0.006550698397383181,0.004930945881831761,0.017334236591340212,0.021875356993389383,0.016065301371931497,0.01179377605598333,0.03177073456051545,229.81258657148905,0.01576014997891069,activity_1_lightgbm_poisson
env_weather_wind_gusts_10m_max_futcov_lag1,134.6323161125183,300.2026000022888,523.9149487018585,204.2206311225891,158.00475096702576,549.4448017179966,318.13237023353577,0.003969020667918444,0.010879799717392257,0.026045035346893664,0.009788792866675555,0.009673143830336618,0.03510848144078531,0.014804161050796471,312.6503455511161,0.015752633560114047,activity_1_lightgbm_poisson
env_weather_wind_gusts_10m_max_futcov_lag0,200.26062977313995,376.714239358902,43.7281613945961,133.40103948116302,501.03354746103287,345.91428381204605,213.205700725317,0.0077506593388012805,0.021707225320040723,0.0022916255084969306,0.007195082935159314,0.04182581762062654,0.01930850538488673,0.009583641780335083,259.1796574294567,0.01566607969833523,activity_1_lightgbm_poisson
env_weather_wind_speed_10m_max_futcov_lag-1,309.6475410461426,66.25705921649933,211.80463840067387,487.0802580714226,286.2191109061241,387.29303419589996,100.90708076953888,0.01786303557999791,0.0013142659949554546,0.010322225318939272,0.03175514229339978,0.020899274909148315,0.022328006603373286,0.004830568593413265,264.17267465804304,0.015616074184746753,activity_1_lightgbm_poisson
ewm_ewma14_act_total_daily_strike_events_pastcov_lag-1,133.93157935142517,66.24636995792389,44.29666006565094,400.27091109752655,215.0318419933319,470.6041429042816,57.11245024204254,0.017397726315171225,0.002607783074857628,0.0021924355959531904,0.03284291830216255,0.016401330265463997,0.03574938417571514,0.0011529220649938222,198.2134222303118,0.015477785684902505,activity_1_lightgbm_poisson
env_weather_pressure_msl_min_futcov_lag5,72.08380630612373,578.4082480669022,242.28749725222588,292.307488322258,246.98356260359287,202.62054932117462,156.39980936050415,0.0021624961806896437,0.03675709947868577,0.011932232155707424,0.020857736768808442,0.014363260847582503,0.007692908491281658,0.014109534706291216,255.87013731896877,0.015410752661292378,activity_1_lightgbm_poisson
ewm_ewma14_fin_usd_uah_rate_pastcov_lag-14,66.02289998531342,120.03049642406404,203.18534970283508,653.3741346895695,339.4302419424057,376.56132185459137,114.51869302988052,0.0034089052091567317,0.007322888722780152,0.01242797301736429,0.020423064483955235,0.016680932281935477,0.04208128573751122,0.0029476007830133042,267.5890196612371,0.015041807176530916,activity_1_lightgbm_poisson
ewm_ewma14_act_drone_infra_ua_residential_intent_pastcov_lag-7,56.831709802150726,185.04804414510727,161.14286523498595,145.93821182847023,348.646359205246,451.0150908231735,306.15282821655273,0.0009135377024765967,0.007723036253408311,0.005759853822357508,0.008554513480431214,0.023316904177798015,0.03528651698990535,0.022724975039232386,236.39644417938376,0.014897048209372767,activity_1_lightgbm_poisson
env_weather_wind_speed_10m_max_futcov_lag6,241.02925716340542,563.1148862764239,131.1983299255371,292.8971816897392,388.2871716618538,200.81694972515106,291.26926851272583,0.011287387839113228,0.03583830331460645,0.0082165084124191,0.010824130502867124,0.01666687537529914,0.007804665704056068,0.013021530994391605,301.23043499354804,0.014808486020393242,activity_1_lightgbm_poisson
env_weather_wind_speed_10m_max_futcov_lag2,315.66123962402344,148.95734698697925,243.46083210594952,290.2088377587497,89.01516997814178,178.6557559967041,588.4450625181198,0.013914358391175252,0.004658296598948897,0.011504263932655866,0.015050443473063013,0.0035092708205830326,0.009677133569963737,0.044501893155511764,264.9148921383811,0.014687951420271652,activity_1_lightgbm_poisson
env_weather_wind_speed_10m_max_futcov_lag5,503.9486027061939,99.52621555328369,240.23954927921295,345.54202008247375,278.4221973188687,363.4200600963086,254.78772068023682,0.029598464077766718,0.00483922747850365,0.009521712935511096,0.01783814935943313,0.01689391829097231,0.01300512420374209,0.010706444730284193,297.98376653093976,0.014629005868030454,activity_1_lightgbm_poisson
env_weather_pressure_msl_max_futcov_lag4,265.78822207450867,443.675192296505,720.4238453507423,99.6084988117218,103.1601687669754,140.7668195962906,63.94920074939728,0.014811256976260668,0.02134343296502177,0.05098753306841521,0.004064454100840509,0.003838367646819929,0.004651828541584457,0.0025655709256264814,262.4817068065916,0.014608920603509861,activity_1_lightgbm_poisson
env_weather_wind_gusts_10m_max_futcov_lag2,171.42327159643173,150.30579102039337,104.31004977226257,466.3043275475502,247.38682201504707,103.05332559347153,454.85292625427246,0.004506146936500932,0.005782846367307281,0.005624442543331676,0.03345613961253187,0.010617113740009065,0.003644076171154742,0.03663060036532697,242.51950197134698,0.01432305224802322,activity_1_lightgbm_poisson
env_weather_wind_direction_10m_dominant_futcov_lag6,225.3615003824234,449.95359551906586,166.45496578514576,454.89177936315536,305.8810677975416,176.63663065433502,184.56847044825554,0.0078395859863031,0.027492783215534344,0.007799572663616838,0.029173733510897183,0.013153865903160344,0.006516902655384005,0.007632429842436994,280.5354299928461,0.014229839111047542,activity_1_lightgbm_poisson
ewm_ewma14_acled_other_ua_disrupted_weapons_use_pastcov_lag-7,186.21237722039223,446.51364958286285,63.26116991043091,93.61830019950867,194.51650542020798,217.66782021522522,244.02486860752106,0.006476218823881319,0.031207860929231335,0.0009718544949185226,0.0064116284846194695,0.00974930769793223,0.02196323763084187,0.022448658979865855,206.54495587944984,0.014175538148755799,activity_1_lightgbm_poisson
env_weather_soil_moisture_0_to_100cm_mean_futcov_lag-2,157.51574826054275,176.15742132812738,629.1786386966705,445.9156708717346,245.5278595685959,151.59207957983017,109.73157626390457,0.009740733355528209,0.010638596377505282,0.035176146206647066,0.016228891275554446,0.014621460568827783,0.007472741712716724,0.004755996799611162,273.659856367058,0.01409065232805581,activity_1_lightgbm_poisson
ewm_expdecay7_act_total_damage_events_pastcov_lag-14,94.75143897533417,298.92565780878067,141.47946977615356,242.48668897151947,317.0743705034256,223.06928980350494,485.95916974544525,0.0019701052325384882,0.013833020912136318,0.0034953642715215504,0.016806253424725213,0.022866956885063617,0.008274285171347918,0.030654588629747393,257.6780122263091,0.013985796361011498,activity_1_lightgbm_poisson
rolling_rsum14_14_act_drone_strike_on_rus_in_rus_nofpv_pastcov_lag-7,0.0,3.599839925765991,16.13080209493637,49.901310443878174,702.0709710121155,805.1121089458466,39.78364086151123,0.0,0.0003373231209709227,0.0003672362485936498,0.002058226424401033,0.03944725000602271,0.05288668087928028,0.0025117133517679633,230.94266761200768,0.013944061433005223,activity_1_lightgbm_poisson
ewm_ewma14_fin_usd_uah_rate_pastcov_lag-7,164.64935779571533,161.46975111961365,226.88671934604645,563.0079982876778,202.0381100177765,420.6109812259674,45.00171959400177,0.010816566160505059,0.006056565802377456,0.014718411510739715,0.03357116285419341,0.018550539093717355,0.011709091146759198,0.0015850324599829158,254.80923391239983,0.013858195575467873,activity_1_lightgbm_poisson
env_weather_wind_speed_10m_mean_futcov_lag-2,137.2810800075531,284.23155677318573,116.47325956821442,513.8313410356641,345.45676016807556,218.90093004703522,134.73166966438293,0.004769408609366565,0.009402728577966845,0.003028631955629435,0.03870339854690221,0.015419217573177057,0.01871351367556595,0.006517086167127872,250.129513894873,0.013793426443676563,activity_1_lightgbm_poisson
ewm_ewma14_act_total_damage_events_pastcov_lag-7,158.9140899181366,405.3690068721771,181.7064726650715,29.835309717804193,131.70997244119644,300.25854992866516,83.19525051116943,0.009013589840217074,0.037676903169186995,0.015233067492518227,0.0007816426862441884,0.010034759842343654,0.019702894234474667,0.0030798521184089767,184.42695029346007,0.013646101340484825,activity_1_lightgbm_poisson
env_weather_wind_gusts_10m_mean_futcov_lag5,390.81995874643326,281.0399457216263,291.53047550679184,333.44644021987915,48.11414957046509,267.01084995269775,257.059019446373,0.012737375079795022,0.012986827790104183,0.010637559787483219,0.016357542035973636,0.002172425468604766,0.011671548210002602,0.028626002412858353,267.0029770234666,0.013598468683545969,activity_1_lightgbm_poisson
env_weather_cloud_cover_mean_futcov_lag5,288.54247212409973,221.13198280334473,239.29490971565247,262.2969491481781,216.07831721380353,363.3441799879074,142.7079395055771,0.013927102610328989,0.009051953448315908,0.010160842127375492,0.015546928195488818,0.027116021669732548,0.01487356283927277,0.004302341059610382,247.62810721408044,0.013568393135732132,activity_1_lightgbm_poisson
env_weather_wind_speed_10m_max_futcov_lag-2,87.82677054405212,245.69052809476852,518.1978106498718,281.66158950328827,357.6412284374237,186.6422896385193,143.5209771990776,0.002640282576027153,0.012486096598469821,0.03249255329866472,0.012368423801181283,0.019279073908784895,0.007760710591861142,0.007940054895003401,260.16874200957164,0.013566742238570347,activity_1_lightgbm_poisson
ewm_expdecay7_acled_other_ua_disrupted_weapons_use_pastcov_lag-7,453.6009689569473,400.19956946372986,183.3429173231125,75.38453948497772,149.33296990394592,198.82749432325363,230.0988301038742,0.04842626135075301,0.02404718797239489,0.0068121665149099234,0.0006330431973335493,0.0033513935271805907,0.004923991439657427,0.006387202911819623,241.5410413656916,0.013511606702007002,activity_1_lightgbm_poisson
env_weather_wind_gusts_10m_max_futcov_lag-1,334.80819952487946,55.04768991470337,112.79350697994232,486.5169166326523,314.7675698399544,131.53511023521423,96.97219949960709,0.018869168447496688,0.002069604763636468,0.0037004031830548457,0.04605585601654354,0.015381999313615169,0.006088461023680836,0.002339882319886533,218.920170375279,0.013500767866844869,activity_1_lightgbm_poisson
env_weather_pressure_msl_max_futcov_lag-2,83.91732428222895,175.75113582611084,274.4256773814559,370.23667630553246,228.11026254296303,278.93051224946976,391.89472430571914,0.0036593229883707277,0.009396516900789353,0.013052064721524292,0.02770786938220955,0.010723295324651771,0.011383024516389196,0.017287770710429574,257.6094732704972,0.013315694934909209,activity_1_lightgbm_poisson
env_weather_wind_gusts_10m_mean_futcov_lag-1,319.3930710554123,74.57813113927841,149.3656105697155,219.12284046411514,395.99196922779083,152.908101439476,252.62106555700302,0.019770844740157535,0.0021626025999546884,0.005448299572951942,0.00670167994714681,0.03993549919118951,0.0059595530811676015,0.012461796837652295,223.42582706468446,0.013205753710031482,activity_1_lightgbm_poisson
env_weather_wind_gusts_10m_max_futcov_lag5,75.55793035030365,354.4490295648575,150.90006014704704,283.6845006942749,117.2025271654129,166.76329934597015,435.6757990717888,0.002901340934089336,0.030927198873305285,0.006308604082583868,0.013805576138055798,0.004913676557966462,0.008283458436751445,0.024611890769304347,226.31902090566498,0.013107392256008075,activity_1_lightgbm_poisson
ewm_ewma14_acled_other_rus_shelling_artillery_missile_attack_pastcov_lag-7,145.63601106405258,221.05491398088634,234.95149981975555,107.56577563285828,111.19130438566208,364.65433955192566,576.3278697133064,0.005219679971166413,0.009582307497515851,0.010435289054058461,0.00439097298015938,0.0057917637277986826,0.02248031131376438,0.03374545631738328,251.62595916406386,0.013092254408835208,activity_1_lightgbm_poisson
rolling_rsum7_7_com_diplo_bluesecondary_ua_pastcov_lag-7,381.76903945207596,355.96329939365387,357.2175317108631,269.2075592279434,77.0306601524353,209.77721071243286,190.53345131874084,0.021931015172790724,0.018276243258714353,0.023319813715140313,0.011770561272671887,0.0023826439644869303,0.006758910415041108,0.00716042053316186,263.0712502811636,0.013085658333143882,activity_1_lightgbm_poisson
env_weather_wind_speed_10m_mean_futcov_lag5,82.90987846255302,547.7298237979412,418.3294893503189,291.8124085664749,142.13758075237274,111.42901957035065,306.1924097388983,0.0038361059977850553,0.019880021012653182,0.022867153076854097,0.01552866229969796,0.005235058397421666,0.006008091695212925,0.01801472385428058,271.5058014627014,0.013052830904843635,activity_1_lightgbm_poisson
env_weather_wind_speed_10m_mean_futcov_lag1,56.22140669822693,284.45469848811626,110.81462156772614,162.99446082115173,260.3696601986885,145.5292991399765,658.3363754153252,0.002388444832188208,0.017049591964300625,0.0061679336706840894,0.006293780437505591,0.013238263591246024,0.007018077954737234,0.03752068256366485,239.8172174756016,0.012810967859189516,activity_1_lightgbm_poisson
env_weather_wind_gusts_10m_mean_futcov_lag0,201.8397580385208,172.91558676958084,167.7412989139557,142.2237102985382,266.68811959028244,496.0776388645172,158.0123312473297,0.007585639201002592,0.007498317194625459,0.004854832467011416,0.00587362645816496,0.015937852349316974,0.04216193829265489,0.005703021558933141,229.35692053181785,0.012802175360244205,activity_1_lightgbm_poisson
env_weather_wind_speed_10m_mean_futcov_lag-1,174.23815339803696,58.27609783411026,294.4565405845642,92.98664531111717,468.3871961236,249.43200039863586,312.8291300535202,0.0069317505417138435,0.001276797473991853,0.014959132275073728,0.003718476469629439,0.03239432500430448,0.009941973378591974,0.019944278877135745,235.80082338622637,0.012738104860063009,activity_1_lightgbm_poisson
env_weather_pressure_msl_max_futcov_lag3,334.7041999101639,683.8301014825702,81.01368397474289,52.700756669044495,107.2579859495163,80.51759076118469,130.09651958942413,0.019620418612630596,0.04745647645911304,0.0035813251639808417,0.0015866629164529521,0.003865733039875119,0.0033599934595236027,0.009167011268390746,210.01726261952095,0.012662517274280985,activity_1_lightgbm_poisson
env_weather_wind_speed_10m_mean_futcov_lag0,195.65832608938217,118.50373438512906,61.071885749697685,306.85941284894943,197.11248555779457,446.503675699234,272.563529253006,0.007792386185773803,0.004165046264494365,0.00245835550260074,0.012450795138943671,0.005505466095732081,0.04181650907960519,0.013902759103839535,228.32472136902757,0.01258447391014134,activity_1_lightgbm_poisson
ewm_ewma14_com_diplo_bluesecondary_ua_pastcov_lag-7,222.2499439716339,318.93468445539474,489.84434947371483,322.6285297870636,248.1722321510315,225.2332585453987,427.1965530514717,0.007751322259456806,0.020529157132876487,0.01792975015875118,0.013591751159992959,0.008715544220502025,0.008229328125990443,0.010992395106075904,322.0370787765299,0.012534178309092259,activity_1_lightgbm_poisson
env_weather_wind_gusts_10m_max_futcov_lag4,192.02660834789276,172.22990962862968,350.55880430340767,163.19611084461212,75.08362054824829,463.6908210515976,103.61345982551575,0.01161906674970925,0.010265279098671254,0.013281258851300094,0.005680435228450987,0.0027349783751034807,0.03815486640381342,0.0035294597868813283,217.19990493570054,0.01218076349913283,activity_1_lightgbm_poisson
env_weather_wind_gusts_10m_mean_futcov_lag-2,115.42829990386963,123.4348336160183,191.04591858386993,323.3029318153858,209.27561309933662,194.19151705503464,143.42290008068085,0.0041383933002125724,0.005312586379947248,0.005562603691043488,0.03864495684447304,0.010058254100442277,0.009270808502654404,0.009660996345511697,185.7288591648851,0.01180694273775496,activity_1_lightgbm_poisson
env_weather_soil_moisture_0_to_100cm_mean_futcov_lag6,658.1581169962883,339.61297262180597,52.969289898872375,57.63407123088837,219.12467896938324,163.42651116847992,165.8752303123474,0.03488695244316296,0.014719395337987207,0.0032821206026037554,0.003165351441538111,0.011334489038484196,0.007790704236646584,0.006814154488834001,236.68583874258078,0.011713309655608116,activity_1_lightgbm_poisson
env_weather_wind_gusts_10m_mean_futcov_lag6,249.6373999118805,312.40051916241646,328.41029185056686,274.7906002998352,232.48009876627475,138.41436004638672,235.63947068154812,0.015324866717874409,0.012046767198284347,0.01621177324023939,0.011064195403083298,0.011320735319485986,0.0047888145417719795,0.010640629723844986,253.11039153127265,0.011628254592083486,activity_1_lightgbm_poisson
env_weather_soil_moisture_0_to_100cm_mean_futcov_lag0,133.7754808664322,63.53043693583459,41.41786980628967,67.38607037067413,625.0754002332687,316.7991108894348,76.58548986911774,0.008082453326988825,0.004119669401369852,0.0011621125574301726,0.00490699933004044,0.04501865837880763,0.011788288686397076,0.005345600550069718,189.22426556729312,0.011489111747300529,activity_1_lightgbm_poisson
env_weather_wind_gusts_10m_max_futcov_lag6,307.5362252444029,165.29112899303436,412.61130130290985,317.4134393930435,150.03839015960693,111.07100233435631,137.32523000240326,0.015318554923454885,0.007524722437636466,0.021837980419129144,0.01760342530359198,0.0048316451272298,0.006355221072581641,0.006498531453754031,228.75524534710817,0.011424297248196852,activity_1_lightgbm_poisson
ewm_expdecay7_fin_usd_rub_rate_pastcov_lag-14,55.94325113296509,328.544717669487,204.2343899011612,393.72963976860046,58.933210492134094,141.72926092147827,166.707639336586,0.002941864696616925,0.01763907578434274,0.019837846799865378,0.022030471312590595,0.003694520777544663,0.005176045956524611,0.007180361407457703,192.83172988891602,0.011214312390706088,activity_1_lightgbm_poisson
env_weather_pressure_msl_max_futcov_lag-1,134.56311666965485,93.42561984062195,124.90158957242966,265.030011177063,387.70607259869576,207.4449212551117,219.57305845618248,0.007045860915347113,0.003216813265526497,0.005770678437634435,0.016085032135977916,0.03084259559853959,0.006743221179696257,0.007723272486117127,204.66348422425133,0.011061067716976989,activity_1_lightgbm_poisson
env_weather_wind_gusts_10m_mean_futcov_lag1,172.918030500412,134.93359184265137,166.41579519212246,141.73269194364548,115.36323133111,230.569805175066,403.3212101832032,0.006555341062676567,0.007941012852756103,0.015306605712594457,0.005847519298955684,0.004600497324551455,0.008048980756312862,0.028347544475203223,195.03633659545864,0.010949643069007194,activity_1_lightgbm_poisson
env_weather_soil_moisture_0_to_100cm_mean_futcov_lag1,83.59682035446167,245.5085997581482,21.43198037147522,94.17124009132385,73.86229920387268,488.6291997432709,174.21062314510345,0.003389024926467865,0.009060541988661287,0.0003057704908083547,0.0025190374948632632,0.006278087241429642,0.0492166654386829,0.005742993611895586,168.77296609537942,0.010930303027544127,activity_1_lightgbm_poisson
env_weather_wind_speed_10m_mean_futcov_lag6,181.36082017421722,126.19968286156654,477.4792425632477,280.43096140027046,319.55438877642155,88.58976018428802,80.83118396997452,0.01450092380819772,0.0030956410183919257,0.02089449574121316,0.014346877268022218,0.016254536349003933,0.0027068848317131967,0.0035144317974779905,222.063719989998,0.010759112973431448,activity_1_lightgbm_poisson
env_weather_wind_gusts_10m_mean_futcov_lag4,355.0109882950783,158.22506080567837,183.99538785219193,75.94672220945358,237.28956818580627,159.27593052387238,264.07949125766754,0.019216891980590112,0.010324102864025275,0.006242774380638738,0.0032997900404316606,0.013819261903117774,0.008920936536237312,0.012038412962695633,204.8318784471069,0.010551738666819499,activity_1_lightgbm_poisson
env_weather_pressure_msl_max_futcov_lag1,96.43984949588776,62.26738953590393,85.31532543897629,113.0926308631897,239.35953330993652,334.80320578813553,279.23950004577637,0.002732239702929995,0.0015000923914569198,0.001840933094338526,0.0032142533433232147,0.018141732708202407,0.01750588459829221,0.02715939693246656,172.931062068258,0.01029921896728712,activity_1_lightgbm_poisson
rolling_rsum14_14_dist_to_nearest_ru_km_pastcov_lag-1,9.05780029296875,25.490779876708984,7.147579908370972,189.29022735357285,93.90613639354706,142.44756054878235,114.25803136825562,0.0002416593874317474,0.0013046270546640982,0.00036868626674753103,0.02400173996426145,0.015102220423282664,0.015046149972884426,0.01592631299358538,83.08544510602951,0.010284485151836756,activity_1_lightgbm_poisson
ewm_expdecay7_acled_other_rus_shelling_artillery_missile_attack_pastcov_lag-14,144.39271041750908,379.1425990462303,164.75207269191742,272.5994999408722,171.56157207489014,74.91796423494816,70.69715964794159,0.005979249149549015,0.015338632840926203,0.012799846647264102,0.0171360826314525,0.011566577098004549,0.00549036451585645,0.0020043526219048146,182.58051115061556,0.010045015072136804,activity_1_lightgbm_poisson
ewm_ewma14_dist_to_nearest_ru_km_pastcov_lag-1,123.98738998174667,215.84835970401764,263.78688168525696,232.90668952465057,99.53874981403351,134.31600093841553,76.62295883893967,0.006065420037258651,0.012320875403623654,0.01405322741501247,0.014660325654413553,0.00764394382135869,0.009032889533960064,0.006068793163711695,163.85814721243722,0.009977925004191255,activity_1_lightgbm_poisson
env_weather_pressure_msl_max_futcov_lag2,678.257282037288,38.487250328063965,64.96277638524771,42.0831800699234,85.6430734237656,273.4938395023346,250.53906095027924,0.03409090109588473,0.0008983834194561169,0.002188301914959312,0.0011239331947995534,0.004828218416416408,0.013569110090155868,0.012644368685561801,204.78092324241464,0.009906173831033399,activity_1_lightgbm_poisson
env_weather_pressure_msl_max_futcov_lag0,105.61989068984985,25.52108970284462,142.48458974063396,232.67552775144577,307.6769767701626,385.50834304094315,159.86612647771835,0.0029814272407723275,0.0005101472339101631,0.006094498885175259,0.00912612857037758,0.01518564917297418,0.02752945118515735,0.007809363866580221,194.19322059622831,0.009890952307849584,activity_1_lightgbm_poisson
env_weather_wind_speed_10m_mean_futcov_lag3,341.25435984134674,304.20975053310394,177.20318067073822,229.49595141410828,188.10801005363464,43.427640318870544,239.03363233804703,0.01457576463233865,0.01188276774782413,0.005992820808159794,0.012851280219878202,0.008729820071139094,0.001558545967452285,0.012081090226864943,217.53321788140707,0.009667441381951013,activity_1_lightgbm_poisson
env_weather_wind_speed_10m_mean_futcov_lag4,403.309657394886,351.0306897163391,361.0485991239548,115.3432594537735,113.44137048721313,115.31962096691132,97.97404474765062,0.018159828490916928,0.01652264298702153,0.01508534179057459,0.003981507710012777,0.005793453725205411,0.005388408021388935,0.0026892340542703065,222.49532027010406,0.009660059539912927,activity_1_lightgbm_poisson
env_weather_wind_gusts_10m_max_futcov_lag-2,134.38037991523743,107.29354172945023,421.74559473991394,284.02250131964684,133.83539080619812,211.24628067016602,148.86870670318604,0.004457357384801619,0.005793395730656248,0.027439235544984265,0.012346967458722102,0.0042529846481596635,0.006569506797378799,0.00619582560972749,205.91319941197122,0.009579324739204313,activity_1_lightgbm_poisson
env_weather_pressure_msl_min_futcov_lag-2,289.36400896310806,113.59680080413818,169.6645246744156,226.6006646603346,334.1040709018707,288.18001025915146,109.94196498394012,0.0127321677504461,0.0046719307643837025,0.003472905025115547,0.011136355360885752,0.018125101381613183,0.011478105216319135,0.004952607787903962,218.7788636067084,0.00950988189809534,activity_1_lightgbm_poisson
env_weather_pressure_msl_min_futcov_lag3,248.56172943115234,229.77362932637334,355.15959100425243,258.1818391084671,154.09365318715572,198.03736670315266,119.45641088485718,0.011031460250239555,0.0074499748247752965,0.015129120795912155,0.008005609307859717,0.0074433156925512115,0.013940488806620887,0.002916758351936122,223.3234599493444,0.009416675432842136,activity_1_lightgbm_poisson
env_weather_wind_speed_10m_max_futcov_lag3,141.1664119362831,365.2766887298785,173.1889601945877,208.41093865036964,206.87954986095428,139.97607004642487,213.74428769946098,0.0034355430997835114,0.012217522516451118,0.0054161916906507734,0.010707085764431823,0.013875416250673612,0.005302937496096361,0.011706810687488356,206.948986731137,0.008951643929367937,activity_1_lightgbm_poisson
rolling_rmean28_28_total_ru_area_km2_pastcov_lag-14,72.70248055458069,234.17447984218597,28.352280139923096,123.90589416027069,100.55822038650513,216.3102993965149,131.99107027053833,0.003168046161631932,0.01529092560199019,0.0007745026677035138,0.007823135830356676,0.007628480499279599,0.01577774365062621,0.011872778939762773,129.71353210721696,0.008905087621621555,activity_1_lightgbm_poisson
env_weather_wind_gusts_10m_max_futcov_lag3,87.07425251603127,135.75412559509277,198.09683740139008,82.19817996025085,369.3599399328232,168.576469540596,97.29066097736359,0.004570771673852803,0.0032845903417451083,0.009591986892515192,0.004886433087464148,0.02849796241616438,0.007193075259298265,0.004223857194722047,162.6214951319354,0.008892668123680277,activity_1_lightgbm_poisson
env_weather_pressure_msl_min_futcov_lag0,304.1301282942295,192.61075460910797,174.9014996290207,149.89737939834595,385.4477171897888,183.39822900295258,276.37231040000916,0.014627789208417386,0.007395768516633994,0.005940583907537422,0.005969305137451442,0.006254583241994594,0.008287919495861672,0.012659480216466434,238.10828836049353,0.008733632817766134,activity_1_lightgbm_poisson
env_weather_wind_speed_10m_max_futcov_lag4,82.44360041618347,92.73833552002907,122.6994401216507,249.40294992923737,322.6800405457616,234.71048766374588,150.07418990135193,0.003922695054843395,0.00362149486836334,0.0039878928909781175,0.016433436347920338,0.01383028249961582,0.012593603480365822,0.005338678001805541,179.24986344256573,0.008532583306270339,activity_1_lightgbm_poisson
ewm_ewma14_act_drone_infra_ua_residential_intent_pastcov_lag-14,208.737703952007,334.26270681619644,120.21338933706284,105.58152413368225,82.20448952913284,238.17634943127632,108.85437542200089,0.014007114247682218,0.017575167998117314,0.009209366949023568,0.003903737494995574,0.0030461516269718603,0.007868053875460057,0.003959732918477665,171.14721980305123,0.008509903587246894,activity_1_lightgbm_poisson
env_weather_pressure_msl_min_futcov_lag-1,132.13969004154205,240.6824095249176,92.68792009353638,266.72512076050043,261.3353448808193,237.2243832051754,112.65482884645462,0.005831645271189667,0.01392875570313894,0.003072219549409083,0.007567318599536211,0.010583642037848718,0.013218299445989868,0.004174448347472093,191.9213853361351,0.008339475564940654,activity_1_lightgbm_poisson
ewm_ewma14_act_drone_infra_ua_health_intent_pastcov_lag-14,119.29757964611053,57.69297015666962,182.91253799200058,194.12898629903793,180.33167004585266,240.35775876045227,175.35082936286926,0.006174387380882385,0.0032802042944913177,0.007299690627236166,0.013161412541679596,0.009866670836304835,0.010345545069805406,0.007990010981905637,164.29604746614183,0.008302560247472193,activity_1_lightgbm_poisson
env_weather_soil_moisture_0_to_100cm_mean_futcov_lag2,96.53298503160477,96.08407998085022,183.31895089149475,35.00841099023819,26.824397921562195,37.84096920769662,482.0806791782379,0.005873649352414701,0.002980500965801136,0.008212764987079523,0.0010291794028130408,0.0006617928506134519,0.0009382308452415611,0.03557913298750566,136.8129247430978,0.007896464484495583,activity_1_lightgbm_poisson
env_weather_pressure_msl_min_futcov_lag2,234.89196968078613,202.6214381456375,111.79952220874839,209.55136755108833,197.0747503042221,225.28978049755096,165.83367055654526,0.011192730019923491,0.008830683356113788,0.0031003971551162523,0.008070287837770506,0.013322547075241609,0.0066516763962483514,0.0039566796460723365,192.43749984922553,0.00787500021235519,activity_1_lightgbm_poisson
rolling_rsum14_14_act_drone_strike_on_rus_in_rus_nofpv_pastcov_lag-14,58.5405797958374,121.67756998538971,114.1765398979187,49.19779992103577,48.62695026397705,132.1012948155403,11.08467984199524,0.007233920851697851,0.019400092989596884,0.0077667625961395535,0.00806664763512972,0.0021992109423807802,0.009657622990277148,0.0003937613538533391,76.48648778881345,0.007816859908439324,activity_1_lightgbm_poisson
darts_enc_fc_cyc_day_sin_futcov_lag5,10.773709774017334,62.336509704589844,24.40967059135437,121.60209906101227,261.7107101678848,325.75247716903687,288.58689761161804,0.0005507690900871997,0.002736435216552002,0.0011021094307126055,0.005203294556897964,0.01675226558174585,0.010455890178344519,0.01770799480150309,156.4531534399305,0.0077869655508347475,activity_1_lightgbm_poisson
ewm_ewma14_com_diplo_bluesecondary_ua_pastcov_lag-14,184.8470156788826,187.0428203344345,78.53368937969208,169.66474094986916,178.19862937927246,170.72874748706818,161.63836082816124,0.00800135370675823,0.0071696979447581025,0.003622815813991842,0.006956811987887756,0.0072891529472095765,0.008826422401880607,0.011607745822793137,161.5220005767686,0.007639142946468463,activity_1_lightgbm_poisson
env_weather_soil_moisture_0_to_100cm_mean_futcov_lag-1,58.77821194007993,41.43940147163812,57.44484141469002,504.5596606731415,309.5469801425934,108.24938035011292,68.29871988296509,0.0018311169771678903,4.9975776720168064e-05,0.002040349914130002,0.03254114464573268,0.00963780724893606,0.0037130686247887957,0.003235107959671435,164.04531369646014,0.00757836730673529,activity_1_lightgbm_poisson
ewm_expdecay7_total_ru_area_km2_pastcov_lag-14,150.462660074234,93.87037146091461,89.18902003765106,57.64243006706238,74.46760243177414,77.59063029289246,186.40653955936432,0.016851761132517205,0.004894030012222594,0.0021376503265637227,0.0014903898956135642,0.003181058616990451,0.005298644353688875,0.017307769964464037,104.23275056055614,0.0073087577574372075,activity_1_lightgbm_poisson
env_weather_pressure_msl_min_futcov_lag1,291.6710215806961,110.09410801529884,115.1501151919365,122.09151154756546,150.4027421809733,217.91218888759613,269.3997892141342,0.015040425537010993,0.0030683587864378304,0.004642491269092486,0.005986308329715273,0.004703868340946138,0.003062361811668901,0.010540351849975638,182.38878237402864,0.0067205951321210365,activity_1_lightgbm_poisson
env_weather_wind_gusts_10m_mean_futcov_lag2,255.38536989688873,105.59180998802185,73.06550705432892,133.60772013664246,151.92968240380287,213.65389955043793,195.3795803785324,0.007242678287685389,0.0030743602164433836,0.005487449787439669,0.009548122016853955,0.006150068473889725,0.008332414739976101,0.007091791448353368,161.23050991552216,0.0067038407100916565,activity_1_lightgbm_poisson
env_weather_wind_speed_10m_mean_futcov_lag2,151.51791048049927,115.03636008501053,113.05951630324125,75.17441740632057,136.87217962741852,216.79371708631516,118.51649963855743,0.007530704692167878,0.006834829139963849,0.007228718045485594,0.004852016862622666,0.005290282653609269,0.007726720207971138,0.0053248958781487495,132.42437151819468,0.006398309639995592,activity_1_lightgbm_poisson
rolling_rsum7_7_act_total_daily_strike_events_pastcov_lag-7,31.810450553894043,3.9766600131988525,44.99412441253662,74.69505047798157,223.34580194950104,82.60698056221008,70.38363003730774,0.001474867411557712,0.00014182714843231637,0.0043480690969608824,0.008703474569693493,0.024445972925668434,0.0019667265968047686,0.003241533091623361,75.97324257237571,0.0063317815486772806,activity_1_lightgbm_poisson
ewm_ewma14_act_drone_infra_ua_residential_intent_pastcov_lag-1,354.35722437128425,134.93350100517273,273.76833963394165,126.83247113227844,137.2541699409485,110.68805027008057,28.615829467773438,0.015966295746157398,0.0032698725859376275,0.009917329531203101,0.0038270772715775837,0.004405583019727333,0.004228525093610158,0.0016878338768464562,166.63565511735422,0.006186073875008523,activity_1_lightgbm_poisson
darts_enc_fc_cyc_day_sin_futcov_lag4,114.8896894454956,37.84593987464905,144.42473077774048,129.1108467578888,98.28804993629456,76.80818939208984,325.05360090732574,0.005160148197589143,0.0005819061490937693,0.006382301567811233,0.006443178639386882,0.004223617633651489,0.004477277724134509,0.01595327764084875,132.345863870212,0.006174529650359396,activity_1_lightgbm_poisson
darts_enc_fc_cyc_day_sin_futcov_lag2,240.73549395799637,171.00482046604156,47.62841013073921,104.43321073055267,40.89582288265228,181.48158955574036,12.055180072784424,0.006881541425295112,0.010517592322853542,0.004376106813208524,0.011706648961484479,0.001536750015487498,0.006546953731335336,0.000378757512855743,114.03350397092956,0.005992050111788605,activity_1_lightgbm_poisson
ewm_ewma14_fin_usd_rub_rate_pastcov_lag-14,137.52990785241127,191.26021027565002,85.17672610282898,171.49956941604614,269.06283193826675,152.9612182378769,108.94062006473541,0.008136489241871336,0.008891161145379778,0.0035120038189304205,0.0026298082555633595,0.008742002391656544,0.004278066598637031,0.0048049178225174185,159.4901548411165,0.0058563498963651265,activity_1_lightgbm_poisson
rolling_rsum7_7_com_diplo_bluesecondary_ua_pastcov_lag-1,68.06448006629944,143.24280953407288,94.8459044098854,124.85297012329102,113.42016458511353,132.46630120277405,302.524317920208,0.0025842363479477103,0.006083669455008556,0.007252853711444174,0.005347849618087386,0.003743421719321627,0.005002918554854419,0.010724256809265809,139.91670683452062,0.005819886602275668,activity_1_lightgbm_poisson
ewm_ewma14_dist_to_nearest_contested_km_pastcov_lag-1,77.42165511846542,82.77611011266708,34.0869003534317,77.13899475336075,78.29064011573792,44.89543008804321,138.34503960609436,0.010862045702469115,0.007190844842607347,0.0008264778806444717,0.006225510771711673,0.003786351903914542,0.0029300714382451743,0.0082598143709522,76.13639573540006,0.005725873844363504,activity_1_lightgbm_poisson
darts_enc_fc_cyc_day_sin_futcov_lag3,32.786760091781616,123.21389102935791,151.75307941436768,132.48908883333206,159.22971165180206,137.25785112380981,86.0092796087265,0.0010558960470200772,0.005705180714126179,0.010355632091482292,0.004870433359233472,0.006844249409740289,0.007207399020437632,0.003974261760003306,117.53423739331109,0.005716150343149035,activity_1_lightgbm_poisson
env_weather_soil_moisture_0_to_100cm_mean_futcov_lag5,97.07425963878632,61.0447199344635,117.52505314350128,186.635409116745,112.40863990783691,106.9218590259552,44.123629093170166,0.006670547448901054,0.004442824693048531,0.006036489386937261,0.011056522602257512,0.005404908249717555,0.004115248894952917,0.0017776617525338656,103.67622426577977,0.005643457575478386,activity_1_lightgbm_poisson
env_weather_wind_gusts_10m_mean_futcov_lag3,266.06093966960907,105.1809428781271,95.3526661992073,193.09885013103485,139.28918367624283,48.872939348220825,116.22634994983673,0.012656168503172482,0.002133350931802136,0.0027139524328287923,0.0067172756565385015,0.008394704458341251,0.002176392456653553,0.004590124241723848,137.72598169318266,0.005625995525865796,activity_1_lightgbm_poisson
darts_enc_fc_cyc_day_sin_futcov_lag0,142.84308198094368,50.466700315475464,84.44672012329102,141.0453506708145,192.46609431505203,82.04849982261658,43.05261127650738,0.004515482922245862,0.002747542336076214,0.0024148889904961777,0.005718828936728348,0.008512999290895707,0.013628119661055548,0.0014293262251297457,105.1955797863858,0.005566741194661085,activity_1_lightgbm_poisson
darts_enc_fc_cyc_day_sin_futcov_lag1,79.28264021873474,31.630370259284973,117.39499950408936,136.5431901216507,224.97636795043945,76.31318998336792,69.98443372547626,0.0031334642336364516,0.0008494932262741228,0.013805915989591511,0.006294815671012821,0.0088239620419861,0.0033272166393876644,0.0026426353796385805,105.16074168043477,0.0055539290259324645,activity_1_lightgbm_poisson
ewm_ewma14_act_total_damage_events_pastcov_lag-14,45.1458899974823,53.01714015007019,78.09862017631531,31.87273520231247,121.34702980518341,193.00329953432083,155.87713074684143,0.001520287477789295,0.002066418659908309,0.004305872871187999,0.0019337831913502246,0.004971516432461654,0.014962165214903478,0.005168046577311358,96.9088350875037,0.0049897272035589035,activity_1_lightgbm_poisson
darts_enc_fc_cyc_day_cos_futcov_lag-1,14.212290406227112,58.068289160728455,23.23973035812378,117.15717077255249,85.94032037258148,208.14338159561157,149.28036046028137,0.0006530661696053208,0.001534298156360059,0.0007353032979927843,0.005239161895750711,0.0033516850210776996,0.014276653641767001,0.008074368029222612,93.72022044658661,0.004837790887396598,activity_1_lightgbm_poisson
ewm_ewma14_com_diplo_bluesecondary_ua_pastcov_lag-1,84.80311024188995,50.77725970745087,127.93255662918091,75.39979982376099,165.49110811948776,144.49643003940582,166.9574516415596,0.0023067527836021728,0.0012235930264461014,0.0061128589155660775,0.0022136442175235914,0.005463430866030206,0.007361919444666754,0.009151849287976988,116.55110231467656,0.004833435505973128,activity_1_lightgbm_poisson
ewm_expdecay7_acled_other_rus_shelling_artillery_missile_attack_pastcov_lag-7,2.166222006082535,64.04557386040688,104.19587934017181,51.74246001243591,150.6579591035843,103.0193301141262,126.01183253526688,0.00011474838150109523,0.0023912505506879624,0.007364564077074043,0.0020861492851431906,0.009893784595464038,0.005572903850814437,0.006110060370115055,85.97703671029636,0.0047904944443999745,activity_1_lightgbm_poisson
rolling_rsum14_14_dist_to_nearest_ru_km_pastcov_lag-14,126.48040866851807,60.038779735565186,50.86758065223694,59.25431048870087,51.195029973983765,41.632400155067444,58.02960991859436,0.010128805645226956,0.0020987687976676606,0.0028920087296196106,0.0033905441599049848,0.0030176515466235456,0.00264145405052294,0.009122828298664554,63.92830279895237,0.004756008746890036,activity_1_lightgbm_poisson
ewm_ewma14_dist_to_nearest_ru_km_pastcov_lag-14,125.4285706281662,124.74395084381104,191.15183985233307,82.76646900177002,59.11691987514496,37.19513988494873,43.8742995262146,0.005129924458521317,0.0042150114158372,0.008981568966830689,0.0037137395998640744,0.003720791512821697,0.005679046390343334,0.001238510835724216,94.89674137319837,0.004668370454277504,activity_1_lightgbm_poisson
ewm_ewma14_dist_to_nearest_contested_km_pastcov_lag-14,135.5225806236267,154.8270788192749,135.39254558086395,30.612079739570618,89.37169003486633,44.775630235672,27.659769892692566,0.005892968455317549,0.006964588843368302,0.006647585364605124,0.0011912986154448246,0.004011808364133662,0.004515306529200425,0.0020000982850670646,88.30876784665244,0.004460522065305278,activity_1_lightgbm_poisson
env_weather_soil_moisture_0_to_100cm_mean_futcov_lag3,40.13213014602661,121.44160768762231,72.44749009609222,108.00517094135284,38.80900001525879,119.94389855861664,191.9782588481903,0.0009118890646912847,0.004006644287178429,0.0008223471108123493,0.006512822928574491,0.0012742380363837125,0.003378540805861463,0.012671105399976202,98.96536518473711,0.004225369661925419,activity_1_lightgbm_poisson
darts_enc_fc_cyc_day_cos_futcov_lag0,35.60846996307373,54.72084975242615,100.17550110816956,45.5824933052063,168.21187961101532,71.64889061450958,210.1832983493805,0.0008183114859278362,0.001021111732481872,0.004965730361091469,0.0016908584653345438,0.006230476454970546,0.0025999316842984176,0.011286207378222012,98.01876895768302,0.0040875182231895285,activity_1_lightgbm_poisson
darts_enc_fc_cyc_day_sin_futcov_lag-1,68.12162029743195,217.16990983486176,121.66725039482117,93.08700424432755,95.97453880310059,68.17860054969788,60.172770261764526,0.0025410318045280935,0.006693632562103957,0.006117769213389956,0.003592432300203807,0.005220022326515772,0.0018902489712512294,0.002433893744076987,103.4816706265722,0.004069861560295686,activity_1_lightgbm_poisson
ewm_ewma14_dist_to_nearest_ru_km_pastcov_lag-7,55.79094076156616,92.23865985870361,59.39430069923401,39.59355962276459,56.9995197057724,25.138949632644653,110.89119935035706,0.0036028690389696026,0.006144387266768492,0.002784188692581524,0.001971012645527237,0.0035743438720923894,0.0024469187873197517,0.0067402166859644504,62.863875661577495,0.0038948481413176345,activity_1_lightgbm_poisson
darts_enc_fc_cyc_day_cos_futcov_lag-2,15.300300121307373,4.522819995880127,92.75746035575867,122.67617219686508,82.88612961769104,146.89403176307678,66.46191024780273,0.00057293585202145,0.0003015979470290642,0.004454832920086127,0.0075763858750401035,0.0034031503355252514,0.005850081954305919,0.003910107629382531,75.9284034711974,0.0037241560733414923,activity_1_lightgbm_poisson
rolling_rsum7_7_act_total_daily_strike_events_pastcov_lag-1,112.08648002147675,53.44789046049118,95.82161432504654,13.120483934879303,38.73810315132141,146.68276941776276,85.23596906661987,0.005311070251915439,0.003961350365233152,0.005169113890658305,0.0008660057822731382,0.004780146569943633,0.0046724590570793815,0.0012253686300249145,77.87618719679969,0.0037122163638754237,activity_1_lightgbm_poisson
env_weather_soil_moisture_0_to_100cm_mean_futcov_lag4,90.48309004306793,38.54652953147888,87.2600702047348,72.277130484581,98.62292224168777,62.13954949378967,79.38155162334442,0.006377209519707705,0.0011619317696595743,0.006297952803187323,0.0023699710885120907,0.00539942269229241,0.0020398217535962937,0.0020893607177830953,75.53012051752636,0.0036765243349626414,activity_1_lightgbm_poisson
ewm_ewma14_act_drone_infra_ua_energy_intent_pastcov_lag-14,147.52832984924316,79.9240068346262,115.3956068456173,80.4854965209961,35.032270073890686,128.96826261281967,136.76419186592102,0.004108150768353846,0.0013834768651473928,0.0046004356806792265,0.00336372462239356,0.001799178831898751,0.006617003083961315,0.003669140352984046,103.44259494330201,0.0036487300293454486,activity_1_lightgbm_poisson
darts_enc_fc_cyc_day_sin_futcov_lag-2,86.01367855072021,62.79051983356476,80.75390100479126,120.39023959636688,50.175700187683105,147.54105973243713,70.1095597743988,0.0033770914909840187,0.0022017721967100947,0.002683440541876481,0.007850893113080537,0.0014806862593085058,0.0049343503862126605,0.0024875034320566815,88.25352266856602,0.003573676774318426,activity_1_lightgbm_poisson
ewm_ewma14_act_drone_infra_ua_energy_intent_pastcov_lag-1,105.20994973182678,102.742297321558,65.21653413772583,126.4366968870163,67.29200029373169,68.89827001094818,82.87958037853241,0.005042677590573685,0.0035102988773335177,0.0016831057510428905,0.004982439808879491,0.0020809423833159533,0.0025844300760962335,0.0044367236422501845,88.38218982304845,0.0034743740184988506,activity_1_lightgbm_poisson
ewm_expdecay7_dist_to_nearest_contested_km_pastcov_lag-7,110.84811428189278,43.334229826927185,48.74337959289551,47.765899896621704,59.644670724868774,40.3356499671936,27.75238049030304,0.009956069690267588,0.0030398191273424803,0.0007875465852316132,0.0010644193229605082,0.0037991550557615605,0.004102375484393228,0.0013944341687719853,54.06061782581465,0.003449117062104138,activity_1_lightgbm_poisson
ewm_expdecay7_acled_other_rus_shelling_artillery_missile_attack_pastcov_lag-1,165.42675960063934,64.21508049964905,31.492910146713257,96.20631992816925,28.78086006641388,38.63504981994629,70.19352054595947,0.01012366926360202,0.0021815494136180557,0.001797547638165553,0.0040572263910271245,0.0016601449205044584,0.001203822032083468,0.0024405824208292514,70.70721437249865,0.0033520774399757045,activity_1_lightgbm_poisson
darts_enc_fc_cyc_dayofweek_sin_futcov_lag-2,14.349929809570312,3.2652900218963623,77.2964004278183,15.180520057678223,57.04145061969757,204.49011063575745,23.64559704065323,0.0006529490830496698,4.592921621660029e-05,0.0040914749307610744,0.0007176037266109825,0.0020845713669997547,0.013271523128372764,0.0024772642116818178,56.467042659010204,0.0033344736662418092,activity_1_lightgbm_poisson
darts_enc_fc_cyc_dayofweek_sin_futcov_lag0,12.481910109519958,31.171550035476685,27.431119918823242,44.53094005584717,64.71428966522217,69.5174309015274,0.0,0.0005334030263840495,0.0025628467884797556,0.0009741123822138986,0.001646734645070569,0.0035951348057424283,0.013208181285109321,0.0,35.69246295520237,0.0032172018475714317,activity_1_lightgbm_poisson
ewm_ewma14_dist_to_nearest_contested_km_pastcov_lag-7,72.31129956245422,16.856840133666992,31.075019721873105,39.57099008560181,134.10943853855133,75.5696394443512,10.64864981174469,0.0035807014492016177,0.0006706469743846144,0.0017664162796440452,0.0027569559773594765,0.007727005430770184,0.005666004954389248,0.000320412962109895,54.30598247117762,0.0032125920039798683,activity_1_lightgbm_poisson
rolling_rsum14_14_dist_to_nearest_ru_km_pastcov_lag-7,62.01429092884064,28.507999420166016,64.15515971183777,40.80636012554169,26.50677990913391,31.120489835739136,51.89819049835205,0.004262810061608113,0.002423183787165284,0.0011570693051819792,0.003167097179405487,0.0028633200667740554,0.0008094522139022286,0.007192596688127706,43.57275291851589,0.0031250756145949792,activity_1_lightgbm_poisson
region_statcov_target_act_drone_strike_on_ua,42.23323917388916,41.86719036102295,162.79911053180695,102.75350058078766,58.20999085903168,68.91338038444519,53.78861045837402,0.0010910917219451922,0.0013191157910781514,0.005815366687725021,0.006277880681495418,0.001895252793325941,0.0031061845908876063,0.0022384886201301636,75.79500319276538,0.0031061972695124993,activity_1_lightgbm_poisson
ewm_ewma14_act_total_daily_strike_events_pastcov_lag-14,37.51487994194031,29.2260103225708,50.31393003463745,124.86046004295349,24.818219900131226,17.623419880867004,49.007840156555176,0.000651470850890079,0.00044615484062184854,0.0012585919302979143,0.015369383587375718,0.0006398402083751086,0.0012158868393476797,0.0018447918655545737,47.62353718280792,0.0030608743032089886,activity_1_lightgbm_poisson
darts_enc_fc_cyc_day_sin_futcov_lag6,61.48054921627045,15.05273973941803,48.74241018295288,84.93483054637909,105.96443688869476,99.05523318052292,75.55914986133575,0.002684607890164936,0.0003595785380557714,0.001761520320629839,0.00305033738762428,0.004678470878082264,0.005573940638321151,0.0031467744490796257,70.11276423079627,0.003036461443136838,activity_1_lightgbm_poisson
darts_enc_fc_cyc_dayofweek_sin_futcov_lag-1,65.78373980522156,3.1808199882507324,36.82328939437866,13.146829962730408,178.96665823459625,21.334160804748535,84.69092011451721,0.00248695205624625,7.09764818335401e-05,0.0016247731082186245,0.0006104000755533078,0.011229085674078298,0.0007006482138750992,0.004367009382134035,57.70377404349191,0.003012834998848451,activity_1_lightgbm_poisson
rolling_rsum7_7_act_total_daily_strike_events_pastcov_lag-14,23.01649022102356,19.66189956665039,77.3090101480484,47.979025423526764,40.986610412597656,28.437139987945557,26.01087975502014,0.0006474010716915002,0.0029644941760795795,0.009903183614296096,0.004228086643070461,0.0013064743254826983,0.0012918098891150365,0.00038438166303889076,37.62872221640178,0.0029608330546820375,activity_1_lightgbm_poisson
rolling_rmean28_28_fin_usd_rub_rate_pastcov_lag-1,45.811129570007324,22.2156503200531,100.78097951412201,12.779899835586548,83.60889112949371,2.5840699672698975,12.240790128707886,0.002374167106884717,0.001660616464769582,0.00590161424983906,0.0003930832691888764,0.009806003066391965,0.00013842659448797255,0.00020032218877334972,40.0030586378915,0.0029248904200479325,activity_1_lightgbm_poisson
darts_enc_fc_cyc_day_cos_futcov_lag4,119.34220051765442,36.85321009159088,200.7970700263977,30.413650512695312,44.46617043018341,34.68564057350159,65.65379929542542,0.004781582411422592,0.000985101032158453,0.008310844772911552,0.0010400949098184453,0.0011696028619765154,0.0013194683879426128,0.002751570252224922,76.03024877820697,0.0029083235183507278,activity_1_lightgbm_poisson
ewm_ewma14_act_drone_infra_ua_energy_intent_pastcov_lag-7,57.21724410355091,84.17541608214378,81.29569986462593,94.40864944458008,136.6217582821846,92.96882951259613,60.61032094061375,0.0012746047496763556,0.0018015869529510065,0.0019185496522019063,0.003056119813351432,0.004729071079823566,0.00393712157556374,0.00283219640646466,86.75684546147075,0.0027927500328618097,activity_1_lightgbm_poisson
ewm_ewma14_act_drone_strike_on_rus_in_rus_nofpv_pastcov_lag-7,9.05858039855957,62.98715925216675,35.43394011259079,42.90381979942322,53.06379699707031,23.33114993572235,105.66032287478447,9.858425447539787e-05,0.005238538618918898,0.002829400363585788,0.003013592337591531,0.002361556484700311,0.00157564065390976,0.004249129171233501,47.49125276718821,0.002766634554916455,activity_1_lightgbm_poisson
ewm_ewma14_act_drone_infra_ua_health_intent_pastcov_lag-7,26.510169744491577,0.0,51.68428039550781,18.637783229351044,182.5434491634369,63.04658055305481,44.60340976715088,0.001246691500663122,0.0,0.0024045059358159594,0.0011145440286249198,0.009500042051817625,0.002792401540012457,0.002003922423095239,55.28938183614186,0.00272315821143276,activity_1_lightgbm_poisson
darts_enc_fc_cyc_day_cos_futcov_lag6,144.42485976219177,31.357849717140198,81.9515905380249,43.72984027862549,47.61550998687744,47.26833954453468,18.75098592042923,0.007586987449164684,0.0012670715775659146,0.0038098422780176167,0.002239000767533139,0.0015694843014421923,0.0018887177751374163,0.0006483716343074208,59.29985367826053,0.0027156393975954836,activity_1_lightgbm_poisson
darts_enc_fc_cyc_day_cos_futcov_lag2,61.28471922874451,26.104475140571594,43.063419342041016,59.18271994590759,50.63713026046753,37.08371949195862,183.85771012306213,0.001529920546080854,0.0009020830923028855,0.0015851498901654937,0.0033352705322573285,0.0021729380112355478,0.0012512489376421466,0.007085337445673056,65.88769907610757,0.0025517069221939015,activity_1_lightgbm_poisson
ewm_ewma14_act_total_daily_strike_events_pastcov_lag-7,27.65072011947632,21.264689803123474,13.841950178146362,56.39359891414642,164.24455162882805,72.07808041572571,19.608234986662865,0.0003737355498065309,0.0007307926103236939,0.0003727508848627048,0.001515469923914381,0.008430364956978265,0.006226105938713089,0.000132181517895269,53.58311800658703,0.0025402001974991336,activity_1_lightgbm_poisson
darts_enc_fc_cyc_day_cos_futcov_lag5,106.33634707331657,145.97739005088806,29.672499895095825,69.08808419108391,43.322812497615814,35.32342028617859,28.21889042854309,0.004999686518626345,0.005444711237048749,0.0006328931136880378,0.002509769876583956,0.001107319383594274,0.0015113444583821245,0.0010244173650900024,65.4199206318174,0.0024614488504304984,activity_1_lightgbm_poisson
darts_enc_fc_cyc_day_cos_futcov_lag1,41.536850452423096,32.88205027580261,100.57789993286133,69.03856098651886,49.63746976852417,85.34207105636597,56.91706049442291,0.0016124867483958915,0.0010672406364337528,0.0031881719001312313,0.0034307909788292346,0.001659839040191935,0.0030528667873849225,0.0024694112703836923,62.275994709559846,0.002354401051678665,activity_1_lightgbm_poisson
rolling_rmean28_28_fin_usd_rub_rate_pastcov_lag-14,72.95427918434143,26.261020064353943,92.1846694946289,56.11615025997162,69.68784999847412,43.537700057029724,60.50526034832001,0.004126548681686137,0.0005376834920486129,0.00338472379195538,0.0022783073655964882,0.0019357858406281237,0.0015203471734547946,0.0020557777133584088,60.17813277244568,0.002262739151246849,activity_1_lightgbm_poisson
darts_enc_fc_cyc_dayofyear_cos_futcov_lag-2,88.28894877433777,46.39557993412018,19.09323024749756,32.55919301509857,75.29578042030334,63.29868960380554,92.45908975601196,0.0031974994868530617,0.002101893940075228,0.000703638613777291,0.001048277010716303,0.0024714622130166397,0.0036373116210538957,0.0016452479437651713,59.62721596445356,0.0021150472613225128,activity_1_lightgbm_poisson
rolling_rmean28_28_dist_to_nearest_contested_km_pastcov_lag-14,24.52250027656555,42.94747066497803,33.62523141503334,25.551509976387024,57.22520971298218,46.18950033187866,43.66027021408081,0.0011063764695609546,0.0013102146254964531,0.0010851467785852665,0.0015651936493779716,0.005144901194093987,0.00284729156505803,0.0017106888751792005,39.1030989417008,0.002109973308193123,activity_1_lightgbm_poisson
darts_enc_fc_cyc_dayofweek_cos_futcov_lag-1,10.683339834213257,66.91559028625488,79.5674500465393,2.6280300617218018,49.10288071632385,19.72467017173767,20.69797945022583,0.0004032650420995987,0.004310174116188947,0.005956675108361198,6.550175563861949e-05,0.001629773606022744,0.0016436626037590774,0.0005871193036994127,35.617134366716655,0.0020851673622528,activity_1_lightgbm_poisson
ewm_ewma14_acled_other_rus_armed_clash_pastcov_lag-1,84.82663989067078,42.24024999141693,58.507959723472595,2.9845800399780273,5.576280117034912,2.2230100631713867,0.0,0.006496465149170394,0.004775149166439441,0.0024830518398312627,9.193239738840564e-05,0.0003974565024441157,0.00013860683678947882,0.0,28.05124568939209,0.0020546659845804426,activity_1_lightgbm_poisson
rolling_rsum14_14_act_total_daily_strike_events_pastcov_lag-1,21.4299898147583,6.567279040813446,134.6074320077896,44.70153820514679,8.126808106899261,17.26375985145569,8.996419906616211,0.0019108335238041453,0.00022835758458670253,0.008073452299167116,0.002428695237827028,0.0005049539203237918,0.00017740821845335653,0.0004603641060125341,34.5276038476399,0.00196915212716781,activity_1_lightgbm_poisson
darts_enc_fc_cyc_month_cos_futcov_lag-2,3.766930103302002,0.0,1.781000018119812,5.272719860076904,29.79690957069397,70.23411989212036,0.0,9.622711452927923e-05,0.0,2.4155539946479897e-05,8.448633165991648e-05,0.0026144484006270343,0.010860732190652311,0.0,15.835954206330436,0.0019542927967735745,activity_1_lightgbm_poisson
rolling_rmean28_28_act_total_daily_strike_events_pastcov_lag-14,17.249040126800537,0.0,35.681157037615776,15.075729846954346,15.134689927101135,12.935180068016052,90.53310786187649,0.0011224814624411605,0.0,0.005241980333253049,0.000981067137970726,0.0005886594751602026,0.000656587045997914,0.004354904981557417,26.658414981194905,0.0018493829194829242,activity_1_lightgbm_poisson
rolling_rsum14_14_dist_to_nearest_contested_km_pastcov_lag-14,18.97028785943985,40.900410413742065,50.203024581074715,4.165706098079681,65.01161003112793,4.282420039176941,13.973790407180786,0.0017332632455842266,0.0022501815097073718,0.0021641493693523193,9.499957312884e-05,0.005292448237758185,0.00031180778974964073,0.0006960164181233353,28.215321347117424,0.0017918380204862742,activity_1_lightgbm_poisson
darts_enc_fc_cyc_dayofyear_sin_futcov_lag-2,11.923890113830566,80.02459931373596,97.57717037200928,43.52993035316467,26.86555004119873,28.33566975593567,28.925220251083374,0.0007638211312089415,0.003018578892168833,0.0030888805130344643,0.0013289817156043383,0.0017994030028497087,0.001201299882980522,0.0009543949137466479,45.31171860013689,0.0017364800073704936,activity_1_lightgbm_poisson
rolling_rmean28_28_acled_other_rus_shelling_artillery_missile_attack_pastcov_lag-14,0.0,4.6532301902771,14.326629877090454,26.18824005126953,141.7903093099594,147.70912849903107,59.90821027755737,0.0,0.00021176899487900246,0.0006862433249331002,0.0011530570947582363,0.004048322779773761,0.005200335227820818,0.0006989278988142944,56.367964029312134,0.0017140936172827445,activity_1_lightgbm_poisson
darts_enc_fc_cyc_day_cos_futcov_lag3,32.924360036849976,39.96748995780945,70.98541986942291,67.77370035648346,33.72216987609863,6.164180040359497,31.854819536209106,0.0014122379198460821,0.001573393385330002,0.003087522769671569,0.002636199712607601,0.0015599515801556496,0.000337479987464695,0.0013110267163873423,40.48459138189043,0.0017025445816375628,activity_1_lightgbm_poisson
darts_enc_fc_cyc_dayofweek_cos_futcov_lag-2,34.487120389938354,29.98843026161194,13.504629850387573,0.0,10.548500061035156,37.40449047088623,44.864190340042114,0.0014713606104381992,0.002955270181900893,0.00025774636025415186,0.0,0.00029735755331272706,0.004098132819238831,0.002626964665029807,24.39962305341448,0.0016724045985963727,activity_1_lightgbm_poisson
darts_enc_fc_cyc_dayofyear_sin_futcov_lag0,53.91207003593445,5.633500099182129,4.106499910354614,51.195499897003174,116.2853097319603,27.70239019393921,15.593550205230713,0.0025319181738736817,0.00022450331723613547,0.00011409464790055335,0.0022478084105669316,0.003654922281330819,0.0015904443153758941,0.0009551598411024376,39.20411715337208,0.001616978712483779,activity_1_lightgbm_poisson
rolling_rsum14_14_act_drone_strike_on_rus_in_rus_nofpv_pastcov_lag-1,33.085360050201416,149.54293483495712,26.864049911499023,0.0,25.975650310516357,60.020342111587524,34.81726675853133,0.001729249569370528,0.005764726789620278,0.0006178034415079026,0.0,0.0004239119827641691,0.001354140366941503,0.0012429905229649264,47.18651485389897,0.0015904032390241867,activity_1_lightgbm_poisson
darts_enc_fc_cyc_dayofyear_sin_futcov_lag-1,19.98631000518799,21.99731969833374,52.58064007759094,149.088210105896,24.800909996032715,29.023900508880615,7.835789918899536,0.0005230636135320266,0.00032597858092557884,0.002123390698616623,0.00504616554355457,0.001037553979636363,0.00131379988364837,0.0007419911330048157,43.61615433011736,0.0015874204904169071,activity_1_lightgbm_poisson
ewm_ewma14_acled_other_rus_armed_clash_pastcov_lag-14,17.65712708234787,28.331390738487244,17.45032012462616,17.51270294189453,93.87043207883835,42.93304932117462,149.0391800403595,0.00013915936572319598,0.00024351247430054457,0.0006320870990224492,0.0007589595513604497,0.0034751549587796137,0.0015010507257590788,0.00409263922115044,52.399171761104036,0.0015489376280136819,activity_1_lightgbm_poisson
rolling_rmean28_28_total_ru_area_km2_pastcov_lag-7,72.33755040168762,48.66737711429596,1.7301900386810303,27.54654049873352,23.448920130729675,64.2966901063919,54.336430072784424,0.0035970203826688916,0.0009074831705102148,2.8742859956176758e-05,0.0006974646624208214,0.0010724869896053368,0.002303790745082179,0.0021254075866057763,41.76624262332916,0.0015331994852641998,activity_1_lightgbm_poisson
rolling_rmean28_28_dist_to_nearest_contested_km_pastcov_lag-1,10.585200071334839,23.47880983352661,86.29454982280731,17.523749828338623,24.993229627609253,14.551340579986572,17.51412010192871,0.0009495831398064647,0.0010556102208614914,0.0053348740173610135,0.0013092445993924783,0.0011158790690269705,0.0003631058966295786,0.000562941018259,27.84871426650456,0.001527319708762428,activity_1_lightgbm_poisson
rolling_rmean28_28_act_total_daily_strike_events_pastcov_lag-7,20.47546112537384,9.398046970367432,4.153182029724121,35.00379252433777,95.90183264017105,40.922160029411316,18.81514000892639,0.0006131435419535425,0.0005047193968308106,0.0001410256520369524,0.002108527122557868,0.004624110590539998,0.0013604177036953935,0.0008817610254622466,32.09565933261599,0.001461957861868116,activity_1_lightgbm_poisson
ewm_ewma14_act_drone_strike_on_rus_in_rus_nofpv_pastcov_lag-1,18.140119791030884,148.13410764932632,258.8066508769989,21.330050468444824,24.013559818267822,10.460730075836182,50.238150119781494,0.00012919913886391132,0.005775937316241086,0.00120386193083295,0.0009322192896108028,0.000506864006930563,0.0001398911691265603,0.0014946404209660535,75.87476697138378,0.0014546590389388468,activity_1_lightgbm_poisson
darts_enc_fc_cyc_dayofyear_sin_futcov_lag5,45.52416944503784,25.099169731140137,4.236070156097412,25.212050199508667,22.015610456466675,81.07621002197266,23.34295964241028,0.002119282817530177,0.0011571992272841447,0.0002685498358678817,0.000731811554121653,0.0007837141291259453,0.003988346648088337,0.0004991568359725251,32.358034236090525,0.0013640087211415233,activity_1_lightgbm_poisson
darts_enc_fc_cyc_dayofyear_sin_futcov_lag6,80.33775067329407,46.68367004394531,10.589771002531052,7.291760206222534,42.967350006103516,28.89940047264099,20.373509645462036,0.0038185504405081837,0.001483490127217002,0.00031453185476078006,0.0003610496021726695,0.0015632677844131583,0.0009823245458629559,0.0008122956899158762,33.877601721457076,0.0013336442921215179,activity_1_lightgbm_poisson
rolling_rsum14_14_dist_to_nearest_contested_km_pastcov_lag-1,52.8571902513504,23.809030055999756,21.221709966659546,15.21472293138504,20.190710067749023,70.20121002197266,32.784719944000244,0.0008319371257667685,0.00034057028735652307,0.0014430999667224941,0.00034247254594081954,0.000934697585397104,0.002912249662212996,0.0024365019778846086,33.75418474844524,0.0013202184501830449,activity_1_lightgbm_poisson
rolling_rmean28_28_fin_usd_rub_rate_pastcov_lag-7,46.920989871025085,11.959750175476074,35.58571773767471,44.97455036640167,58.024590611457825,49.265160381793976,27.412779808044434,0.0020714174780673165,5.565909046503226e-05,0.0008091567026978109,0.0016554998588873993,0.0019957461366545415,0.0015098601967546532,0.000833454551827062,39.16336270741054,0.0012758277164791165,activity_1_lightgbm_poisson
darts_enc_fc_cyc_dayofyear_sin_futcov_lag2,10.707929849624634,23.46454954147339,74.1610896885395,27.984623223543167,0.0,65.42173957824707,13.386119961738586,0.0001296919696600396,0.0009182442826623172,0.0027780915420195563,0.001608388004628747,0.0,0.00274999913223386,0.0006085725906912476,30.732293120452336,0.0012561410745565384,activity_1_lightgbm_poisson
darts_enc_fc_cyc_dayofyear_sin_futcov_lag1,13.614960670471191,49.54012966156006,27.374249696731567,1.607699990272522,46.70049035549164,69.3557403087616,13.897239848971367,0.0004832204222388947,0.0020285772186947383,0.00146246989573513,2.8696813754502948e-05,0.00159195260267746,0.002698461323059398,0.0004168348544810074,31.727215790322848,0.0012443161615201617,activity_1_lightgbm_poisson
darts_enc_fc_cyc_dayofyear_cos_futcov_lag6,61.80292880535126,58.792518615722656,12.934100151062012,66.9017903804779,7.5728600025177,18.79062032699585,5.891290187835693,0.0025132028658956473,0.0012445398114356633,0.000638664670076694,0.0027678189195372792,0.0002930507120761483,0.0006873851313278889,-2.8234956961137314e-05,33.24087263856615,0.0011594895933411693,activity_1_lightgbm_poisson
darts_enc_fc_cyc_dayofyear_cos_futcov_lag0,4.819054037332535,5.041029930114746,33.60002017021179,4.837890148162842,79.2605094909668,40.390480041503906,0.0,0.0001667419217966426,0.00022247622278603885,0.0008658718942882393,5.88987351382908e-05,0.005411121874574864,0.0009422833931998165,0.0,23.992711974041804,0.0010953420059691276,activity_1_lightgbm_poisson
rolling_rmean28_28_dist_to_nearest_contested_km_pastcov_lag-7,65.88954973220825,12.427487961715087,1.1837999820709229,37.22041893005371,16.290520191192627,68.56630027294159,9.247270107269287,0.0020134173711581216,0.0003916445625426812,8.147889574141586e-05,0.0008872493020929628,0.00030236883829275473,0.0035739251063636513,0.000405184381058854,30.117906739635924,0.001093609779607206,activity_1_lightgbm_poisson
rolling_rsum14_14_act_total_daily_strike_events_pastcov_lag-7,32.02835988998413,68.75181043148041,30.588890075683594,8.85099995136261,16.731660068035126,1.7656734362244606,21.299010276794434,0.0015195315346734572,0.00341351232647491,0.0014675715751186313,3.592762207800248e-05,0.0006620718434420247,3.6075942319491185e-05,0.00035060792807066753,25.716629161366395,0.0010693283960253122,activity_1_lightgbm_poisson
darts_enc_fc_cyc_month_sin_futcov_lag6,0.0,13.907589673995972,7.421939849853516,5.492579936981201,216.24275958538055,11.672510147094727,6.428890228271484,0.0,0.0004137573321679744,0.00033527565549731355,0.00018260316267593169,0.006073144124318563,5.93790027625607e-05,-4.456840679898377e-05,37.30946706022535,0.0010027986958033373,activity_1_lightgbm_poisson
rolling_rsum14_14_dist_to_nearest_contested_km_pastcov_lag-7,2.8498198986053467,21.295380353927612,1.780897330492735,9.054780006408691,35.68836975097656,11.542370080947876,25.37805986404419,7.483726238859401e-05,0.0011348407747880263,6.192860863454274e-05,0.00024164771354242553,0.002325516024836949,0.0015718569123224669,0.0014441648654546224,15.369953897914716,0.0009792560231382324,activity_1_lightgbm_poisson
darts_enc_fc_cyc_dayofweek_sin_futcov_lag1,3.7159900665283203,34.57327055931091,2.8569400310516357,0.0,120.00271987915039,5.151519775390625,1.826200008392334,9.694350581197497e-05,0.0019471534883917173,0.00055602186979824,0.0,0.0035902839077310176,0.00017573450414389846,0.0003182909460790029,24.018091474260604,0.0009549183174222646,activity_1_lightgbm_poisson
darts_enc_fc_cyc_month_cos_futcov_lag-1,0.0,5.407400131225586,0.0,1.7735999822616577,5.260159969329834,9.487150192260742,36.46065181493759,0.0,0.0002158637969390975,0.0,-1.1466250118385979e-05,0.00023149859584505882,0.000851257692940921,0.005101503789154038,8.341280298573631,0.0009126653749658186,activity_1_lightgbm_poisson
ewm_expdecay7_dist_to_nearest_contested_km_pastcov_lag-14,43.4614896774292,45.65449023246765,37.801862467080355,30.24055027961731,11.707599878311157,10.149531822651625,12.982340097427368,0.0006906269637910522,0.0011149261163655665,0.0009424550441889945,0.001261158256389372,0.0004976305908493073,0.0007749101294759697,0.0005539351610902576,27.428266350712097,0.0008336631803072172,activity_1_lightgbm_poisson
darts_enc_fc_cyc_dayofyear_sin_futcov_lag3,36.66074991226196,12.630760073661804,4.269700050354004,14.910959839820862,14.09211015701294,44.427550077438354,23.701849937438965,0.0013675445687220344,0.0003610342952885981,0.00014907425419352638,0.0006838205533114428,0.0006759183261000779,0.0016512611207341933,0.0008857744852404092,21.52766857828413,0.0008249182290843261,activity_1_lightgbm_poisson
darts_enc_fc_cyc_dayofyear_sin_futcov_lag4,26.862390279769897,17.57540988922119,68.44151020050049,1.1027799844741821,42.02662014961243,9.565970182418823,12.98787009716034,0.001014848669967483,0.0005738534225129266,0.0012976621234007002,2.9454560849595525e-05,0.001821326232051157,0.0002126890013662397,0.00026706456685166025,25.508935826165335,0.0007452712252856803,activity_1_lightgbm_poisson
ewm_ewma14_act_drone_infra_ua_health_intent_pastcov_lag-1,0.0,4.41346001625061,8.109599828720093,19.701160192489624,15.986719846725464,33.29291009902954,4.359702944755554,0.0,8.37130123655383e-05,0.0002909105819345559,0.000836283689864592,0.0011246507179590193,0.0025279497966557373,0.00020928929114389928,12.266221846852984,0.0007246852985604775,activity_1_lightgbm_poisson
rolling_rsum14_14_act_total_daily_strike_events_pastcov_lag-14,0.0,24.91733330488205,13.795849800109863,11.174690008163452,41.223668932914734,16.34189009666443,31.790601909160614,0.0,0.0001670652435859621,0.00041360312084037787,0.0012427775471902658,0.0008686116692933954,0.00071392158616288,0.0016101019724874543,19.892004864556448,0.0007165830199371908,activity_1_lightgbm_poisson
darts_enc_fc_cyc_week_cos_futcov_lag-2,5.394989967346191,0.0,0.0,25.026569843292236,16.984830021858215,21.044699907302856,12.085040092468262,0.000288660710869304,0.0,0.0,0.0016522258114506582,0.001259006611051472,0.0011709429445525554,0.00027187181614911625,11.50516140460968,0.0006632439848675866,activity_1_lightgbm_poisson
rolling_rmean28_28_total_ru_area_km2_pastcov_lag-1,9.774760246276855,8.996878862380981,12.997130155563354,42.34252607822418,6.008662939071655,12.53560996055603,77.75400948524475,0.00038067524546412377,0.0005200181261271642,0.00010621097505714161,0.0007872395634216156,0.00029398733069445625,6.72856994493376e-05,0.0024264973391542543,24.34422538961683,0.0006545591827668704,activity_1_lightgbm_poisson
rolling_rsum7_7_acled_other_rus_shelling_artillery_missile_attack_pastcov_lag-1,0.0,30.762699961662292,5.00137996673584,0.0,0.0,0.0,18.066110014915466,0.0,0.002496176741440581,0.0003460897135379337,0.0,0.0,0.0,0.0013869496223138267,7.690027134759085,0.0006041737253274773,activity_1_lightgbm_poisson
darts_enc_fc_cyc_week_sin_futcov_lag0,6.484330177307129,35.117440700531006,39.57206964492798,0.0,14.967050552368164,0.0,13.580260038375854,0.00023565875688649207,0.0007069413065876162,0.001475055894830013,0.0,0.0004906750393582238,0.0,0.001225336560671808,15.674450159072876,0.000590523936904879,activity_1_lightgbm_poisson
darts_enc_fc_cyc_week_sin_futcov_lag-2,21.763129711151123,9.627320289611816,4.222460031509399,0.0,97.59999918937683,10.65427017211914,0.0,0.0009808228892938865,0.0003599628447315872,0.00011269898916106413,0.0,0.002193989055275414,0.00035784113476244883,0.0,20.552454199109757,0.000572187844746343,activity_1_lightgbm_poisson
rolling_rmean28_28_acled_other_rus_shelling_artillery_missile_attack_pastcov_lag-7,8.478539943695068,8.497139930725098,49.89643931388855,15.562730073928833,10.029530048370361,4.75137996673584,0.0,0.00015258829784852156,0.00035323858669265016,0.002050102890245298,0.0006161826881346588,0.000639197170234862,0.00018058656857988797,0.0,13.887965611049108,0.0005702708859622683,activity_1_lightgbm_poisson
darts_enc_fc_cyc_dayofweek_cos_futcov_lag2,13.657609939575195,1.455180048942566,2.747040033340454,21.18684959411621,8.122120141983032,18.01554012298584,20.84397029876709,0.0003888408911108199,0.00028245292418127566,8.133137102532828e-05,0.00048279145557683645,0.00038258646167312895,0.0010034877039855061,0.001046556403525667,12.289758597101484,0.0005240067444397947,activity_1_lightgbm_poisson
darts_enc_fc_cyc_dayofyear_cos_futcov_lag5,26.17317008972168,20.332839727401733,2.1179099082946777,27.280825227499008,5.555689811706543,0.0,21.893609881401062,0.0009808668100234064,0.0007288566119164841,0.00010870047533817484,0.001073011453759176,3.0406291219953195e-05,0.0,0.0006249435356031841,14.764863520860672,0.0005066835968371969,activity_1_lightgbm_poisson
darts_enc_fc_cyc_month_cos_futcov_lag6,0.0,0.0,17.80968976020813,0.0,0.0,35.56468975543976,0.0,0.0,0.0,0.0017399824784183338,0.0,0.0,0.0016063588177801958,0.0,7.624911359378269,0.0004780487565997899,activity_1_lightgbm_poisson
darts_enc_fc_cyc_dayofweek_cos_futcov_lag1,7.316870212554932,5.845959901809692,5.726570010185242,13.794700145721436,31.888309955596924,12.737510204315186,0.0,0.0002785785540975638,0.0001547179105044094,0.00025560193850155956,0.00035463076101072133,0.0016330322245885487,0.0005037561178753647,0.0,11.04427434716906,0.0004543310723683096,activity_1_lightgbm_poisson
darts_enc_fc_cyc_dayofyear_cos_futcov_lag1,9.919569969177246,8.84570026397705,11.387969970703125,17.355039834976196,3.5434699058532715,0.0,18.41907024383545,0.00027679067313217675,9.8716389805098e-05,0.001124367156889039,0.0009981871368700546,0.00032732849019943,0.0,0.0003066238019885148,9.92440288407462,0.00044743052126918755,activity_1_lightgbm_poisson
darts_enc_fc_cyc_dayofyear_cos_futcov_lag4,15.326119899749756,17.12634038925171,13.244420051574707,4.15132999420166,9.07544994354248,3.393709897994995,6.999989986419678,0.001244579056662376,0.0005599031988700931,0.00045203348434341706,0.00023358766738603708,0.00012328078821006728,-4.417544036865451e-05,0.00015844728678879872,9.902480023247856,0.00038966514884173357,activity_1_lightgbm_poisson
darts_enc_fc_cyc_dayofyear_cos_futcov_lag-1,0.0,6.598030090332031,8.256860256195068,13.768309593200684,31.812690019607544,19.780250072479248,21.13470983505249,0.0,9.853382210898154e-05,0.0001633814970040115,0.0003238216085912571,0.0009181666979576564,0.0008363405598711182,0.0003247767487085662,14.478692838123866,0.00038071727632022726,activity_1_lightgbm_poisson
darts_enc_fc_cyc_dayofweek_sin_futcov_lag2,4.120490074157715,16.59665012359619,6.4125800132751465,1.4835699796676636,0.0,4.7890400886535645,29.043100357055664,0.00012977428575244865,0.0006281754889780444,0.00028574012307718276,0.000195105835169751,0.0,0.00011601594089458712,0.0011854439186094411,8.920775805200849,0.0003628936560687793,activity_1_lightgbm_poisson
darts_enc_fc_cyc_week_cos_futcov_lag1,0.0,9.886500358581543,7.831620216369629,7.717740058898926,14.19350004196167,2.3329899311065674,7.038150072097778,0.0,6.860109756199329e-05,0.00036090589908774893,0.00027295021381426034,0.0014127563030096103,0.00020785271422318896,0.00018338718266028842,7.0000715255737305,0.0003580647729081558,activity_1_lightgbm_poisson
darts_enc_fc_cyc_week_cos_futcov_lag2,7.565370082855225,41.646939754486084,2.099299907684326,2.1659998893737793,0.0,14.613649845123291,0.0,0.0002858849484448589,0.0005071910840738659,0.000154381424299177,2.1443213563698828e-05,0.0,0.0014529293516802877,0.0,9.727322782788958,0.0003459757174374126,activity_1_lightgbm_poisson
ewm_ewma14_acled_other_rus_armed_clash_pastcov_lag-7,1.9190700054168701,33.07249975204468,12.808879852294922,14.004640102386475,24.214629769325256,21.159390091896057,4.577280044555664,0.00010642123034600992,-7.437107062386872e-05,0.00022057590712696307,0.0004545099442117673,0.0006780045510192956,0.000606369664413009,0.0001674663687768474,15.965198516845703,0.0003084252278957176,activity_1_lightgbm_poisson
act_drone_strike_on_ua_target_lag-1,39.856629848480225,0.0,0.0,0.0,0.0,0.0,0.0,0.0017860695876267042,0.0,0.0,0.0,0.0,0.0,0.0,5.6938042640686035,0.0002551527982323863,activity_1_lightgbm_poisson
darts_enc_fc_cyc_month_sin_futcov_lag-2,21.98982000350952,0.0,0.0,6.098180055618286,6.533400058746338,8.816680073738098,7.135999917984009,0.0009967616716879402,0.0,0.0,0.00010355593418751586,0.0001663595412097596,0.0003055175367859597,0.00015404940637981924,7.2248685870851785,0.0002466062986072849,activity_1_lightgbm_poisson
rolling_rmean28_28_act_total_daily_strike_events_pastcov_lag-1,4.310345113277435,36.91316282749176,7.719003200531006,19.803200364112854,11.224515207111835,2.336639881134033,0.860616996884346,7.172477416308442e-05,0.0004040067715239015,0.0003169044164055057,0.00041764985246752764,0.00043878220019855085,1.0018373283204873e-05,1.805928780846955e-05,11.881069084363324,0.00023959223940717776,activity_1_lightgbm_poisson
darts_enc_fc_cyc_dayofyear_cos_futcov_lag2,7.148270130157471,12.584150839596987,19.92083978652954,0.0,0.0,33.84433937072754,0.0,0.00017724328373884822,0.00026380540055894743,0.0008852240421403313,0.0,0.0,0.00030668861993810026,0.0,10.499657161001648,0.00023328019233946102,activity_1_lightgbm_poisson
darts_enc_fc_cyc_dayofweek_sin_futcov_lag4,0.0,0.0,0.0,0.0,0.0,9.854659914970398,0.0,0.0,0.0,0.0,0.0,0.0,0.0015638165050713803,0.0,1.4078085592814855,0.00022340235786734005,activity_1_lightgbm_poisson
darts_enc_fc_cyc_dayofweek_cos_futcov_lag0,0.0,6.231200218200684,11.266860008239746,5.365949988365173,6.45412015914917,24.243030309677124,0.0,0.0,0.00015968660558622892,0.00028761811700324104,0.00010644677202489294,0.00019415972377463399,0.0007837715211900908,0.0,7.651594383375985,0.00021881181993986968,activity_1_lightgbm_poisson
darts_enc_fc_cyc_week_sin_futcov_lag1,2.937570095062256,5.925429821014404,5.894740104675293,4.675759792327881,11.633640050888062,0.0,5.928709983825684,4.976046791920208e-05,0.0001903691885710046,8.875768544212015e-05,0.0001199131035602985,0.0008318211006632659,0.0,0.00010085165424957853,5.285121406827654,0.00019735331434363851,activity_1_lightgbm_poisson
darts_enc_fc_cyc_dayofweek_cos_futcov_lag3,0.0,0.0,4.504459857940674,0.0,0.0,33.23312020301819,0.0,0.0,0.0,8.417800507887208e-05,0.0,0.0,0.0012920874168082853,0.0,5.391082865851266,0.00019660934598387964,activity_1_lightgbm_poisson
darts_enc_fc_cyc_month_cos_futcov_lag2,2.2260398864746094,3.45238995552063,22.279510378837585,0.0,0.0,3.0373799800872803,0.0,9.3184120732559e-05,0.0002738806679622341,0.000893030303044462,0.0,0.0,-3.7296101474826314e-05,0.0,4.42790288584573,0.00017468557003777553,activity_1_lightgbm_poisson
darts_enc_fc_cyc_month_cos_futcov_lag3,4.458000183105469,0.0,10.142109870910645,0.0,4.093970060348511,1.827620029449463,0.0,0.00029490909773315365,0.0,0.0006060211885533517,0.0,0.00021624075257631326,4.230157534694801e-05,0.0,2.931671449116298,0.00016563894488710954,activity_1_lightgbm_poisson
darts_enc_fc_cyc_week_cos_futcov_lag0,0.0,4.06220006942749,9.682509899139404,14.68435001373291,0.0,10.18460988998413,0.0,0.0,5.5360942751847554e-05,0.0001049160196734178,0.0007843477643146191,0.0,0.0001919218126891664,0.0,5.5162385531834195,0.00016236379134700727,activity_1_lightgbm_poisson
darts_enc_fc_cyc_dayofyear_cos_futcov_lag3,14.681620597839355,14.686939716339111,4.684550046920776,5.046750068664551,0.0,9.758739948272705,10.249199867248535,0.0004611160630682676,0.0003209766345338316,1.3396272757737471e-05,0.00019737350563733269,0.0,1.7754702787309284e-06,9.29228559342521e-05,8.443971463612147,0.00015536582888716464,activity_1_lightgbm_poisson
darts_enc_fc_cyc_month_sin_futcov_lag3,0.0,0.0,6.996620178222656,14.714890003204346,0.0,17.981050491333008,0.0,0.0,0.0,0.00020795543745328883,0.0001920565448845446,0.0,0.0006700635094902374,0.0,5.670365810394287,0.00015286792740401009,activity_1_lightgbm_poisson
darts_enc_fc_cyc_week_sin_futcov_lag5,5.890850067138672,0.0,0.0,0.0,25.484789848327637,0.0,0.0,0.00038793848011640095,0.0,0.0,0.0,0.0005994865498685442,0.0,0.0,4.482234273638044,0.00014106071856927787,activity_1_lightgbm_poisson
darts_enc_fc_cyc_week_sin_futcov_lag3,0.0,0.0,12.497050046920776,7.106870174407959,5.411789894104004,14.756699562072754,0.0,0.0,0.0,0.00037340046614091625,0.00010486970266716522,0.0001901807530152677,0.00031594473561615823,0.0,5.681772811072213,0.0001406279510627868,activity_1_lightgbm_poisson
darts_enc_fc_cyc_month_cos_futcov_lag5,0.0,5.336829900741577,0.0,10.651020407676697,1.354259967803955,8.088120222091675,0.0,0.0,0.0001430944130959233,0.0,0.00019186720323947082,3.369519884088845e-06,0.0006036816314612725,0.0,3.6328900711877004,0.0001345732525258222,activity_1_lightgbm_poisson
rolling_rmean28_28_acled_other_rus_shelling_artillery_missile_attack_pastcov_lag-1,5.3010101318359375,0.0,0.0,0.0,5.289470195770264,0.0,8.77301025390625,0.00025451543087195994,0.0,0.0,0.0,0.00033257822939092296,0.0,0.00034130456922096817,2.7662129402160645,0.00013262831849769301,activity_1_lightgbm_poisson
darts_enc_fc_cyc_week_cos_futcov_lag-1,4.159019947052002,0.0,10.111790180206299,0.0,0.0,0.0,10.504050016403198,0.00015413461889000058,0.0,0.0004575935450060298,0.0,0.0,0.0,0.0002388140597836763,3.5392657348087857,0.00012150603195424381,activity_1_lightgbm_poisson
darts_enc_fc_cyc_month_cos_futcov_lag4,0.0,0.0,0.0,0.0,19.428709983825684,12.165250301361084,0.0,0.0,0.0,0.0,0.0,0.0006128562155603534,0.0002102244595950431,0.0,4.513422897883824,0.00011758295359362807,activity_1_lightgbm_poisson
rolling_rsum7_7_acled_other_rus_shelling_artillery_missile_attack_pastcov_lag-14,0.0,0.0,0.0,9.758879899978638,0.0,0.0,0.0,0.0,0.0,0.0,0.0007668426170083676,0.0,0.0,0.0,1.3941256999969482,0.00010954894528690965,activity_1_lightgbm_poisson
darts_enc_fc_cyc_dayofweek_sin_futcov_lag3,11.958620071411133,0.0,0.0,0.0,4.35837984085083,0.0,0.0,0.0002889115334660852,0.0,0.0,0.0,0.00045668135201468727,0.0,0.0,2.3309999874659946,0.00010651326935439606,activity_1_lightgbm_poisson
darts_enc_fc_cyc_month_sin_futcov_lag-1,6.6455299854278564,0.0,0.0,0.0,0.0,8.142499923706055,3.4684300422668457,0.00028968015302948124,0.0,0.0,0.0,0.0,0.000337045400234115,8.476946835149768e-05,2.6080657073429654,0.00010164214594501343,activity_1_lightgbm_poisson
darts_enc_fc_cyc_week_cos_futcov_lag4,22.63284993171692,0.0,0.0,0.0,10.269179821014404,0.0,0.0,0.0005494726237156744,0.0,0.0,0.0,0.00014096829744250083,0.0,0.0,4.700289964675903,9.863441730831076e-05,activity_1_lightgbm_poisson
darts_enc_fc_cyc_month_cos_futcov_lag1,0.0,6.2368998527526855,3.510240077972412,26.958229780197144,0.0,1.849660038948059,0.0,0.0,1.7526578522786274e-05,6.288416200250779e-05,0.0005308561344652852,0.0,4.252004669282883e-05,0.0,5.507861392838614,9.33981316690583e-05,activity_1_lightgbm_poisson
darts_enc_fc_cyc_month_sin_futcov_lag5,0.0,17.92950963973999,1.8412699699401855,2.2288401126861572,3.776400089263916,0.0,0.0,0.0,0.00034080767846065283,6.29121740674643e-05,0.00010201482807690177,0.00014410723530811076,0.0,0.0,3.682288544518607,9.283455941616138e-05,activity_1_lightgbm_poisson
darts_enc_fc_cyc_week_sin_futcov_lag-1,0.0,5.750629901885986,0.0,1.1352499723434448,10.473429918289185,9.036969900131226,0.0,0.0,0.0001233789088516568,0.0,2.5596801957639138e-05,0.00024016506357384947,0.00018565127000225168,0.0,3.7708970989499773,8.211314919791388e-05,activity_1_lightgbm_poisson
darts_enc_fc_cyc_dayofweek_sin_futcov_lag6,11.784949779510498,0.0,0.0,0.0,0.0,0.0,0.0,0.0005640689471747562,0.0,0.0,0.0,0.0,0.0,0.0,1.6835642542157854,8.058127816782232e-05,activity_1_lightgbm_poisson
darts_enc_fc_cyc_month_sin_futcov_lag4,0.0,0.0,0.0,0.0,3.69569993019104,8.242199897766113,6.019479990005493,0.0,0.0,0.0,0.0,7.313974312994631e-05,0.00031859231563806655,0.0001629185721288895,2.565339973994664,7.92358044138432e-05,activity_1_lightgbm_poisson
ewm_ewma14_acled_other_ua_armed_clash_pastcov_lag-1,0.0,0.0,0.0,0.0,4.138170003890991,4.248199939727783,0.0,0.0,0.0,0.0,0.0,0.0003083375408592159,0.0001859501401399788,0.0,1.1980528490883964,7.061252585702781e-05,activity_1_lightgbm_poisson
darts_enc_fc_cyc_week_sin_futcov_lag4,3.87037992477417,0.0,0.0,0.0,0.0,12.887400150299072,0.0,0.00018570712093728402,0.0,0.0,0.0,0.0,0.00012392137758463485,0.0,2.3939685821533203,4.423264264598841e-05,activity_1_lightgbm_poisson
darts_enc_fc_cyc_dayofweek_cos_futcov_lag4,0.0,6.767360210418701,0.0,0.0,0.0,0.0,4.087890148162842,0.0,0.00016937881346144046,0.0,0.0,0.0,0.0,0.00010354945020767392,1.5507500512259347,3.898975195273063e-05,activity_1_lightgbm_poisson
darts_enc_fc_cyc_week_cos_futcov_lag5,3.8442599773406982,10.876220226287842,0.0,0.0,0.0,0.0,0.0,0.00012564005075597074,0.0001415667172420143,0.0,0.0,0.0,0.0,0.0,2.1029257433755055,3.817239542828358e-05,activity_1_lightgbm_poisson
rolling_rsum7_7_acled_other_rus_shelling_artillery_missile_attack_pastcov_lag-7,0.0,0.0,0.0,3.5007200241088867,0.0,0.0,5.396629810333252,0.0,0.0,0.0,0.00014199794811413645,0.0,0.0,9.769042920662052e-05,1.271049976348877,3.424119676010814e-05,activity_1_lightgbm_poisson
darts_enc_fc_cyc_month_sin_futcov_lag1,0.0,0.0,0.0,0.0,1.3652600049972534,5.448629856109619,0.0,0.0,0.0,0.0,0.0,3.333282042607966e-05,0.0001908572284574195,0.0,0.9734128373009818,3.2027149840499875e-05,activity_1_lightgbm_poisson
darts_enc_fc_cyc_week_sin_futcov_lag2,0.0,2.755500078201294,0.0,0.0,7.775059938430786,0.0,0.0,0.0,4.104955749892891e-05,0.0,0.0,0.00016788832939287345,0.0,0.0,1.5043657166617257,2.9848269555971768e-05,activity_1_lightgbm_poisson
darts_enc_fc_cyc_month_cos_futcov_lag0,0.0,0.0,0.0,4.386099815368652,0.0,3.168260097503662,0.0,0.0,0.0,0.0,6.91688000303392e-05,0.0,0.0001382120089992389,0.0,1.0791942732674735,2.96258298613683e-05,activity_1_lightgbm_poisson
darts_enc_fc_cyc_week_sin_futcov_lag6,0.0,0.0,0.0,0.0,0.0,14.274630308151245,0.0,0.0,0.0,0.0,0.0,0.0,0.0001891822142291,0.0,2.0392329011644637,2.702603060415714e-05,activity_1_lightgbm_poisson
darts_enc_fc_cyc_week_cos_futcov_lag3,0.0,0.0,0.0,6.495739936828613,0.0,2.6117799282073975,0.0,0.0,0.0,0.0,0.00013095297723957343,0.0,5.05555545893932e-05,0.0,1.3010742664337158,2.592979026128095e-05,activity_1_lightgbm_poisson
darts_enc_fc_cyc_month_sin_futcov_lag2,0.0,0.0,0.0,0.0,5.606389999389648,0.0,0.0,0.0,0.0,0.0,0.0,0.00016408438222221823,0.0,0.0,0.8009128570556641,2.344062603174546e-05,activity_1_lightgbm_poisson
ewm_ewma14_acled_other_ua_armed_clash_pastcov_lag-14,0.0,0.0,0.0,2.4060099124908447,0.0,0.0,0.0,0.0,0.0,0.0,0.0001579316396999042,0.0,0.0,0.0,0.3437157017844064,2.2561662814272028e-05,activity_1_lightgbm_poisson
ewm_ewma14_acled_other_ua_armed_clash_pastcov_lag-7,0.0,0.0,0.0,0.0,2.4626901149749756,0.0,0.0,0.0,0.0,0.0,0.0,0.00010976153179036441,0.0,0.0,0.3518128735678537,1.5680218827194916e-05,activity_1_lightgbm_poisson
ewm_ewma14_acled_other_rus_disrupted_weapons_use_pastcov_lag-14,0.0,0.0,2.4716598987579346,0.0,0.0,0.0,0.0,0.0,0.0,6.882745352623231e-05,0.0,0.0,0.0,0.0,0.3530942712511335,9.83249336089033e-06,activity_1_lightgbm_poisson
darts_enc_fc_cyc_month_sin_futcov_lag0,0.0,0.0,0.0,0.0,0.0,3.6847898960113525,0.0,0.0,0.0,0.0,0.0,0.0,6.193069592523859e-05,0.0,0.5263985565730503,8.847242275034084e-06,activity_1_lightgbm_poisson
darts_enc_fc_cyc_week_cos_futcov_lag6,0.0,0.0,2.337019920349121,0.0,0.0,0.0,0.0,0.0,0.0,6.436494663719649e-06,0.0,0.0,0.0,0.0,0.333859988621303,9.194992376742356e-07,activity_1_lightgbm_poisson
rolling_rmean28_28_dist_x_clash_pastcov_lag-1,0.0,0.0,0.0,0.0,0.0,0.0,0.0,0.0,0.0,0.0,0.0,0.0,0.0,0.0,0.0,0.0,activity_1_lightgbm_poisson
ewm_ewma14_acled_other_rus_disrupted_weapons_use_pastcov_lag-1,0.0,0.0,0.0,0.0,0.0,0.0,0.0,0.0,0.0,0.0,0.0,0.0,0.0,0.0,0.0,0.0,activity_1_lightgbm_poisson
darts_enc_fc_cyc_dayofweek_cos_futcov_lag6,0.0,0.0,0.0,0.0,0.0,0.0,0.0,0.0,0.0,0.0,0.0,0.0,0.0,0.0,0.0,0.0,activity_1_lightgbm_poisson
darts_enc_fc_cyc_dayofweek_cos_futcov_lag5,0.0,0.0,0.0,0.0,0.0,0.0,0.0,0.0,0.0,0.0,0.0,0.0,0.0,0.0,0.0,0.0,activity_1_lightgbm_poisson
act_drone_strike_on_ua_target_lag-6,0.0,0.0,0.0,0.0,0.0,0.0,0.0,0.0,0.0,0.0,0.0,0.0,0.0,0.0,0.0,0.0,activity_1_lightgbm_poisson
act_drone_strike_on_ua_target_lag-5,0.0,0.0,0.0,0.0,0.0,0.0,0.0,0.0,0.0,0.0,0.0,0.0,0.0,0.0,0.0,0.0,activity_1_lightgbm_poisson
act_drone_strike_on_ua_target_lag-4,0.0,0.0,0.0,0.0,0.0,0.0,0.0,0.0,0.0,0.0,0.0,0.0,0.0,0.0,0.0,0.0,activity_1_lightgbm_poisson
act_drone_strike_on_ua_target_lag-7,0.0,0.0,0.0,0.0,0.0,0.0,0.0,0.0,0.0,0.0,0.0,0.0,0.0,0.0,0.0,0.0,activity_1_lightgbm_poisson
act_drone_strike_on_ua_target_lag-3,0.0,0.0,0.0,0.0,0.0,0.0,0.0,0.0,0.0,0.0,0.0,0.0,0.0,0.0,0.0,0.0,activity_1_lightgbm_poisson
act_drone_strike_on_ua_target_lag-2,0.0,0.0,0.0,0.0,0.0,0.0,0.0,0.0,0.0,0.0,0.0,0.0,0.0,0.0,0.0,0.0,activity_1_lightgbm_poisson
darts_enc_fc_cyc_dayofweek_sin_futcov_lag5,0.0,0.0,0.0,0.0,0.0,0.0,0.0,0.0,0.0,0.0,0.0,0.0,0.0,0.0,0.0,0.0,activity_1_lightgbm_poisson
rolling_rmean28_28_dist_x_clash_pastcov_lag-7,0.0,0.0,0.0,0.0,0.0,0.0,0.0,0.0,0.0,0.0,0.0,0.0,0.0,0.0,0.0,0.0,activity_1_lightgbm_poisson
rolling_rmean28_28_dist_x_clash_pastcov_lag-14,0.0,0.0,0.0,0.0,0.0,0.0,0.0,0.0,0.0,0.0,0.0,0.0,0.0,0.0,0.0,0.0,activity_1_lightgbm_poisson
ewm_ewma14_acled_other_rus_disrupted_weapons_use_pastcov_lag-7,0.0,0.0,0.0,0.0,0.0,0.0,0.0,0.0,0.0,0.0,0.0,0.0,0.0,0.0,0.0,0.0,activity_1_lightgbm_poisson
Activity_Level_statcov_target_act_drone_strike_on_ua,0.0,0.0,0.0,0.0,0.0,0.0,0.0,0.0,0.0,0.0,0.0,0.0,0.0,0.0,0.0,0.0,activity_1_lightgbm_poisson
ewm_expdecay7_acled_other_ua_disrupted_weapons_use_pastcov_lag-1,2.030653752122987,1.3086984573570746,0.7693845221975941,1.6543062903386403,2.3015640960025467,2.369539453994268,2.5101771204674037,0.0036606497774889224,0.0027972697792492786,0.0013666996962091948,0.0036655653597389426,0.003641129791069275,0.00259039515883317,0.002367774224048369,1.8491890989257878,0.002869926255233879,activity_1_catboost_tweedie
ewm_ewma14_acled_other_ua_disrupted_weapons_use_pastcov_lag-1,1.7268426321250037,1.7032051773501207,1.6128016622036303,0.8991815701675054,0.996662460391624,1.1282764313620612,1.0982032892720723,0.004049604954106334,0.002955025006486811,0.0028347406124823228,0.0014086085919626568,0.001330287678567954,0.0013464783057025142,0.0020007824748250248,1.3093104604102883,0.0022750753748762313,activity_1_catboost_tweedie
ewm_expdecay7_com_aid_humanitarian_pastcov_lag-7,0.45140104615747106,0.4492697915720534,0.36800982929943443,0.5450784027987696,0.33420911690712907,1.919174119057044,0.16038410331492378,0.00458650840814232,0.0009366520906577191,0.0014288695882121339,0.0028880789633038305,0.0009192404507873508,0.0011344005403767677,0.00043186058390896063,0.6039323441581178,0.001760801517912726,activity_1_catboost_tweedie
ewm_expdecay7_com_aid_humanitarian_pastcov_lag-1,0.1839640445630056,0.14830675267707671,1.2750105457399972,0.15888646195845746,0.0880755689276604,0.843190626195612,0.5212007870563302,0.00023618693375220267,0.00015654486349856445,0.000993692817474634,0.0002003237757877363,0.00010765348605259461,0.005095802608706701,0.00480486150790096,0.4598049695883057,0.0016564379990247704,activity_1_catboost_tweedie
rolling_rmean28_28_dist_x_clash_pastcov_lag-14,0.07857555453272233,0.08948020437807222,0.08670341335755515,0.09061641172410885,0.1135649706716648,0.11095117789900832,0.13033720697189047,0.0007101138694490139,0.0008606808687369627,0.001058809582011766,0.0012810937227134777,0.0016550804875838266,0.0019061240413758896,0.0030602487744833652,0.10003270564786029,0.0015045930494791862,activity_1_catboost_tweedie
ewm_expdecay7_acled_other_ua_disrupted_weapons_use_pastcov_lag-14,1.2626428599678559,1.5773832203731157,1.7243309667050806,1.1507027466415107,1.3451124947678517,1.2538348507503374,1.7953933118425383,0.00150488397962405,0.0010170065828188912,0.001338542050825664,0.0022944359267899504,0.0010134490201734625,0.0008919324650136007,0.002198781320228882,1.44420006443547,0.0014655759064963571,activity_1_catboost_tweedie
ewm_expdecay7_acled_other_ua_disrupted_weapons_use_pastcov_lag-7,1.398023558575742,1.5108368439155777,0.5188197325730193,0.4626549159423695,0.4245674458643432,0.7691478544439487,0.3621847726331786,0.002289905071576537,0.0029697459756431455,0.0008039023863256389,0.0006725289563071169,0.0006946350452174732,0.0007094377003688645,0.0018239483671431023,0.7780335891354542,0.0014234433575116968,activity_1_catboost_tweedie
ewm_ewma14_acled_other_ua_disrupted_weapons_use_pastcov_lag-7,0.7413811615006995,1.243859997033293,0.43108956975935603,0.531126047874447,1.1107866181840438,0.588216063121624,0.6644889119975739,0.0022118533875559176,0.0026076532033526114,0.001578608846925622,0.0007088709231813928,0.001529745698681717,0.0005473220769039111,0.000572462105617566,0.7587069099244339,0.0013937880346026768,activity_1_catboost_tweedie
env_weather_soil_moisture_0_to_100cm_mean_futcov_lag6,2.355165167714456,1.0336649327914311,0.4351281008895867,0.19351899064798342,0.3468025286728266,0.3529614222543361,0.4151568506934071,0.004812441530733835,0.0016596967625694293,0.000819968119353276,0.00046427952653549376,0.0004658235293215407,0.0004437350339624224,0.0006470364213213564,0.7331997133805752,0.0013304258462567646,activity_1_catboost_tweedie
ewm_expdecay7_act_total_damage_events_pastcov_lag-7,1.0924572248582654,0.36035070435955086,4.592943193622748,1.7420937721055645,0.20495721819357374,0.2159416293934928,0.5969606234928275,0.0007207288918110067,0.0008834394840414594,0.0030515090339501504,0.0034178371257664875,0.00011676708034282778,0.00016740455999006976,0.0005092003289210112,1.2579577665751462,0.0012666980721175731,activity_1_catboost_tweedie
env_weather_soil_moisture_0_to_100cm_mean_futcov_lag-1,0.96859099236005,0.8825377428207798,1.0473713996008946,1.8683173183340325,1.2767060403521813,1.0617788675452575,0.5311983189520473,0.001087862438522702,0.0010049427816800406,0.0007712888459510125,0.0023039456814315296,0.0013148833299092334,0.0012127240139734098,0.0005914104004000719,1.0909286685664632,0.0011838653559811427,activity_1_catboost_tweedie
env_weather_soil_moisture_0_to_100cm_mean_futcov_lag-2,0.3731598443207077,0.449940030755967,1.9535507473594511,1.5070383208861997,1.0946748779140119,0.531686671129796,0.6629305360426545,0.0006814736892782669,0.0006145499000258292,0.001983997254423664,0.0017692417240905644,0.0012817039026994826,0.0005569234391753052,0.0006298251341338324,0.938997289772684,0.0010739592919752777,activity_1_catboost_tweedie
env_weather_wind_gusts_10m_mean_futcov_lag-2,0.31036503342246063,0.28122832021259647,0.2581279916938111,0.2846793221870102,0.24545222786198098,1.0529074503641072,0.3160412229549474,0.0005834542345183769,0.00035574367734207967,0.0002577094740049635,0.0004614012063850037,0.0003605764403432188,0.004720058215517664,0.0005014948416375952,0.3926859383852734,0.0010343482985355574,activity_1_catboost_tweedie
env_weather_wind_gusts_10m_max_futcov_lag-1,0.5180149185659922,0.2021764719609127,0.34290414297312827,2.9866009231960198,0.38705648560674855,0.18911131569287185,0.09867992741195773,0.001987091975163291,0.0003067575023645075,0.0007584430547105337,0.003160849502740093,0.0003553920024247148,0.00029740527956432226,0.00014163382900511667,0.6749348836296615,0.0010010818779960825,activity_1_catboost_tweedie
env_weather_wind_speed_10m_mean_futcov_lag5,0.3799368986954531,0.8159335319246823,0.5617883005998211,0.682931617522504,0.2625952123744683,0.14089666360876937,0.41822527588788205,0.0002256093449998442,0.00048347642308634866,0.001518722207818901,0.0036707098135954743,0.0003922535685488393,0.00018036352329315887,0.0005350480997306395,0.46604392865908284,0.0010008832830104579,activity_1_catboost_tweedie
ewm_ewma14_act_drone_infra_ua_residential_intent_pastcov_lag-14,1.3262881555815025,1.1290815812869017,1.2865283869257012,1.086228016403353,0.7038889331715414,1.449635311521026,1.4084901097204066,0.001283684834821841,0.0011346599529118207,0.0010502800063713958,0.0009440194667263313,0.000588312271861513,0.0011184954982474515,0.0008650009344786991,1.1985914992300617,0.0009977789950598645,activity_1_catboost_tweedie
env_weather_wind_gusts_10m_max_futcov_lag-2,0.16142611208965071,0.18974629173542668,2.1660225660092842,0.9416298158032308,0.35974442671796236,0.26884761609487623,0.3475603189034643,0.00022899963136311375,0.0006682002393468389,0.002891435525625874,0.0011653834748770464,0.000409889609201608,0.0004128931207778352,0.0006777093941000789,0.6335681639076993,0.0009220729993274849,activity_1_catboost_tweedie
env_weather_soil_moisture_0_to_100cm_mean_futcov_lag5,1.0249595610762021,1.1508401423386716,0.3771215235740439,0.8001495755246003,0.8514111960548508,0.5027745534529209,0.45024499957548136,0.0016804132499082414,0.0012069597834432066,0.0004073838481490455,0.0013150724628355093,0.0008201369795158397,0.00047720335286407514,0.0004794182977502226,0.7367859359423959,0.0009123697106380201,activity_1_catboost_tweedie
ewm_ewma14_act_drone_infra_ua_residential_intent_pastcov_lag-1,1.60946280081405,1.485734425123649,0.9630985220225387,1.0798547931080615,1.2573721305594572,1.326863960079618,1.099877628786083,0.0010624554025607802,0.0009390237545515489,0.0006776427403609065,0.0007884363956468521,0.0010888665005332587,0.0010833638889687248,0.0004619479886495581,1.2603234657847795,0.0008716766673245185,activity_1_catboost_tweedie
env_weather_pressure_msl_min_futcov_lag5,0.5900764705687404,0.7090975330981243,0.14348464873863617,0.5276161175652618,0.3876648700968178,0.19630409126407333,0.1540093158397996,0.0005051458165220346,0.00048333749852906837,0.0003094151827224056,0.004154986802529037,0.0002341009229173352,0.00015447668440100594,0.0001832881669209696,0.3868932924530647,0.000860678724934551,activity_1_catboost_tweedie
rolling_rsum7_7_com_diplo_bluesecondary_ua_pastcov_lag-14,0.3232006907930957,0.43415538362283246,0.4258302251206784,0.4626319100721238,0.2900782886755728,0.48226474174827416,0.5550841350849794,0.0004508531786942882,0.0019571889324707437,0.0019078055679479177,0.00024117619396959444,0.00026293990250614296,0.0004257424956916944,0.0004264134632789629,0.42474933930250813,0.0008103028192227634,activity_1_catboost_tweedie
env_weather_soil_moisture_0_to_100cm_mean_futcov_lag2,0.400991694234746,0.8767993062762659,0.20854536117066846,0.45115923822404186,0.6242401655792508,0.6734997513540002,1.0875887736939667,0.000845825659862931,0.0014387165137995871,0.000311241923650285,0.0006355413706112589,0.0005123448144146003,0.0006053097589890921,0.0011742289120663552,0.6175463272189914,0.0007890298504848728,activity_1_catboost_tweedie
ewm_ewma14_acled_other_ua_disrupted_weapons_use_pastcov_lag-14,1.1976084528340476,1.2418695104188389,1.1612607948381506,0.727943104537401,0.5377845832145288,0.6850921872893316,0.8822313867779726,0.0009289320813966828,0.0011198430630096734,0.0011544797626798387,0.0011756084055990711,0.00039736174821849437,0.00032991313483305974,0.0004129437602676367,0.9191128599871814,0.0007884402794292083,activity_1_catboost_tweedie
env_weather_wind_gusts_10m_max_futcov_lag0,0.3956764976430486,0.3370685732941163,0.144662941071551,0.17454001931440552,2.146637461919845,0.5137592474121978,0.2101680407830282,0.0005436972092455417,0.00035875254179880135,0.00013399138953060775,0.0007631043975277807,0.002738003305443204,0.0005652838219442735,0.00037814615944233856,0.5603589687768846,0.0007829969749903639,activity_1_catboost_tweedie
env_weather_soil_moisture_0_to_100cm_mean_futcov_lag0,0.42240560907640795,0.38719569362148804,0.6631211859001629,0.3919733073298445,1.2432746486634103,0.8487821514790713,0.6672871537633338,0.0007812273959225902,0.0005218512592379598,0.0005540255074932166,0.0004008796982690299,0.001246412455075574,0.000951935804666304,0.0010188137442576073,0.6605771071191028,0.0007821636949888975,activity_1_catboost_tweedie
env_weather_soil_moisture_0_to_100cm_mean_futcov_lag4,0.4315084530196544,0.6932761805631976,0.866955053770562,0.6544379635658787,0.6663793300448859,0.7293784542616593,0.6597593256960136,0.000576346251504467,0.0007676192125993353,0.0010581709060920597,0.0008284954783211341,0.0007476712234706362,0.0006363008399655979,0.0008501653375217356,0.6716706801316931,0.0007806813213535665,activity_1_catboost_tweedie
ewm_expdecay7_act_total_daily_strike_events_pastcov_lag-7,0.7622953295315718,1.9337405177858396,0.5155613746354697,0.38003214101234833,0.8104921945880373,0.6395585946827675,0.3520840585229915,0.0009199423677217489,0.0021767407665518545,0.0005329928788249782,0.0004958885689990034,0.00047243072132645557,0.0004259245780100063,0.00037059081344905655,0.7705377443941466,0.0007706443849833005,activity_1_catboost_tweedie
env_weather_wind_speed_10m_mean_futcov_lag-1,0.38234142312173874,0.37073524613617515,0.19854959090971963,0.1254046148416417,0.6311747922632417,0.13263314717238636,0.6906602567018101,0.0008887205781241026,0.000499957824411168,0.0003723855931537123,0.00011720743564738178,0.0005457353787688745,0.0002702493534489481,0.0026374300025603812,0.36164272444953044,0.0007616694523020813,activity_1_catboost_tweedie
ewm_ewma14_com_diplo_bluesecondary_ua_pastcov_lag-7,0.16993788136851068,0.34801875947568334,0.7655499934065816,0.2100223084233357,0.324730403884682,0.23070117811932467,0.7509125251685643,0.00040701580719346706,0.0005796247351997685,0.0023741616002092457,0.0005196056986330078,0.00028107471821501304,0.00039140200981324647,0.0007075278622865611,0.3999818642638117,0.0007514874902214728,activity_1_catboost_tweedie
env_weather_soil_moisture_0_to_100cm_mean_futcov_lag3,0.37777250034629384,0.6044088043076932,0.6541042268747553,1.0592655202537322,0.7958286084563267,0.8721396574163581,0.720196907962873,0.0004133587778588632,0.0006933774601564525,0.0008537416970547884,0.0009947481852771833,0.0007941564987115291,0.0004879540705477137,0.0008851645257741847,0.7262451750882902,0.0007317858879115306,activity_1_catboost_tweedie
ewm_ewma14_act_drone_infra_ua_residential_intent_pastcov_lag-7,0.5249654699132635,0.745174796271236,1.21624409721534,0.9829122684906337,1.1334413178204872,1.4004900052730973,1.6537917619426286,0.00036395892078036065,0.0006860969525043448,0.0009450432387834828,0.0006036073718490131,0.0007845820343394871,0.0007431423133048565,0.0009470592839734948,1.093859959560955,0.0007247843022192915,activity_1_catboost_tweedie
ewm_expdecay7_act_total_damage_events_pastcov_lag-14,0.36388464606463117,0.1971367745023449,0.34184666340737685,0.3199792174938215,0.7144898924855058,0.6153774102723973,1.0952364659826062,0.00011791773102334257,0.0002825785988130436,0.0004253976587397901,0.002819232580906217,0.0005457307890276653,0.0003162613737849318,0.00047536813635482564,0.5211358671726691,0.0007117838383785451,activity_1_catboost_tweedie
env_weather_wind_direction_10m_dominant_futcov_lag-2,0.11357427071233753,0.5384039469888,0.7634962945278165,0.29938508005019127,0.15516295662059953,0.36665830661766147,0.6029469177032726,0.00028610984424470853,0.000858386097140218,0.000495216002507215,0.00039083357778399994,0.00018380615593458494,0.0019061270001212494,0.0007969031331630294,0.405661110460097,0.0007024831158421436,activity_1_catboost_tweedie
env_weather_soil_moisture_0_to_100cm_mean_futcov_lag1,0.3503771430893487,0.4892955190577761,0.4228941088883383,0.7009887307642649,0.4307885179231982,1.061344023360337,0.7209117474125989,0.0004716490132625095,0.0008101031996911922,0.0007989573833329545,0.0002704344751006671,0.00031572670598996045,0.0012407263440269655,0.0010028059915274667,0.5966571129279803,0.0007014861589902452,activity_1_catboost_tweedie
env_weather_cloud_cover_mean_futcov_lag0,0.21066946499345313,0.18958450006138725,0.3191904609440856,0.18568487484033383,0.17080312901292213,0.3393791677160577,1.318305471203777,0.0004048981365397886,0.0005807510341553357,0.00040703234257088994,0.0001296006244589698,0.0002472216237735525,0.00034441115164431937,0.002752124968666303,0.39051672411028804,0.0006951485545441655,activity_1_catboost_tweedie
ewm_expdecay7_fin_usd_rub_rate_pastcov_lag-1,2.521298255717562,0.36421551738456936,1.260241107645087,0.16560851671379356,0.17815795953126068,0.23772128894414235,2.1405792773503913,0.0018334181918387316,0.00031063872029266635,0.0007974781823129051,0.00017743709355162452,0.00011999645245681645,0.0004252520378432934,0.0011370778525537696,0.9811174176124008,0.000685899790121401,activity_1_catboost_tweedie
ewm_ewma14_act_drone_strike_on_rus_in_rus_nofpv_pastcov_lag-14,1.8966412438338458,3.3813513193403955,1.8871941580633589,1.8062997468163429,0.961210808548018,1.6989070480511956,1.2179817411641154,0.0006753404308366795,0.0011539376468976848,0.001023589395706348,0.0007391939625694066,0.00012033825140620458,0.0005120290183741272,0.0004355778257040921,1.83565515225961,0.0006657152187849347,activity_1_catboost_tweedie
env_weather_wind_speed_10m_mean_futcov_lag-2,0.3921422524987339,0.28148303119586143,0.18855818566109614,0.1910307300129721,0.19996777988627498,0.5550234154696935,0.14878487454608144,0.000459608182376936,0.0002522311059026672,0.00025538578313129,0.0002392323102177407,0.0006613680053230375,0.0026586824569428957,0.00012569208832142743,0.2795700384672447,0.0006645999903165707,activity_1_catboost_tweedie
ewm_ewma14_act_drone_infra_ua_health_intent_pastcov_lag-14,0.4257333124123034,0.5076373307807035,0.4065759756448482,0.22249832998408586,0.6919416726550656,0.45358242012327094,0.5472730143849487,0.0006714135546454392,0.0008710654967560849,0.0007370795306255396,0.0004906273845603382,0.000772822211496349,0.0004060005642162245,0.0006949775524893286,0.46503457942646087,0.0006634266135413291,activity_1_catboost_tweedie
ewm_expdecay7_act_total_daily_strike_events_pastcov_lag-14,0.8941840796370215,0.28742093493441356,0.6258436690011018,3.3737510604467413,0.5675606014039262,0.6043324748798377,1.610274612211649,0.0006132134505873133,0.0001944451174449524,0.00032288742888573194,0.0020194303102366363,0.00027776466474460637,0.0004582989860176578,0.0007382689332751102,1.13762391893067,0.0006606155558845726,activity_1_catboost_tweedie
ewm_ewma14_act_total_daily_strike_events_pastcov_lag-1,0.6323021988161278,0.765461139499949,0.6966885166248254,1.2191068279237816,0.8258366706223901,0.9810666784268148,0.8919728163649607,0.000692429881002088,0.0005574316519809441,0.0007211420813785674,0.0008457048197135775,0.00048734980029172534,0.0005723601646656862,0.000633612547301543,0.8589192640398355,0.0006442901351905902,activity_1_catboost_tweedie
env_weather_wind_gusts_10m_mean_futcov_lag0,0.0040767801882601405,0.1430647944010652,0.09816882516304262,0.1952242532382814,0.2895100274268024,0.48390161916388735,2.0498783531769567,2.943990378900807e-06,0.0001461558203072144,0.00014783449470323617,0.00022970923840714974,0.00025968275109251594,0.00045060902321474304,0.003087879508968183,0.4662606646797566,0.0006178306895817063,activity_1_catboost_tweedie
env_weather_pressure_msl_min_futcov_lag2,0.4352651408032479,0.4680879954956635,0.21916851895115946,0.1578777673982976,0.147204353785295,0.13314872913069078,0.26530378451358005,0.0026841117234385425,0.0004111268052165995,0.0004070201512859972,0.00023213548230420765,0.00026598926012870726,0.00010719054818240093,0.00019915576214053489,0.26086518429684774,0.0006152471046709985,activity_1_catboost_tweedie
env_weather_cloud_cover_mean_futcov_lag-1,0.32256313438622136,0.4774821597069164,0.38740365298088525,0.16872426151594735,0.183049487752057,0.987721391374577,0.3452258331087458,0.0007369529649775552,0.000714672786995485,0.0005277211441910845,0.0002996151135656211,0.00014435206783325327,0.001374879937746809,0.0005082682292768314,0.4103099886893357,0.0006152088920838055,activity_1_catboost_tweedie
ewm_expdecay7_total_ru_area_km2_pastcov_lag-1,3.8668679973797455,0.550417304223725,0.37398626699636234,0.19791552008017968,0.3310751326906575,0.7147233297745778,0.44171988487185226,0.0020835491633274692,0.0005600086864033127,0.00029710613122344574,0.0003767167966216789,0.00014515667450449855,0.000509010386804376,0.00022897225609712634,0.9252436337167287,0.0006000742992831296,activity_1_catboost_tweedie
rolling_rmean28_28_act_total_daily_strike_events_pastcov_lag-14,0.12137238420320583,0.2504455989552614,0.7088500337851216,0.6068756888878437,0.33680927233409014,0.6137319976581455,0.3898547485390639,0.00010404829589414356,0.00010724324045949807,0.0022823122324996613,0.0002912798932950933,5.4509787183754097e-05,0.0008425514389766908,0.0005143217167693059,0.43256281776610456,0.0005994666578683068,activity_1_catboost_tweedie
ewm_ewma14_fin_usd_rub_rate_pastcov_lag-14,2.031307279948794,2.660807158563684,0.30840028006116443,0.25430363606003953,0.5502840247574905,0.16134799871237562,0.16970107979092205,0.0010882696531854474,0.0011157359183872283,0.000269965334361677,0.0006885869981430482,0.0007846366525769754,9.98740577780044e-05,7.918966834472574e-05,0.8765930654134958,0.0005894654689681579,activity_1_catboost_tweedie
ewm_expdecay7_act_total_daily_strike_events_pastcov_lag-1,0.56336663147624,0.19120548246459146,1.5190821595892259,0.36979047030727175,0.7269907405254908,0.05978763212295548,0.43622887256949094,0.000531553495967585,7.400135135628982e-05,0.0023219125075370608,0.00039630284445506535,0.00025150095222150617,0.00019841204470958385,0.000340914268497583,0.5523502841507524,0.0005877996378206677,activity_1_catboost_tweedie
env_weather_pressure_msl_min_futcov_lag6,0.23696699169243926,0.1400887469129556,0.5638152873793466,0.3596580322326134,0.38961229252800383,0.2026254052936039,0.12742215312387095,0.00019549406951615555,0.00010654133667395982,0.0005098568093597544,0.0003448814952139001,0.002457020210475247,0.0003534087955870957,0.0001393031429464564,0.2885984155946905,0.0005866436942532241,activity_1_catboost_tweedie
env_weather_wind_speed_10m_max_futcov_lag-2,0.36470987833296264,0.29324243142919815,0.3442820262660259,1.150885626039224,0.40034285838762296,0.3716799018697142,0.14214574595145854,0.00033559795915443224,0.0005997741487158593,0.0006930033457553719,0.0011199551216726888,0.000832250970667836,0.00032261911314197534,0.00017219502698697652,0.43818406689660094,0.0005821993837278772,activity_1_catboost_tweedie
ewm_ewma14_com_diplo_bluesecondary_ua_pastcov_lag-14,0.359160868864669,0.47567252075490435,0.1812510272758656,0.11388927863771696,0.46774109104726697,0.2015352910725914,0.10177950989437123,0.0005500867915743335,0.0014253688398311315,0.0007351008594190134,0.0007251040214296233,0.0003379313449126453,0.0001931692452776579,5.748659715461013e-05,0.27157565536391226,0.0005748925285141451,activity_1_catboost_tweedie
env_weather_cloud_cover_mean_futcov_lag3,0.17692368865732155,0.26454318352216116,0.37479760493279624,1.473913825545816,0.3784189738905558,1.0010119178194201,0.06605418347628006,0.00015842534051260237,0.0002748780462584977,0.00044767839861836745,0.0011312991880317203,0.0008867233401628427,0.001083137010708768,3.152495828335766e-05,0.5336661968349073,0.0005733808975108794,activity_1_catboost_tweedie
region_statcov_target_act_drone_strike_on_ua,0.7364374917904455,0.3026728810628248,0.12985849045044157,0.5562230804665608,0.1352717844676381,0.30787170643960715,0.09648368730653158,0.0013854185051287216,0.0005060128628972427,0.0002702644007989141,0.0007722046748720235,0.000204791117603631,0.0004757207663554475,0.00037601518776886333,0.32354558885486423,0.0005700610736321207,activity_1_catboost_tweedie
env_weather_wind_gusts_10m_max_futcov_lag4,0.30298832898428485,0.16936775167714788,0.12396063255011046,0.44631469668419815,0.2274288804307509,0.23367066787516805,1.048156896720716,0.0006684390837525811,0.000556480675443538,0.0001465802228933555,0.0009120995414801936,0.0005026644891760856,0.00021882898967262587,0.0009800738279939659,0.3645554078460537,0.0005693095472017637,activity_1_catboost_tweedie
env_weather_wind_speed_10m_max_futcov_lag4,0.4485866586774789,0.4339690929625804,0.3542286663408041,0.3992734540116204,0.1830460015751634,0.21521089404613486,0.5354199847635775,0.00043104244745784115,0.0016464601768087172,0.0004179557498664721,0.00043100671235387635,0.00033786091691603295,0.0001983044269331602,0.000509045612647152,0.3671049646253371,0.0005673822918547503,activity_1_catboost_tweedie
ewm_ewma14_act_total_damage_events_pastcov_lag-1,0.5663438127112493,0.5759833056661354,1.2735410884233047,1.45577320519677,1.3081156460856307,0.22723223054907882,0.7963069189475952,0.0005679473014181147,0.0002558591660760001,0.0008716663870826924,0.0010598776136110156,0.00045962428266410615,0.00023300132065602331,0.0004304979830769273,0.8861851725113947,0.0005540677220835543,activity_1_catboost_tweedie
env_weather_pressure_msl_min_futcov_lag3,0.23896109991144987,0.5187002840374956,0.4225876570207779,0.33393045948621614,0.19881668697658603,0.2589334985778273,0.1528340032022243,0.0003338644751660569,0.0023337926992876177,0.0004024790774768139,0.0002283356163913064,0.00022711689284655724,0.0001952023515622514,0.00015579223120507635,0.303537669887511,0.00055379762056224,activity_1_catboost_tweedie
env_weather_pressure_msl_max_futcov_lag6,0.6662374587132079,0.5672786942989194,0.3533748685518376,0.6519604078546393,1.3555583489416638,0.6452754182845096,0.22704313737545095,0.0004173009497615565,0.0003275775583442719,0.0003745082650271181,0.0006400723638366745,0.0011767660950624537,0.0006762791972846572,0.00023454112833209972,0.6381040477171754,0.000549577936806976,activity_1_catboost_tweedie
env_weather_wind_direction_10m_dominant_futcov_lag5,0.5622052516907029,0.44013403880134677,0.5886544070386137,0.26810282643223887,0.30666337934552457,0.28098737894271536,0.3857712346631784,0.0003056554298290104,0.0003675876934596811,0.0019190088539431382,0.00027739902082031255,0.00026666401088493163,0.0003347119659229847,0.00033762009597029243,0.4046455024163315,0.0005440924386900501,activity_1_catboost_tweedie
env_weather_pressure_msl_min_futcov_lag4,0.6326398710429353,0.39645910267633827,0.2843158998309829,0.18892612917663196,0.30144996869396656,0.0860328073361859,0.2596038750959679,0.0003611511443079252,0.0002533302449027275,0.002223460231770602,0.00025114807338357805,0.00030221920965600724,0.00011209423211808734,0.00022062184893574256,0.3070610934075727,0.0005320035692963814,activity_1_catboost_tweedie
env_weather_wind_gusts_10m_mean_futcov_lag4,0.08525000223435704,0.4652430577193474,0.40643121129249954,0.3773316756471959,0.3545445736625461,0.3499818884231663,0.6272289653251655,0.0001941835876013265,0.0011084105558464064,0.0006236490758324331,0.00049906974115832,0.00033861348224166753,0.0003314695031704229,0.0005941572636387838,0.3808587677577539,0.0005270790299270514,activity_1_catboost_tweedie
ewm_ewma14_fin_usd_rub_rate_pastcov_lag-7,2.279247325131345,1.391888798161758,0.20381583599843778,0.357586129040664,0.771864499062682,0.44177908659525933,0.8185112752686333,0.0013941549991770997,0.0007890298016068442,0.00015066385626825163,0.0002630620436931741,0.00029961280612764705,0.00020197480557162528,0.0005352241008055536,0.8949561356083972,0.000519103201892885,activity_1_catboost_tweedie
env_weather_wind_speed_10m_max_futcov_lag0,0.3313818933633075,0.3397665580736131,0.20631451015668015,0.2247748099106096,0.9544663021703423,0.5387772491981278,0.46898072063541585,0.0005619402375478755,0.00024587124887127666,0.00026490749690035733,0.00017551437604534925,0.0006941178903737688,0.0005593242355419692,0.0010671685423275568,0.437780291929728,0.000509834861086879,activity_1_catboost_tweedie
env_weather_wind_gusts_10m_mean_futcov_lag5,0.3449514354261037,0.2317930843467758,0.31555273425504954,0.38687269852374434,0.1373068747871857,0.3155082705333266,0.5443703541837104,0.00013386414435019313,0.00022152223029772155,0.0015881630350383924,0.0005281684609043768,0.00015108195910353838,0.00031946199043997314,0.0005945314147960623,0.3251936360079851,0.0005052561764186082,activity_1_catboost_tweedie
env_weather_cloud_cover_mean_futcov_lag-2,0.2081848723338993,0.2541873260329481,0.42524320146383215,0.2271289481084139,1.2761632962202993,0.09288140599313374,0.1401528547996207,0.000292634069480413,0.0002987864881758728,0.00037925734179731216,0.00036137926781514284,0.0017620364013753997,0.000205858330923947,0.00022442409810843333,0.37484884356459247,0.0005034822853823601,activity_1_catboost_tweedie
darts_enc_fc_cyc_day_sin_futcov_lag-2,0.3091439316270474,0.6197870025490394,0.6210117687360165,0.39769678159863375,0.08479294373024297,0.17422798757651578,0.24670274969479344,0.0007308775396703826,0.0008667669220919771,0.0007892182772968104,0.0006183934716247119,7.689254010390112e-05,0.00020532128896981748,0.00023159938535277647,0.3504804522160413,0.0005027242035871968,activity_1_catboost_tweedie
env_weather_wind_speed_10m_mean_futcov_lag6,0.2105574471692708,0.3155118366174002,0.5987111860646879,0.4938742775100891,0.43489500139783077,0.33670208474950303,0.2315547998119422,0.00022573501473304168,0.0002724593579607415,0.0007059247085121845,0.0012883988997390405,0.0005842451844342511,0.0002741097642566137,0.0001565692635214777,0.37454380476010346,0.00050106317045105,activity_1_catboost_tweedie
ewm_ewma14_acled_other_rus_shelling_artillery_missile_attack_pastcov_lag-14,1.6985253962969262,1.9408113735516532,1.1538825857252404,0.929862434786146,1.2665004603556216,0.14982967473347097,0.3600702769735505,0.0007019409223334439,0.0009317685982335622,0.0004700900734692759,0.0005079278143688803,0.0005333690553809056,0.00011290706331799072,0.0002340346390495851,1.071354600346087,0.0004988625951648063,activity_1_catboost_tweedie
ewm_ewma14_act_drone_strike_on_rus_in_rus_nofpv_pastcov_lag-1,0.7537540935495844,0.8988001126436479,1.2060017643939034,0.8370376063529698,0.7337520701668693,1.109677751545361,0.7768911203639003,0.0003213600574267339,0.0004770763349206675,0.0006889435186874238,0.0008867270991765209,0.00023269691025129546,0.00044391727740196175,0.0004363794272209898,0.9022735027166052,0.0004981572321550847,activity_1_catboost_tweedie
env_weather_wind_gusts_10m_max_futcov_lag5,0.2582967256135422,0.3054247350647576,0.13330803638947075,0.2803124785220301,0.3478690111597923,0.2288932419317499,0.2679471009486073,0.00018405393161737837,0.0006420635514181372,0.0004971177210357558,0.000470708557786792,0.00038530609603120157,0.0005062879536624099,0.0007873614889220226,0.26029304708999285,0.0004961284714962425,activity_1_catboost_tweedie
rolling_rmean28_28_fin_usd_rub_rate_pastcov_lag-14,0.5521683554943275,1.047426098021643,0.8432253756725572,1.3560140577683748,1.3317237978683385,1.0746356824592898,1.312378593474035,0.00022516847423106334,0.0004650353354896497,0.00048816111104676985,0.0004733273759137013,0.0004858694992319501,0.0005505085629140316,0.0006882158320503873,1.0739388515369381,0.00048232659869679336,activity_1_catboost_tweedie
env_weather_wind_gusts_10m_max_futcov_lag2,0.4086314369328489,0.2069126654764563,0.21438756345338605,0.1834087210524909,0.1063667022829867,0.18358308392528538,0.2721228213156772,0.0002909592013088824,0.0006788733500789901,0.0005220611998360658,0.0008476380552018715,7.441056155776948e-05,0.0006790302349008348,0.00024665760657152094,0.22505899920559022,0.00047709002992227635,activity_1_catboost_tweedie
ewm_expdecay7_fin_usd_rub_rate_pastcov_lag-14,0.527618235594222,1.6358617048685047,0.8086909521275429,0.16110577527536832,0.40637669020069844,0.3510078762940036,0.168370303553886,0.000362731903785396,0.0011932932246322193,0.0008066730447378711,0.00016090263195269738,0.0003339367161992346,0.0002681523447788603,0.0001933186184439606,0.579861648273461,0.00047414406921860553,activity_1_catboost_tweedie
env_weather_wind_gusts_10m_max_futcov_lag3,0.11357876699356764,0.18049826537993338,0.2589717015192046,0.18002438801801404,0.17833558169371458,1.2428982670548105,0.2913692938709622,0.0001672202255637023,0.00020030489333540126,0.0005345052970384234,0.00032888475295826946,0.00012147854999959851,0.0012572654383072202,0.0006925638316549243,0.34938232350431525,0.00047174614126536274,activity_1_catboost_tweedie
ewm_ewma14_act_total_damage_events_pastcov_lag-7,0.376919871822114,0.6828593472713285,0.6906439950508316,0.46020944527230334,0.7136280246232017,0.7115545150799919,1.0005802025145862,0.000479457119374449,0.0005287545138256799,0.0004992947268016579,0.00041202866392051616,0.00034425436024176914,0.0004615604168737741,0.0005646810481238385,0.6623422002334797,0.00047000440702309784,activity_1_catboost_tweedie
env_weather_cloud_cover_mean_futcov_lag2,0.23026328584064873,0.2839341181021583,1.4503830678320149,0.6069028186947975,0.6831241027579564,0.2063458020960119,0.11858421350970964,0.00034601503608084895,0.0002852952688245258,0.0008600894859799535,0.0008669512121644684,0.0004981605571043434,0.00018854389028355456,0.00020788482999289926,0.5113624869761854,0.0004647057543472277,activity_1_catboost_tweedie
env_weather_wind_gusts_10m_mean_futcov_lag-1,0.3746901787363182,0.33880780344866884,0.10813487825583995,0.364512386436996,0.380020542279504,0.3391800307805509,0.3335514338358085,0.0006041092569377016,0.00042696353536775256,0.0002546944128305473,0.0004091995102553092,0.000213380721002987,0.0004949587236891872,0.0008376702943502234,0.3198424648248123,0.0004629966363476726,activity_1_catboost_tweedie
env_weather_cloud_cover_mean_futcov_lag1,0.44932335553525127,0.28853415933514015,0.4540830344072153,0.47547141693054307,0.30295273334441536,0.25043260549988433,0.2547710432129888,0.00047477354821692244,0.0002907421140988964,0.0007654817126257818,0.0008979550552288051,0.00024977576689433345,0.00019961526570999588,0.0002974010760408596,0.35365262118077695,0.0004536777912593706,activity_1_catboost_tweedie
ewm_expdecay7_act_total_damage_events_pastcov_lag-1,0.5737475990938502,0.4463485506982345,0.3240338336697153,0.9457159600947848,2.4515700467407053,1.3063232794953012,1.38810904178364,0.0002581951766975843,0.00017030839430056676,0.0001484510474053957,0.0006395121703477224,0.0008541017742993873,0.0003115162593230192,0.0007446893555208334,1.0622640445108902,0.00044668202541350133,activity_1_catboost_tweedie
ewm_ewma14_act_total_daily_strike_events_pastcov_lag-14,0.6130250611869729,0.48775227792682285,0.30709428221059326,1.0333670649921107,0.7650643550129396,0.7579794923672585,1.1532265107951127,0.0006109308797012325,0.00032094757874863157,0.00021021511623458,0.0004914280913697721,0.0003100401588633561,0.00048576524310186555,0.0006732412190765702,0.7310727206416873,0.00044322404101371546,activity_1_catboost_tweedie
env_weather_wind_speed_10m_mean_futcov_lag4,0.6471803291141479,0.3532750985643358,0.27828904500139534,0.27471746280999415,0.16471431941095643,0.10893910055845432,0.29891435206655076,0.00045511649665981314,0.0012605496443878871,0.0004068484110617776,0.0003423945549920537,0.00021068568679629695,0.00014262557195479086,0.00021952080398897068,0.30371852964654783,0.0004339630242630843,activity_1_catboost_tweedie
env_weather_wind_speed_10m_max_futcov_lag3,0.25020946647475567,0.2897010240949433,0.27250670074681377,0.21423850741789396,0.11851635067127796,0.29241269718709545,0.24605820249668753,0.0012539920977829855,0.00031634286555251025,0.0002967214092607806,0.00021883308323222828,0.00011551168726409156,0.0003803290005852444,0.0004472143806850015,0.24052042129849535,0.00043270636062326317,activity_1_catboost_tweedie
env_weather_wind_direction_10m_dominant_futcov_lag-1,0.3060891561422052,0.3511742968033291,0.3218077325412629,1.1818695569430795,0.4890592719303829,0.2480053670181503,0.6298890555015582,0.0002675586128910279,0.0004992970725328893,0.00039490420256755866,0.0005526717899871691,0.0005260955383346478,0.00025928035040529985,0.0005153568985881707,0.503984919554281,0.0004307377807581091,activity_1_catboost_tweedie
ewm_ewma14_acled_other_ua_armed_clash_pastcov_lag-7,0.14699246604977012,0.12319530703606472,0.1285643833060803,0.13844941969940305,0.2214782712054802,0.18957610105015557,0.2149120823742709,0.00025671105322919716,0.0002396427233386289,0.0003038856195533013,0.00027823890041407396,0.0008605049235229867,0.0004287329995400713,0.0006265428698990938,0.16616686153160357,0.00042775129849962186,activity_1_catboost_tweedie
env_weather_wind_direction_10m_dominant_futcov_lag3,0.14332177415930314,0.4376832075161629,0.1541771718202557,0.28965828155899775,0.3545523476263097,0.4249241916237211,0.32622924927456015,0.0007027836613169747,0.0006053997844815973,0.00021051968650820374,0.00022256209168498576,0.000342665064116221,0.0005942444637868193,0.0002477416012411027,0.3043637462256158,0.00041798805044798633,activity_1_catboost_tweedie
rolling_rmean28_28_fin_usd_rub_rate_pastcov_lag-1,0.6664037095584453,0.6528606383194436,1.4898865178969742,1.0285037748654515,0.9664217632503638,0.7541643339540748,0.7614100122208795,0.0004159549537108509,0.00041945742681961387,0.0007100979591137868,0.0005290710133565746,0.0002795459389588695,0.0003959237521233394,0.00016426388581485262,0.902807250009376,0.00041633070427112684,activity_1_catboost_tweedie
rolling_rsum7_7_act_total_daily_strike_events_pastcov_lag-14,0.19758234321397364,0.1591840349496338,0.5677740189260674,0.18629826550235445,0.5899052529264456,0.7345159673154866,0.6221982347436914,0.00023235827315031264,0.00010258217298562134,0.0006598170715696128,0.00037831087026574117,0.0003198199186082551,0.0008029287731584178,0.00041849066995984784,0.4367797310825218,0.0004163296785282584,activity_1_catboost_tweedie
env_weather_wind_speed_10m_max_futcov_lag5,0.39304029363397486,0.3136116477856739,0.22304117959686723,0.28272227348383727,0.23206228147794675,0.23778302889576006,0.18743827447141634,0.000147326561661143,0.00045613624747955497,0.0013049542328278819,0.00022268741669675406,0.00026738479213330726,0.0001995002354273856,0.00027542309577666124,0.2670998541922109,0.0004104875117146697,activity_1_catboost_tweedie
ewm_expdecay7_fin_usd_rub_rate_pastcov_lag-7,0.8335388485360331,2.1463838068795007,0.38610348092448665,0.29655861628332203,0.4943523973332611,0.005686721296940617,0.14922857015079583,0.0005562274742329177,0.0011450979238961877,0.0003378760133663672,0.00015364221931484233,0.0006501152795535869,-6.4496013084447416e-06,3.531693431739758e-05,0.6159789202006198,0.00041026089191040775,activity_1_catboost_tweedie
env_weather_wind_gusts_10m_max_futcov_lag6,0.46434813910213785,0.33931157522337496,0.29395208362827185,0.14120809401501386,0.11743717091217201,0.25329013144297396,0.17380124804800892,0.00031587375456814114,0.00015167746607021028,0.0007378264064736406,0.0004179329803891907,0.00014408891159138902,0.0006146801849005179,0.00047295805246612145,0.2547640631959934,0.0004078625366370302,activity_1_catboost_tweedie
darts_enc_fc_cyc_day_sin_futcov_lag1,0.1997134541620358,0.12823366296705438,0.28103890425925765,0.5164481067174036,0.277520403406948,0.318553295296658,0.15579207959374303,0.0002317098609478041,0.00012287165294886382,0.00037990176496234264,0.0008449802365035009,0.00043582101015398055,0.000540654472098967,0.0002679133702403025,0.26818570091472865,0.0004034074811222516,activity_1_catboost_tweedie
env_weather_pressure_msl_max_futcov_lag4,0.5541335903631068,0.19594067788080458,0.5492310969526345,0.20363102686379536,0.1476862723583631,0.3396408509519813,0.28738240486619976,0.0003523966322839467,0.00028397918643832123,0.0009312168481221628,0.00027087209817815426,0.00018867470337482483,0.0005482947168855556,0.00022675375634513274,0.32537798860526934,0.0004003125630897284,activity_1_catboost_tweedie
env_weather_wind_direction_10m_dominant_futcov_lag4,0.2681495227532353,0.4407576151353131,0.12627784207383036,0.37077379432242846,0.13467482147543597,0.3953297166039456,0.5588538053407432,0.00045857134333842086,0.0008354858886220784,0.00017298400684657712,0.00037926268984698195,0.00010924042923476929,0.00033487976826538366,0.0004825233669254247,0.32783101681499033,0.00039613535615423375,activity_1_catboost_tweedie
env_weather_wind_speed_10m_max_futcov_lag6,0.1996088396904166,0.5889495624201334,0.26618312995814214,0.47013826055397684,0.20196142139609008,0.36281437364944646,0.3560731899213133,0.0003109126119418937,0.00036033445653571583,0.00045508326450929284,0.0007601859808752832,0.00024037449902214458,0.00037762193678789744,0.0002519025664411423,0.3493898253699312,0.0003937736165876243,activity_1_catboost_tweedie
rolling_rsum14_14_act_drone_strike_on_rus_in_rus_nofpv_pastcov_lag-14,0.6278758507087505,1.158942004705575,0.5741312916275438,0.34073111288662317,0.5325731269885767,0.41277543386428617,0.13745808315227118,0.0005127437698073001,0.000634320109894615,0.0004917379751539607,0.00024757084278561605,0.0002214865349529749,0.0005750582188809528,5.029988535496521e-05,0.5406409862762324,0.00039045961954719784,activity_1_catboost_tweedie
env_weather_wind_direction_10m_dominant_futcov_lag2,0.6883433881027037,0.14230788686946064,0.1992353470209419,0.5446885463450079,0.2899824034274274,0.21146791243220667,0.8771186973152428,0.0007004941673612652,0.0001290490890742513,0.00028914843962668524,0.0005651033906473258,0.00029649143359440356,0.00036598944372026045,0.00037893587379138615,0.42187774021614155,0.0003893159768307968,activity_1_catboost_tweedie
ewm_ewma14_act_total_damage_events_pastcov_lag-14,0.39620313162448934,0.6734764279180644,0.48290762596076253,0.43713934776983565,0.334681865961734,1.0916856578118739,0.6105551634795442,0.00021378597496610752,0.0005633537072325723,0.0005556165066459284,0.0004883826797706936,0.00014885686400321064,0.0004595711470541941,0.0002739091292007112,0.5752356029323291,0.0003862108584104882,activity_1_catboost_tweedie
darts_enc_fc_cyc_day_sin_futcov_lag2,0.3864498450955324,0.34579316854203984,0.24505034959207903,0.2603958783116781,0.2805712079747942,0.5240928953664833,0.2238292197506535,0.0003743583853871524,0.00046451221150414226,0.00020722045378616106,0.0003736905870042717,0.000422884193801476,0.000563359277548603,0.0002840277216359821,0.32374036637618003,0.0003842932615239698,activity_1_catboost_tweedie
ewm_ewma14_fin_usd_uah_rate_pastcov_lag-1,0.27898437685742494,0.500083587958963,0.546083517831371,0.2608434801628062,0.5582162473026557,0.48064743030465035,0.41088842835722555,0.0003371991943239783,0.0003384607633723835,0.0007111746309894418,0.0002716686098380272,0.0004017206824261432,0.00030206421041176765,0.0002424574205845964,0.4336781526821567,0.00037210650170661975,activity_1_catboost_tweedie
env_weather_wind_speed_10m_max_futcov_lag2,0.17948316510450496,0.3227969787941569,0.25039707827111524,0.12379374179333193,0.17877795018663994,0.4975218882151479,0.5293034470098867,0.00023378676747785044,0.00038085280026323165,0.00037650886221016753,0.00012954903531041672,0.00012780834763586045,0.0005419770641469146,0.0008138911506951674,0.29743917848211193,0.00037205343253422985,activity_1_catboost_tweedie
env_weather_wind_direction_10m_dominant_futcov_lag0,0.1395256464484175,0.06942523038037958,0.22448522226744477,0.3628734786429851,1.3929909371515907,0.30212449999118557,0.03709691808726156,0.0001869677753654875,0.00012105078941884173,0.0002385168560626205,0.000985255344333913,0.0006846629510848468,0.0003448207117875635,2.5368081868659687e-05,0.3612174189956092,0.00036952035856027606,activity_1_catboost_tweedie
env_weather_pressure_msl_max_futcov_lag5,0.24611046693412356,0.33464304813735524,0.45501044291033915,0.7414650348733784,0.07269653924368755,0.016126261875067275,0.1172050548476076,0.0001872981443613808,0.00017327093196024547,0.0007731873649363008,0.0008109364846160316,0.00017428438074147402,-2.2832016798801646e-05,0.0004805902198189438,0.2833224069745084,0.0003681050728050822,activity_1_catboost_tweedie
env_weather_cloud_cover_mean_futcov_lag4,0.34633505309842283,0.10681506610749168,0.11514083287401394,0.2356986233834338,0.9089579223488813,0.2049490305409547,0.48333944871320267,0.0004739850181466387,9.081344291343996e-05,8.127375383448765e-05,0.00023464535042803104,0.0008517278480829838,0.0003122072376197549,0.000493348926654913,0.3430337110094858,0.00036257165395432126,activity_1_catboost_tweedie
darts_enc_fc_cyc_day_sin_futcov_lag0,0.20815157491919178,0.29001915813184126,0.33795930952515274,0.2704875596001726,0.419654507915425,0.17937383310465502,0.17595295924213525,0.0002623740096550975,0.00036874362485774805,0.0006694778096882903,0.00042973182124979027,0.0003616705780307594,0.0002485573909769334,0.00018180905183777795,0.2687998432055105,0.00036033775518519955,activity_1_catboost_tweedie
ewm_ewma14_fin_usd_uah_rate_pastcov_lag-14,0.7676526231871796,0.3594593530519497,0.2806083837741506,0.5294792336311855,0.40595698258086477,0.22421574344112205,0.06672074592999999,0.0006028059813880215,0.00030489308461185695,0.00025521640123424836,0.0006535796318832166,0.0003706222025226857,0.00019305982945441169,0.00012004001545811161,0.37629900937092176,0.000357173878078936,activity_1_catboost_tweedie
env_weather_wind_speed_10m_max_futcov_lag-1,0.36328492726367545,0.18268533609030776,0.19074404603217196,0.20425905344033637,0.38209960412201294,0.21485696563630644,0.1599734071592065,0.00039830287400604013,0.00019350212456965555,0.00041884074403690795,0.0002863089648415196,0.0005729193115336262,0.0004486230546485892,0.00017082621224115969,0.2425576199634311,0.00035561761226821407,activity_1_catboost_tweedie
env_weather_pressure_msl_max_futcov_lag2,0.4890353663280261,0.15723623783800805,0.2870590715911571,0.09911509517948087,0.24772443482053433,0.11549659827579487,0.32278532420693584,0.000736171801467922,0.0003211086843458499,0.0005527144665306904,0.0002687632959795794,0.0001780773570719596,0.0001087095235550839,0.00032366388921731824,0.24549316117713388,0.000355601288309772,activity_1_catboost_tweedie
ewm_expdecay7_total_ru_area_km2_pastcov_lag-7,0.5163812055366446,0.3014833556184853,0.8225840330908669,0.6223986319450294,0.6058209630912363,0.7760623625151893,0.30283243191990444,0.000373519489703944,0.00021816037280697476,0.00023413767664850482,0.0005369291980220181,0.0003423473214658079,0.000568239309968388,0.00012107273504893267,0.5639375691024794,0.0003420580148092243,activity_1_catboost_tweedie
env_weather_pressure_msl_max_futcov_lag3,0.2037854072071413,0.7663846124529626,0.36750372723102603,0.15801850441034293,0.3788872839299819,0.16402084138018705,0.15777302088297646,0.0002312024650532152,0.0006989295206772939,0.0004924623737266653,0.00012363204336067745,0.0005053593290327285,0.000181957793919163,0.00015438181331497435,0.31376762821351695,0.00034113219129781674,activity_1_catboost_tweedie
rolling_rsum7_7_com_diplo_bluesecondary_ua_pastcov_lag-7,0.16626015080197964,0.07766631515809896,0.1780690942178261,0.15719888243553712,0.1291130705911658,0.24165869131735745,0.266153436503489,0.00026830045998340604,0.0001773345441590024,0.000330020783664664,0.0008153980041165187,9.446273562585539e-05,0.00023898868162806065,0.00045275743582326997,0.1737313772893506,0.0003396089492858253,activity_1_catboost_tweedie
ewm_ewma14_fin_usd_rub_rate_pastcov_lag-1,0.478715395966407,0.26346171760581283,0.20833913729122724,0.549417279577832,0.2820357774216683,0.4195197646597085,2.478255737692963,0.00034366987129679226,0.00022498063972584693,0.0001672103669986269,0.00035908177892658434,0.0001466850922122731,0.00019188766958835312,0.0009051935901972508,0.6685349728879455,0.00033410128699224676,activity_1_catboost_tweedie
darts_enc_fc_cyc_day_cos_futcov_lag0,0.226508227921589,0.1583352536898848,0.2547892264610961,0.28867795628355575,0.5321745236267135,0.43773480980349666,0.44014708988345946,0.00024839251519328533,0.0001618011418949905,0.0003423217963417047,0.0004718726444761234,0.0003186918164058028,0.0003452045189731745,0.00044983136958935964,0.33405244109568505,0.0003340165432677773,activity_1_catboost_tweedie
rolling_rsum14_14_act_total_daily_strike_events_pastcov_lag-7,0.22381252084783612,0.297240065594155,0.7239912162450105,0.748952199395621,0.960499800780365,1.0150881128274194,0.5275087967478841,8.070318254058684e-05,9.98989093142777e-05,0.0005380088787930948,0.00032366567126811406,0.0004970406690328,0.0005418351978384806,0.0002550242104402134,0.642441816062613,0.0003337395313182239,activity_1_catboost_tweedie
env_weather_pressure_msl_max_futcov_lag-2,0.11281736372104462,0.6624615600925027,0.21204935500462477,0.24989193550611713,0.45570712933584745,0.14263849240894666,0.4244680216699446,5.292428985483877e-05,0.00046682205574841704,0.000336078303024423,0.0005598437073025097,0.0004408855477571638,0.00019314791598403768,0.00025438672094817426,0.322861979677004,0.0003291555058027949,activity_1_catboost_tweedie
ewm_ewma14_acled_other_rus_shelling_artillery_missile_attack_pastcov_lag-7,0.6882238301495721,0.743208781528696,0.5444023108158578,0.5274247341537986,0.8745302839204192,0.7653315420550181,0.4442765680589463,0.00037465648036743014,0.00041450584046947013,0.00038015337468346735,0.0002743318390191707,0.00039103639418114344,0.00030509710772723685,0.000155321817925258,0.6553425786689011,0.0003278718363390252,activity_1_catboost_tweedie
darts_enc_fc_cyc_day_sin_futcov_lag6,0.22978383768332816,0.19542400782484587,0.2856606647015391,0.1711511257124396,0.2705964227899563,0.3313764572912852,0.30010825684702724,0.00019251992249436078,0.0008502250029661651,0.00030891035853497506,0.0001564413301306855,0.00025868656170160433,0.0002649449406822102,0.00024005663292232527,0.25487153897863163,0.00032454067849033234,activity_1_catboost_tweedie
darts_enc_fc_cyc_dayofweek_sin_futcov_lag2,0.44314341021939174,0.2001485130897155,0.5210085217938799,0.6484078436781175,0.7009585237360269,0.33740199807418336,0.5154187683937315,0.00031257465413709885,0.00013254485240556945,0.00041941994873566645,0.00048451318075797277,0.0004024627365569078,0.00020608054230490945,0.0003127326917452544,0.4809267969978637,0.0003243326580919113,activity_1_catboost_tweedie
ewm_ewma14_fin_usd_uah_rate_pastcov_lag-7,0.22856593565348482,0.09741372117647612,0.3743646708952301,0.7238180040138702,0.2408464470932987,0.15254367459815293,0.07756945742779849,0.0003116190833326593,7.027466791698078e-05,0.00020288097042184817,0.001242940498588485,0.0001670993536243337,0.0001234547183020629,0.00014829969127636567,0.27073170155118736,0.0003237955690661051,activity_1_catboost_tweedie
ewm_expdecay7_dist_to_nearest_contested_km_pastcov_lag-1,0.289326199181682,0.3092504217724315,0.6687698206791077,0.38042387075242445,0.25969985618909386,1.215387232663191,1.234917089721034,0.00019880364844240272,0.00016335670507043875,0.00023079496687385958,0.00017659713944355725,0.00018995406577413388,0.0006016312360698439,0.0007050273435112997,0.6225392129941378,0.0003237378721693622,activity_1_catboost_tweedie
ewm_expdecay7_com_aid_humanitarian_pastcov_lag-14,0.2684041660873779,0.17084875099764948,0.2734236709576341,0.09273224397169852,0.15797528345734477,0.2715481714658314,0.5286309071628075,0.00023513374838179946,0.00019636145814188043,0.00034199603654707646,0.00012552240381427104,0.0006285077190227639,0.00024897836370945113,0.00048346181446976553,0.25193759915719194,0.00032285164915528685,activity_1_catboost_tweedie
env_weather_wind_gusts_10m_max_futcov_lag1,0.10494982041803784,0.17755227557378808,0.16462986568084373,0.03841566800924959,0.1675874907424137,0.7285918233312453,0.10854247901578838,0.0002094567631788724,0.000398631385486703,0.0002773138130263142,4.061831046420217e-05,0.0006280483951353278,0.0006123929829190411,8.823135822138007e-05,0.21289563182448093,0.0003220990012045487,activity_1_catboost_tweedie
rolling_rmean28_28_fin_usd_rub_rate_pastcov_lag-7,1.0212275063125344,0.7111496873724684,0.7271523675777591,0.6498344471525128,0.4760996560079311,0.4488315242831353,0.570966008463558,0.00043028698042426596,0.0002908921493509631,0.00040317603996278264,0.0004276589375075801,0.0002500171653561756,0.00021453335373129435,0.00022084548166765306,0.6578944567385571,0.00031963001542867353,activity_1_catboost_tweedie
env_weather_wind_speed_10m_mean_futcov_lag1,0.5436346126379735,0.13179441072217868,0.3841070718095459,0.11705646911997866,0.30953253369752637,0.3067109189859597,0.3409303824801946,0.000461723814157855,0.000128891654985841,0.00045942872949114035,0.0001694169210225027,0.0002941275097040119,0.000339470006421716,0.0003536786117254609,0.3048237713504796,0.000315248178215504,activity_1_catboost_tweedie
rolling_rsum14_14_dist_to_nearest_contested_km_pastcov_lag-14,0.2916763781557103,0.32029048786004205,0.7064841000995103,1.1977336596483452,0.5196839959425988,0.30112194168971246,0.42060135523184544,0.00021549905682591853,0.00013215252867424532,0.00044166387368484996,0.0006191088307311299,0.00030924162024315027,0.00020435919685974914,0.0002720444781560305,0.5367988455182521,0.00031343851216786766,activity_1_catboost_tweedie
env_weather_wind_speed_10m_max_futcov_lag1,0.300275354950039,0.2031753340065518,0.2768317502762047,0.08665604526633477,0.07825145788819773,0.7996493552068789,0.08183021345036125,0.00034848767627047026,0.0002679940012806803,0.0002899447377054942,0.00015213862391381117,0.00021838051954370385,0.0007759431599332123,0.00011648167684286115,0.26095278729208116,0.0003099100564986048,activity_1_catboost_tweedie
env_weather_wind_direction_10m_dominant_futcov_lag1,0.15137728770878076,0.1257150979862163,0.7038111442202657,0.04561149157214966,0.4695123272860111,0.8119094529318635,0.1936048380920657,0.0001921153386596597,0.00020583267868101718,0.0004936367418482135,8.96863384659774e-05,0.0005450178544206263,0.0003748347751121761,0.0002667252201491221,0.3573630913996218,0.0003096927067623989,activity_1_catboost_tweedie
darts_enc_fc_cyc_day_cos_futcov_lag-2,0.23736727682375194,0.1547102900794031,0.28040690209758107,0.3412174502697127,0.3852738928168136,0.27801022263841574,0.6053932519713179,0.00024209370619012737,0.00011538513525199967,0.0001826895058979927,0.0004957805041716723,0.0002932983466571448,0.00031737059076526465,0.0004854982655897899,0.3260541838138566,0.0003045880077891416,activity_1_catboost_tweedie
ewm_ewma14_dist_to_nearest_contested_km_pastcov_lag-7,1.537292606742248,0.18259817778001478,0.08431217273165781,0.2667740182179705,0.1172084157937553,0.18035745876851403,0.25734956364527345,0.0014165614545283756,6.93715686972185e-05,-1.0280963260456134e-05,0.0002806803395364099,4.5627429486305714e-05,0.0001939170439415605,0.0001342746471095113,0.3751274876684906,0.00030430736000556076,activity_1_catboost_tweedie
darts_enc_fc_cyc_day_cos_futcov_lag5,0.23826160710782354,0.2190721674428577,0.22806641515456746,0.4248313530774474,0.23185872543174196,0.10589970220306724,0.08186413611302536,0.00039616123802936886,0.00035234537966823967,0.00048039661634018404,0.0005000626434104261,0.00020371041002917867,0.00014735532029874765,4.379449969622584e-05,0.21855058664721866,0.00030340372963891016,activity_1_catboost_tweedie
darts_enc_fc_cyc_day_sin_futcov_lag5,0.3323976461644655,0.28262799836448593,0.1995324335236391,0.2040592645482193,0.4680523707601559,0.10006007405406377,0.10584900365409382,0.0010136685065705864,0.0002445065731703,0.00017399937458710822,0.00021850071321651842,0.00026454584012423064,8.435801221651218e-05,0.00012140776906719442,0.24179697015273188,0.0003029981127074929,activity_1_catboost_tweedie
ewm_ewma14_acled_other_rus_armed_clash_pastcov_lag-14,0.22077909575355525,0.13474371534495386,0.14014951911400683,0.05313526282710683,0.07831197859581984,0.17510763698836032,0.12813212512935163,0.0006446830853178209,0.00024004939139645742,0.00037883184683864537,5.224582614828943e-05,0.00015006150298497724,0.000211438897701699,0.00042848618888413625,0.13290847625045066,0.0003008281056102894,activity_1_catboost_tweedie
rolling_rsum14_14_act_drone_strike_on_rus_in_rus_nofpv_pastcov_lag-1,0.3398334904998464,0.5602183726944092,0.3017807041845212,0.27653043892636475,0.5255516831886167,0.41142761022598917,0.2385156912970819,0.00030400319012251485,0.00030294412184994624,0.0002673080379209436,0.0002807640893162988,0.00039530269918945925,0.00025880457194045193,0.00028621291157628905,0.3791225701452613,0.00029933423170227196,activity_1_catboost_tweedie
env_weather_pressure_msl_min_futcov_lag-2,0.4788901336332462,0.31536756648049025,0.27654539294170305,0.31718461075026416,0.3989514221467818,0.28127298695904196,0.20615522439316178,0.00045965261793405875,0.0002457486305173839,0.0002053150728548836,0.0003719345049622236,0.0002776405934832082,0.0003213180172382701,0.00020669409597520171,0.3249096196149556,0.00029832907613789006,activity_1_catboost_tweedie
rolling_rsum7_7_act_total_daily_strike_events_pastcov_lag-1,0.2043862997381412,0.3585864136787104,0.15377375926232334,0.055564016840787385,0.5438800732334523,0.5706571926838687,0.5953034259171047,0.00029784584946157544,0.0004042610767528654,0.00020844163544240236,0.00010324423681740136,0.0003320024343118844,0.00045387547790956,0.0002617386432058222,0.3545930259077697,0.00029448705055735866,activity_1_catboost_tweedie
env_weather_cloud_cover_mean_futcov_lag6,0.505436648303033,0.174967178337603,0.5415337045249181,0.18645778751853365,0.28273058313808175,0.13258516105861667,0.4615505216492114,0.0005172009341706252,0.00018513228574621455,0.0005994300013234755,0.00021983291482259305,0.0001515837080431792,0.00013410476347526236,0.0002509154450113682,0.3264659406471425,0.00029402857894181685,activity_1_catboost_tweedie
ewm_expdecay7_total_ru_area_km2_pastcov_lag-14,0.7139391853085478,0.6608113130446566,0.49530056212135404,0.4209030483866916,0.7109692480886105,0.4532443435222762,0.1614012918626757,0.0003903097528581645,0.0005077300064853851,0.0003326306674674484,0.0001965969195224515,0.00022039957961885736,0.0002651494229783946,0.00011108116684066527,0.5166527131906875,0.00028912821653876667,activity_1_catboost_tweedie
env_weather_wind_speed_10m_mean_futcov_lag3,0.21496885966273263,0.24692314685225472,0.11776647430179905,0.2749183142723019,0.03794069211192432,0.22352433413275694,0.2646990019743793,0.0008594393484720131,0.00016087622238221134,6.995532852269726e-05,0.00023908017461153895,4.9397583489207975e-05,0.0002691854508475755,0.00036048721415629095,0.19724868904402126,0.00028691733178307647,activity_1_catboost_tweedie
darts_enc_fc_cyc_dayofweek_sin_futcov_lag0,0.40533420286604976,0.46519084885319695,0.3651918215471172,0.21869366428836842,0.6684414695831223,0.7102694755255373,0.15828273576242397,0.00034188369110161877,0.00030067092445797974,0.00046096218986033664,6.141106657870931e-05,0.0003960993019169301,0.00025538892257821467,0.0001509810409498824,0.4273434597751166,0.0002810567339205245,activity_1_catboost_tweedie
ewm_ewma14_act_drone_infra_ua_health_intent_pastcov_lag-7,0.25932045303688933,0.17747296944839913,0.20306770702205781,0.06204737155008386,0.1129117769046467,0.06654228146758648,0.05581743153906084,0.0006672098994679576,0.0003353414715187686,0.00035335536214811116,0.00021006272503492073,0.00017341107056230155,0.00011229894297879462,0.00010883610026402035,0.13388285585267487,0.0002800736531392678,activity_1_catboost_tweedie
env_weather_wind_speed_10m_mean_futcov_lag0,0.14656071396804132,0.14553808704878424,0.12411574053592493,0.17832050292270127,0.39609540236912094,0.12680984284725216,0.22383710327520767,0.00017047639617375764,0.00014688502904547374,0.00017124569369877384,0.00018184104202112472,0.0004364751239377407,0.00013850140779103626,0.0006958649428535413,0.1916110561381475,0.0002773270907887783,activity_1_catboost_tweedie
env_weather_wind_gusts_10m_mean_futcov_lag3,0.31647650817153794,0.2460607280634004,0.017408766805166835,0.08150089198933864,0.0007838700596631648,0.2791501871561073,0.05884535387537451,0.0007824574780816773,0.00047807074981085493,4.3334459334865014e-05,7.039511178712488e-05,7.860035685758326e-06,0.0003119776330399837,0.00023701549036754256,0.14288947230294125,0.00027587299401540095,activity_1_catboost_tweedie
rolling_rmean28_28_total_ru_area_km2_pastcov_lag-7,0.13131761657635335,0.2860489607902674,0.2694612930507194,0.1661111164569911,0.2675677748705071,0.954003839537105,0.43138630521182764,0.0002292310928575736,0.0002545402195265334,0.00019879270775311487,0.00033517477010602814,0.0003303128771592778,0.0003306387669492761,0.0002497089618632931,0.357985272356253,0.0002754856280307282,activity_1_catboost_tweedie
rolling_rsum14_14_act_drone_strike_on_rus_in_rus_nofpv_pastcov_lag-7,0.3625894014811675,0.22443257026463684,0.26537291479986985,1.0429658511927242,0.12694442373267587,1.280117572896876,0.3860546775925797,0.0003629254335054677,0.0002153748692897084,0.00018731297708540762,0.0005885034388308563,7.92298921136858e-05,0.0002803420207386553,0.00018433372190569398,0.5269253445657901,0.0002711460504956393,activity_1_catboost_tweedie
rolling_rsum14_14_act_total_daily_strike_events_pastcov_lag-1,0.2139748144758944,0.18092223513020628,0.20795516902941139,0.6216573505196094,0.6006369523816613,0.4593959566626817,0.3273799457078057,0.0003051846359203747,0.000185500466116606,0.00019055137972290304,0.000397284200470871,0.0002830944685265235,0.0002424798394821126,0.00021090708757713904,0.3731317748438957,0.0002592860111166471,activity_1_catboost_tweedie
env_weather_pressure_msl_min_futcov_lag1,0.7463044022469811,0.35362319292745775,0.34781121497106227,0.29161280490061287,0.3492087732624062,0.17265581575963712,0.3455979169772534,0.00036852104224280866,0.0001292523161967152,0.00026795604773008905,0.00032735860062027555,0.00034997388413249286,9.473659114744848e-05,0.0002706883248575487,0.3724020172922015,0.0002583552581324826,activity_1_catboost_tweedie
act_drone_strike_on_ua_target_lag-1,0.6509844095396408,0.04042681248689588,0.06201023783036906,0.003948019160558187,0.023706205755367804,0.019738107670213213,0.18255819551436248,0.001370716575556985,2.370863592688899e-05,0.00015074670698527192,-2.735099675188479e-07,2.7470432644194355e-05,2.1825504267436457e-05,0.0002081214157926503,0.14048171256534392,0.0002574736801722726,activity_1_catboost_tweedie
env_weather_cloud_cover_mean_futcov_lag5,0.22394655432457816,0.2505968590975369,0.12744125607315707,0.2827390359429635,0.36942468827664604,0.38061962973524954,0.2522547325783619,0.00015894425071363293,0.0002103435185333735,0.00014970924181596513,0.00024894713407974667,0.0003503077041512537,0.0003051593009034903,0.00036980037645282236,0.26957467943264185,0.0002561730752357549,activity_1_catboost_tweedie
env_weather_wind_direction_10m_dominant_futcov_lag6,0.14479606815098958,0.1554314784386997,0.14315705300389,0.32640353569918323,0.11545840154430492,0.08749162215459977,0.10889637347184944,0.00016820990229018395,0.00011316855218064248,0.00017827990377929925,0.000717633868163059,0.0002570419181008976,0.00017314998251205527,0.00016071016364678227,0.1545192189233595,0.0002525991843818457,activity_1_catboost_tweedie
ewm_ewma14_dist_to_nearest_contested_km_pastcov_lag-14,0.23859361692710002,0.38126554894917647,0.2626269754060608,0.22889521566240645,0.42499932733306206,0.3687708792797823,0.44988683937343543,0.0003479892779591154,0.000250889035298596,0.0001973427184467358,0.00014551729821403735,0.00032547074868447543,0.00020284632275693326,0.0002743363197573956,0.3364340575615748,0.00024919881730246985,activity_1_catboost_tweedie
darts_enc_fc_cyc_day_cos_futcov_lag6,0.24425509137202364,0.3554630619875831,0.039763228302803356,0.11122718044649187,0.18625830011274477,0.09017607862909417,0.08577583742412133,0.00039959142894989695,0.0004861286430773326,8.372822792779289e-05,0.0002594736097629724,0.00022798658762550604,0.00010604021501818828,0.00015953785665927532,0.1589883968964089,0.0002460695098601378,activity_1_catboost_tweedie
darts_enc_fc_cyc_dayofweek_sin_futcov_lag4,0.017568136557266363,0.40463146397869976,0.5460385722406214,0.17025893666894,0.26422812209769825,0.45541584012307923,0.2690115829093175,8.06237107152441e-05,0.00030901442342661233,0.00042505938374319817,0.00013600833717484218,0.00018060167367350832,0.00032144874653214914,0.0002600028204782001,0.30387895065366033,0.0002446798708205363,activity_1_catboost_tweedie
darts_enc_fc_cyc_month_sin_futcov_lag2,0.09224916058478042,0.11386170029163534,0.04618346386358222,0.03084796984858305,0.5111437987195668,0.2059478572184788,0.1708101109379325,4.7176036895790754e-05,2.0132042123499617e-05,7.3785137017612355e-06,-1.1302653893041637e-06,0.001408065250065893,6.671711270520576e-05,0.0001540153350002571,0.1672920087806513,0.0002431934321575862,activity_1_catboost_tweedie
env_weather_wind_gusts_10m_mean_futcov_lag6,0.19779733909516492,0.11900391396049773,0.3070946228120613,0.28647792516033876,0.20759419651402966,0.22281301264669978,0.19056827407562313,0.00015419816738553304,6.160626681135372e-05,0.0003128635435755811,0.0005912480851012258,0.0001366080290755356,0.00027237565446136536,0.00016622483492614303,0.21876418346634505,0.0002421606544766768,activity_1_catboost_tweedie
rolling_rsum7_7_act_total_daily_strike_events_pastcov_lag-7,0.342096584979835,0.5992876768647935,0.10297543828707245,0.1208624063692444,0.49199950794907227,0.27062457382308525,0.27881638312792106,0.000440983998069,0.000531036789329753,9.556258640017746e-05,0.00010904844088657217,0.00024299556872697803,0.00015556705706651908,0.00010851651037797616,0.3152375102001463,0.00024053013583671083,activity_1_catboost_tweedie
darts_enc_fc_cyc_dayofweek_sin_futcov_lag5,0.27492644878705175,0.3617128406158052,0.49299342110881583,0.5794787083972114,0.02451844177910396,0.3306935085121389,0.2689673162025847,0.00023744265987413193,0.0002465104835925436,0.00034561086933788677,0.0003553098801930998,2.8417134173142068e-05,0.00029083523203030646,0.0001722211947049024,0.3333272407718159,0.00023947820770085895,activity_1_catboost_tweedie
darts_enc_fc_cyc_dayofweek_cos_futcov_lag5,0.2487200163803861,0.5368129223987061,0.11040114832031583,0.3744773753338131,0.2006543171117247,0.92814004937236,0.2663128561857204,0.0001856394794593985,0.00033231176882604353,0.0001983046545625422,0.0002566043047095734,0.00012763565776112705,0.0004231862007389564,0.000152027333269511,0.38078838358614664,0.00023938705704673602,activity_1_catboost_tweedie
env_weather_wind_gusts_10m_mean_futcov_lag1,0.03754183640081655,0.16941801642542859,0.30826823329865927,0.3237329965176241,0.15672644394601676,0.4006486049662634,0.02220605161488649,9.506397739407202e-05,0.00022048345626024535,0.00024386229105708424,0.0004247251281633391,0.00023734096167269403,0.0004173604175174095,3.177964244911457e-05,0.20264888330995645,0.00023865941064485125,activity_1_catboost_tweedie
env_weather_wind_gusts_10m_mean_futcov_lag2,0.08711812590860323,0.1386313050893446,0.23937537797259886,0.17879424652668488,0.2865229005799883,0.17505559833147888,0.24437301376762435,0.00011086379925804302,0.00020356795892182423,0.0001994779105837452,0.0001610450464012425,0.00027446928456067445,0.00027148884171472875,0.0004331140503218034,0.19283865259661756,0.0002362895559660088,activity_1_catboost_tweedie
ewm_ewma14_dist_to_nearest_ru_km_pastcov_lag-7,0.15413962330001107,0.6742458091422745,0.33958106390241816,0.2764332449642069,0.2775971632134836,0.3374943802509559,0.31546165157952666,0.00010045530850717465,0.00035310025813499734,0.00028725287392390443,0.000265541935879865,0.00015907604085172445,0.0001959845524532211,0.00024145153728742929,0.33927899090755387,0.0002289803581483309,activity_1_catboost_tweedie
ewm_expdecay7_dist_to_nearest_contested_km_pastcov_lag-7,0.5556839319200798,0.42411719183871227,0.3020034308005218,0.210672310141556,0.5436850913928251,0.21688362113526605,0.23042030264581,0.0005322230905400405,0.00015117763906888904,0.0001599825276703548,5.6128793092757864e-05,0.00034249335379692435,0.0001596163828360364,0.00019985612328277114,0.3547808399821101,0.00022878255861253914,activity_1_catboost_tweedie
ewm_ewma14_dist_to_nearest_ru_km_pastcov_lag-1,0.516746107887355,0.21938436599448158,0.47917661358266195,0.3159671649396557,0.2831971758127332,0.36137168449895996,0.30927313581659005,0.00039687409960160737,0.00023442224987977323,0.0002757476024432215,0.00020268295127587877,0.00013766424219474604,0.0001931581843862329,0.00015610761500315374,0.35501660693320536,0.0002280938492549448,activity_1_catboost_tweedie
ewm_ewma14_com_diplo_bluesecondary_ua_pastcov_lag-1,0.12728662411221062,0.15930001899011795,0.18601057867939044,0.29711445198399095,0.18629486792168287,0.17277158334683387,0.15459987785628246,0.00037392103070172934,0.0002113819782654236,0.0002275415289132221,0.00015145959961704314,0.0002327505222859072,0.0001406275181476957,0.00025721918403431854,0.18333971469864419,0.00022784305170933422,activity_1_catboost_tweedie
darts_enc_fc_cyc_dayofweek_sin_futcov_lag3,0.013556086732600154,0.2731534708207907,0.11370402785565077,0.5684628852456866,0.4840942610858142,0.2516486411197295,0.44122328617606216,1.8692771570494314e-05,0.00026275292626947165,0.00012243797456701344,0.000394126532873873,0.00034220762407044525,0.0002300016399147342,0.00022185282531290708,0.3065489512909049,0.0002274388992255627,activity_1_catboost_tweedie
darts_enc_fc_cyc_day_sin_futcov_lag4,0.25383165737249924,0.22082264779146263,0.19361542901417692,0.141160719778672,0.4548904966725363,0.2199268534336827,0.1583570565215013,0.00021584703132020432,0.00019234654751163483,0.00018696433308031945,0.0002493530051165704,0.00032754800237990713,0.00024247642752583953,0.0001685229039275926,0.2346578372263616,0.0002261511786945812,activity_1_catboost_tweedie
darts_enc_fc_cyc_dayofweek_cos_futcov_lag2,0.39037100765913046,0.579966012621868,0.8335189437728516,0.05172265577183211,0.6814677746870612,0.8751444031081609,0.12011451713711195,0.00010642478404094824,0.0002964920006007121,0.0004909255754927067,-1.598335095380765e-05,0.0004957317369717274,0.00017549099255271817,3.269291203669145e-05,0.5046150449654309,0.00022596780724881373,activity_1_catboost_tweedie
rolling_rsum14_14_act_total_daily_strike_events_pastcov_lag-14,0.08862844231082821,0.27109223175943903,0.41496115435448555,0.4323463301358066,0.3971922849991263,0.3555390852639178,0.2937659427959464,2.33418225115134e-06,0.00017831573270707946,0.0006277258343952319,0.00039572709957886866,5.4983619365978066e-05,7.511728986313582e-05,0.0002253359148354228,0.32193221023136426,0.00022279138185669545,activity_1_catboost_tweedie
darts_enc_fc_cyc_dayofyear_cos_futcov_lag6,0.11624519803456322,0.13256519860817106,0.13555432364514278,0.1540730212081028,0.15210404055847124,0.13400450369443734,0.34045765539106804,0.00014224222246730366,0.0001103016366379217,8.87257365923988e-05,6.418566268389103e-05,0.0002654917755485986,0.0006213503138011278,0.0002622589287761379,0.1664291344485652,0.00022207946807248276,activity_1_catboost_tweedie
rolling_rmean28_28_act_total_daily_strike_events_pastcov_lag-7,0.3708915022795097,0.1390009012717244,0.45913766029467856,0.25557175250722913,0.3759873895795255,0.33544740132031725,0.2819124385975929,0.00042706441918598513,0.00012707718997360118,0.0003604240466259068,6.488415280794246e-05,0.00011297585528924348,0.00033282132439576005,0.0001286718775984852,0.31684986369293966,0.0002219884094109892,activity_1_catboost_tweedie
env_weather_wind_speed_10m_mean_futcov_lag2,0.1141608751435577,0.31179208291420896,0.14041029935185126,0.09498672114022091,0.18572343388375895,0.10608419864188391,0.11010038060830525,0.00018268600898274645,0.00026071352565666396,0.0001483287530120947,0.00018200662576535188,0.00021702329024255728,0.0002579147486934552,0.0002694724654859648,0.15189399881196955,0.00021687791683411918,activity_1_catboost_tweedie
env_weather_pressure_msl_max_futcov_lag0,0.08880579181244397,0.15432802361348422,0.10573751356899919,0.2241379332057889,0.24729122355045424,0.27014630045083365,0.20755473228443208,0.00019857621036090123,0.0003272169911607614,0.00010444252780119622,0.0001790792125035523,0.0003488447791560656,0.00023759237400353684,0.00011124095820427282,0.18542878835520513,0.00021528472188432662,activity_1_catboost_tweedie
ewm_ewma14_act_drone_infra_ua_health_intent_pastcov_lag-1,0.035737176239164156,0.21456254780622752,0.13742138379864982,0.07016364758831259,0.08352781260256567,0.18642594955038239,0.4032876141209668,3.1436056658207255e-05,0.00041153845510373267,0.00029249953204646406,0.00015591354043584805,6.642936848668679e-05,0.00028327873948750246,0.0002564294788601984,0.16158944738660988,0.0002139321672969485,activity_1_catboost_tweedie
darts_enc_fc_cyc_day_cos_futcov_lag4,0.19478781855110808,0.3469039062720147,0.16551061523537713,0.05241721714535029,0.18725787524935023,0.14814298956610028,0.10156313219039423,0.00018275143540500416,0.0005567077967743473,0.0001412478347531998,8.29444517989275e-05,0.00016256334448097042,0.00023525589820647675,9.842837753257783e-05,0.17094050774424213,0.00020855701985021484,activity_1_catboost_tweedie
rolling_rsum14_14_dist_to_nearest_ru_km_pastcov_lag-1,0.25766686049363646,0.30826622978956825,0.20233281740196685,0.601741714392857,0.33322029954649435,0.4617443342854892,0.49231369553832477,0.0001827164319197827,0.00015844297607423564,9.928238282457258e-05,0.00031329215797817336,0.00021308840662144225,0.0001741618996990768,0.00029536154270863867,0.37961227877833387,0.0002051922568322746,activity_1_catboost_tweedie
env_weather_pressure_msl_min_futcov_lag-1,0.2050309029161072,0.22514772994890764,0.05762662257669816,0.14987213852362316,0.17790438146451468,0.08126949120158801,0.18060329378221238,0.00037991474425680405,0.00021555900185865617,2.5702728244425543e-05,0.00020346481369466486,0.000320375392831207,8.016408827169475e-05,0.00017648705178257006,0.15392208005909302,0.0002002382601342889,activity_1_catboost_tweedie
env_weather_pressure_msl_max_futcov_lag-1,0.23962504106255839,0.05064964081635654,0.4958544006530204,0.1429064708242651,0.33352284364687595,0.08826211390419525,0.11339419736040127,0.0003270769962901099,3.301852577899389e-05,0.00026125833349157637,0.00035466754365496287,0.00025469102248574236,5.786823468472147e-05,9.725630262111818e-05,0.20917352975252473,0.00019797670842960357,activity_1_catboost_tweedie
darts_enc_fc_cyc_day_cos_futcov_lag2,0.32589340028299923,0.26641382615111814,0.05089729952147288,0.12875318361003693,0.14851989829975112,0.10041724047098576,0.04562913774402389,0.0004598305329128527,0.0003606813201627146,3.202975735301372e-05,0.00024869794006359135,0.0001289822612946745,0.000130203973958376,2.2268604343333997e-05,0.1523605694400554,0.00019752777001265097,activity_1_catboost_tweedie
env_weather_pressure_msl_max_futcov_lag1,0.0985619410799686,0.3818439499620489,0.13574810025483683,0.13778669793134937,0.018306153871717617,0.2793931391320841,0.14766429857573665,0.00015575616462986107,0.00035221085187360225,0.00027898906022307826,9.585301523389323e-05,3.156906651815561e-05,0.0002796565675197593,0.00018761141682293035,0.17132918297253455,0.00019737802040304002,activity_1_catboost_tweedie
darts_enc_fc_cyc_day_sin_futcov_lag3,0.12832816065920133,0.32382770798189653,0.3023402876086641,0.156759283014349,0.1388429846810688,0.16244705306159607,0.2966866976391547,7.71518548802197e-05,0.0002406371352196679,0.0003056119652043998,0.00010521401991492318,8.38784274608928e-05,0.00026354789444933414,0.0003036849921641549,0.21560459637799007,0.00019710375561337034,activity_1_catboost_tweedie
darts_enc_fc_cyc_day_sin_futcov_lag-1,0.2701052655069861,0.12397914534861258,0.14900778606970957,0.17030286300722927,0.1894294070388795,0.039059717790181074,0.05980019383265234,0.00019044689137917014,0.0001841722191398887,0.00025557828210434066,0.0003353200263775946,0.00017853773243936555,3.5580689551761856e-05,0.0001826775317134155,0.14309776837060723,0.000194616196100791,activity_1_catboost_tweedie
darts_enc_fc_cyc_dayofweek_sin_futcov_lag-1,0.27493548493896963,0.19605678118877082,0.2441834370696686,0.5939010727720728,0.35396099386072305,0.1173681627941204,0.09234068300189452,0.00020846248404049472,0.0001897672644102455,0.00017025246610313793,0.00040752100684335877,0.00023602772990169996,6.506345160677274e-05,7.953967550156094e-05,0.2675352308037457,0.00019380486834389581,activity_1_catboost_tweedie
darts_enc_fc_cyc_dayofweek_cos_futcov_lag3,0.24078977752664638,0.23553453557472076,0.40438739137929164,0.13468149623581196,0.06230460673915683,0.2283549081901249,0.41278430769131036,0.00022758825512594338,0.00025217634947041214,0.0002928348513715262,0.00013786781794853376,6.662405691035823e-05,0.00020046712329184756,0.00016764116322440792,0.24554814619100895,0.00019217137390614705,activity_1_catboost_tweedie
ewm_expdecay7_acled_other_rus_shelling_artillery_missile_attack_pastcov_lag-7,0.24061659585257805,0.11766541267570332,0.2731540724621187,0.2109449655153209,0.18887129974218478,0.21022212043315572,0.6862873459688764,0.000173563305259683,0.0001079079476256517,0.00015280441824880864,0.0002215800349711694,0.00010638041314885438,8.953791219461494e-05,0.0004763564062191028,0.2753945446642768,0.0001897329196668407,activity_1_catboost_tweedie
ewm_ewma14_act_drone_strike_on_rus_in_rus_nofpv_pastcov_lag-7,0.35441172582730823,0.1320764148814998,0.3469276417054426,0.5329593403374137,0.5147710110968747,0.3340422370929041,0.501668388435754,0.00023446229033508015,0.00019112340568385732,8.992727939300948e-05,0.0002946955564733011,0.0003234303863255183,2.0389984509594505e-05,0.00013722966974973882,0.3881223941967425,0.00018446551035287135,activity_1_catboost_tweedie
darts_enc_fc_cyc_dayofweek_sin_futcov_lag6,0.02536352118826682,0.3370331451770372,0.23589703944721094,0.4522111588239475,0.2970847994417755,0.09660737572064126,0.13677967767339405,5.1717295045983216e-05,0.0002244188345243092,0.00016066694648626535,0.0003540423350967936,0.0001557266224587739,0.00015824452838220093,0.00014372699853060222,0.22585381678175334,0.0001783633657892755,activity_1_catboost_tweedie
ewm_expdecay7_acled_other_rus_shelling_artillery_missile_attack_pastcov_lag-1,0.1927328234862378,0.15542341018430922,0.15182781603746157,0.23295087032439213,0.41739033714933654,0.16591790340410265,0.09526412100802169,0.00025990994356721585,0.00015654189007905384,0.0001317346619426507,0.00023187848339729645,0.0003222517923047397,6.153027367952201e-05,5.8582011331620445e-05,0.20164389737055166,0.00017463272232887125,activity_1_catboost_tweedie
rolling_rsum7_7_com_diplo_bluesecondary_ua_pastcov_lag-1,0.12223596379941669,0.1058201313849493,0.33848928099965014,0.13958462172858896,0.11200829022718976,0.1918026608882977,0.1164943833205726,0.0002621413286211016,0.00012271981470122207,0.0001884148913876782,0.00013905614559035496,0.00014609645418812712,0.00029612145730189,5.9469184181204504e-05,0.16091933319266646,0.00017343132513879692,activity_1_catboost_tweedie
ewm_ewma14_dist_to_nearest_ru_km_pastcov_lag-14,0.2065958354758995,0.31387532416135044,0.5714891527355315,0.24898733551009525,0.33609457591210745,0.22375177302081053,0.46639872008383804,0.00013354390414861418,0.00011908012792507527,0.0002908539666570453,0.00019035575573058682,0.0001618216289527963,0.00011590824967531166,0.00019852178239185836,0.33817038812851896,0.00017286934506875544,activity_1_catboost_tweedie
env_weather_pressure_msl_min_futcov_lag0,0.07554497619371138,0.1936873529887623,0.20242969798219698,0.12245445488174755,0.2953064407354577,0.17782734206342118,0.25350225518757286,0.0001082708486051187,0.00018476479431575043,0.00014921728542054423,8.236849368667976e-05,0.00027462449870898633,0.00026431785270426557,0.0001334072058057245,0.1886789314332671,0.0001709958541781528,activity_1_catboost_tweedie
darts_enc_fc_cyc_month_sin_futcov_lag4,0.07635000240870649,0.33542813335002697,0.05241383709379181,0.2026160161481799,0.08262416810538815,0.11868375261397543,0.1296960454912346,6.909129231169597e-05,0.0003055463702837269,0.00015585169865828252,0.00015882992115432427,6.214312738288541e-05,0.00011647892179789121,0.0003136896022260194,0.1425445650301862,0.00016880441911640368,activity_1_catboost_tweedie
darts_enc_fc_cyc_dayofyear_sin_futcov_lag5,0.2018738042766312,0.17457669587812577,0.27002120610950153,0.30238003347960196,0.10810065138639986,0.21304618743650158,0.1259702815141964,0.0002013969650763281,0.0001520295676044059,0.0002666985466748484,0.00018283621373731406,8.137777416530322e-05,0.00019219171340787434,0.00010433649933974109,0.1994241228687083,0.00016869532571511646,activity_1_catboost_tweedie
darts_enc_fc_cyc_dayofweek_sin_futcov_lag-2,0.16037091015229807,0.09838858325611258,0.5605579092986559,0.48047411244197874,0.3928233059406375,0.13959945488075653,0.14904552628009451,0.00015045883301421093,5.4317619784916005e-05,0.000241945950061484,0.00029055002268916217,0.0002671913841348461,9.433976683452805e-05,6.241946093688e-05,0.28303711460721914,0.00016588900535086104,activity_1_catboost_tweedie
darts_enc_fc_cyc_dayofyear_cos_futcov_lag4,0.08994213672138726,0.1510080638513897,0.13604641321112046,0.23843684565357817,0.08332699224400966,0.203927410745671,0.029202856956687836,0.00014984848735979383,3.5325762614424326e-05,0.00011221111976242871,0.00048110310088274045,0.00012753440258999048,0.0003000010877589387,-4.8280178739745774e-05,0.13312724562626344,0.00016539196888979584,activity_1_catboost_tweedie
rolling_rsum14_14_dist_to_nearest_ru_km_pastcov_lag-7,0.12332831360805173,0.03913519297228948,0.22628582068229083,0.5365691851564508,0.28676900443381353,0.2612262170914689,0.27998755655962587,7.699048500895423e-05,4.826556469499366e-05,0.00018346144417258348,0.0003560108179185395,0.0001931908205965671,0.0001404013053716513,0.0001479089430234115,0.2504716129291416,0.00016374705439810012,activity_1_catboost_tweedie
darts_enc_fc_cyc_day_cos_futcov_lag1,0.14278029072414317,0.13128856520497487,0.18541985285736803,0.12127937649193934,0.051156758294111156,0.22579574799805027,0.30085830083037884,0.000172984785631769,0.00019903533979159782,0.00024083414659852308,9.774060709604182e-05,6.426564595818363e-05,0.00018682719544094173,0.00018133458955940096,0.1655112703429951,0.000163288901439494,activity_1_catboost_tweedie
ewm_ewma14_dist_to_nearest_contested_km_pastcov_lag-1,0.09309600024053011,0.15702864637795264,0.022475345876301712,0.21269035221373822,0.3821659288188862,0.5259651664967628,1.0881009458609243,-1.567316316539724e-05,1.822564779989655e-05,-7.30172655835748e-05,6.72283150193298e-05,7.149468943554727e-05,0.0002671687102868914,0.0007823644813815811,0.3545031979835852,0.00015968448788203916,activity_1_catboost_tweedie
darts_enc_fc_cyc_day_cos_futcov_lag3,0.5218330250461306,0.16439959689568792,0.07849415060173782,0.07252052747036412,0.0702696092630168,0.10713660801476932,0.061975940789649464,0.0004795836218993932,0.00021973671143462603,8.861545960288097e-05,0.00010410346310305574,7.190804835026654e-05,9.533053794843482e-05,5.1342286248901024e-05,0.15380420829733657,0.0001586600183696512,activity_1_catboost_tweedie
darts_enc_fc_cyc_week_sin_futcov_lag5,0.20501454280664314,0.2054697215952544,0.09819812513282077,0.21244890215104859,0.3009367726915387,0.08118173707167589,0.32817045201514194,0.00014562937230537808,0.00019679115063360176,0.0001437814751195754,0.00011413453550768171,0.00016103998007483967,0.00010079754427985143,0.00021701015453232664,0.20448860763773194,0.0001541691732076078,activity_1_catboost_tweedie
darts_enc_fc_cyc_dayofweek_cos_futcov_lag0,0.10895391932682953,0.010074367958691868,0.2766656128656126,0.42173505741477785,0.13956925189943256,0.21635452548557696,0.3744652929722245,0.00020140933201524548,3.1287686302339246e-05,0.00025128616554939145,0.0002985142875061575,5.9433470569092425e-05,7.344571752005979e-05,0.00015781057722172865,0.22111686113187798,0.00015331246238343066,activity_1_catboost_tweedie
rolling_rsum14_14_dist_to_nearest_contested_km_pastcov_lag-1,0.10460778567320243,0.1447762209085562,0.3363501233297486,0.18471311259742398,0.21141108546268852,0.39349223964274327,0.27614480184252876,6.39869354653655e-05,0.00010770141082601103,0.0002976137626899744,0.0001252499332364154,4.487907209056452e-05,0.0002735150788087948,0.00015643883603182472,0.23592790992241314,0.00015276928987842148,activity_1_catboost_tweedie
ewm_ewma14_acled_other_rus_shelling_artillery_missile_attack_pastcov_lag-1,0.1944003720407612,0.5010967256638834,0.09984048287642983,0.22882247231331496,0.3548254808049616,0.3677443855542631,0.08982311903209232,8.900963402032058e-05,0.000268717814165087,0.00013871988770837175,0.0001981740229253015,0.0001222999363726496,0.00016925565831515943,8.160753256265529e-05,0.26236471975510095,0.00015254064086707786,activity_1_catboost_tweedie
rolling_rsum14_14_dist_to_nearest_contested_km_pastcov_lag-7,0.23500059060464115,0.24154253168378842,0.21204311575066834,0.3791332552093286,0.42328394108872835,0.3844219006088441,0.515152725437708,0.00017511236811167396,5.5612440715835376e-05,0.00012630754206930384,0.00019439435491159786,0.00017121032272027215,0.00012174810894129972,0.00021527141412767126,0.3415111514833867,0.00015137950737109345,activity_1_catboost_tweedie
darts_enc_fc_cyc_day_cos_futcov_lag-1,0.06485955414656379,0.2120989925085498,0.07698118008331169,0.11504307175105251,0.23870105158788285,0.20189766488929378,0.14109998137979268,9.201550702975236e-05,0.000184924640440709,0.00011248290789866999,7.99823184401749e-05,0.00019740922488848956,0.00024450454268241104,0.00013779266688791482,0.150097356620921,0.00014987311546687453,activity_1_catboost_tweedie
rolling_rmean28_28_dist_to_nearest_contested_km_pastcov_lag-1,0.3665116651980146,0.5356885539228929,0.5079649201023523,0.17560053727933247,0.34111911175277276,0.6657276458983146,0.12872063494897615,0.0001238363298368128,0.000133224024478662,0.00022816986336229305,4.892889273551137e-05,0.00022819750391995798,0.0002199215415921385,5.6110205310422326e-05,0.3887618670146651,0.00014834119446225684,activity_1_catboost_tweedie
darts_enc_fc_cyc_dayofyear_sin_futcov_lag4,0.2265884807904043,0.23252072261585427,0.14965619639332542,0.17944612528091497,0.21638856542659035,0.251265258458162,0.27424054121226576,0.0002021063662674738,0.000153569441658874,0.00010397447118903891,0.0001276160613554067,7.82504782027793e-05,0.00020479724104498497,0.00013614862469299994,0.2185865557396453,0.00014378038348736538,activity_1_catboost_tweedie
ewm_ewma14_act_total_daily_strike_events_pastcov_lag-7,0.00647397115438893,0.10501932850551383,0.27239650118885406,0.4174656492707645,0.3842745172686764,0.06727550355415636,0.15164878739086357,1.903714597404349e-05,9.633638595161199e-05,0.00010842853615320447,0.00036860328046810497,0.00013618977519453957,8.112200636876122e-05,0.00019251823557955294,0.2006506083333168,0.00014317648081283124,activity_1_catboost_tweedie
ewm_expdecay7_acled_other_rus_shelling_artillery_missile_attack_pastcov_lag-14,0.047168170951593494,0.2975238467128083,0.17991800207404718,0.14437068967923142,0.14175332539135715,0.35843482576963587,0.05575666589302059,1.54744615244784e-05,0.00018036376778594044,0.00029180373907085056,8.970995017190119e-05,0.00012929484980841454,0.00018040852277050322,9.899608759007527e-05,0.17498936092452771,0.0001408644826745948,activity_1_catboost_tweedie
darts_enc_fc_cyc_month_sin_futcov_lag-2,0.10111323402556485,0.17782299993079465,0.20337057041208678,0.28496916318210297,0.2393806407326764,0.3211570713001397,0.3203223938276276,4.148304923525803e-05,0.000215424707695,0.00021656461696080155,-7.816428663587337e-06,7.9132554863115e-05,0.00023152005568771727,0.0001828656523297223,0.2354480104872847,0.00013702488687257526,activity_1_catboost_tweedie
darts_enc_fc_cyc_week_sin_futcov_lag4,0.3082017177710689,0.13887422943458458,0.13467592773031095,0.08924106842445453,0.184727057617413,0.037441893362507195,0.17831117350467837,0.00013810254722406156,3.326384453521403e-05,0.00023846554551043564,0.0001490077029932868,0.00020012252030978672,3.7054357989441125e-05,0.00016042020502891053,0.15306758112071678,0.00013663381765587662,activity_1_catboost_tweedie
ewm_ewma14_act_drone_infra_ua_energy_intent_pastcov_lag-1,0.06489672705097486,0.09820050827243763,0.1984351678607209,0.1411592886874527,0.1191433981898922,0.12124461635230949,0.13956689483230914,0.00012964090277314266,-5.944935617741009e-06,0.0002273093528079695,8.916577094149058e-05,0.00011530110306594566,8.207070801946603e-05,0.0003149136682041309,0.12609237160658526,0.00013606522431348634,activity_1_catboost_tweedie
darts_enc_fc_cyc_dayofweek_sin_futcov_lag1,0.00805940625657803,0.2991348323299441,0.2400741198672353,0.41526622359235593,0.24082487710965372,0.20736555655769418,0.47235689811105636,-3.201210478920302e-05,6.63654668084046e-05,0.00015552893994486006,0.00026036659374486517,0.00012178778441700455,7.66045876804844e-05,0.0002926403624052609,0.2690117019749311,0.00013446880431595382,activity_1_catboost_tweedie
darts_enc_fc_cyc_dayofyear_cos_futcov_lag1,0.16444822259563482,0.1040843549884332,0.045621391219356294,0.20972560267322074,0.07693360304660708,0.03445101303850019,0.04708624960219463,0.0006664377172114433,0.00014744324045721236,9.421114551799726e-06,5.636102751611638e-05,3.0376471101045688e-05,-1.6124813072226907e-05,3.9915736971862795e-05,0.09747863388056385,0.00013340435639103617,activity_1_catboost_tweedie
darts_enc_fc_cyc_week_sin_futcov_lag-2,0.07056132044012117,0.039815953461508326,0.08105114657547625,0.09124754626894849,0.16439457551583248,0.14966374306397612,0.05377850507105057,5.7317316858873646e-05,2.5595450267767995e-05,9.299953036785435e-05,0.00020474110380634957,0.00024504314976647734,0.00018643295607145838,0.00011291753887667788,0.09293039862813048,0.00013214957800220846,activity_1_catboost_tweedie
ewm_ewma14_act_drone_infra_ua_energy_intent_pastcov_lag-7,0.23692387934991463,0.16422597740937286,0.11538384780878529,0.056883354625184464,0.08028698677727504,0.0777916534228879,0.029971402599402886,0.0002065483957742309,0.00017042552078472273,0.00012734911384415515,0.00010373712525133528,0.00012052183783288762,5.216787639541476e-05,7.687111129632829e-05,0.1087810145704033,0.0001225172830255821,activity_1_catboost_tweedie
darts_enc_fc_cyc_dayofyear_sin_futcov_lag0,0.16540046821650353,0.13435995256230618,0.11077818552808529,0.21524283890178694,0.15925082210526556,0.07887842705557359,0.12809202063097683,0.00016557912783965456,8.55281622823778e-05,3.5567497905386605e-05,0.0002461536282995391,8.723805264307938e-05,3.214904786379425e-05,0.000190479831851742,0.1417146735714997,0.00012038504981222483,activity_1_catboost_tweedie
darts_enc_fc_cyc_week_cos_futcov_lag1,0.14135087206932961,0.2137209431535319,0.04384619325142824,0.04338082974813154,0.17429848137675172,0.24630993119218447,0.18734190171039392,7.815071218653102e-05,0.0001505593215679779,5.636410715601503e-05,6.394633420028217e-05,0.00017504680762849833,0.00019373184216240347,0.00011399520370474203,0.1500355932145359,0.00011882776122949284,activity_1_catboost_tweedie
darts_enc_fc_cyc_dayofweek_cos_futcov_lag1,0.3062767961854007,0.1325625955744397,0.002468040899847786,0.27444062177708106,0.12116990387344503,0.02259647192679351,0.4091621948722236,0.0002695228717330744,9.07014516543736e-05,2.6251970257185063e-06,0.00019590070210895316,6.557101529793829e-05,3.2730959195981235e-05,0.00017461088063699392,0.18123951787274736,0.00011880901109329045,activity_1_catboost_tweedie
act_drone_strike_on_ua_target_lag-7,0.08039177544582789,0.12513972918006297,0.034643836860130055,0.05964956179553524,0.057434590604074916,0.0664238640820063,0.06667834302665081,7.04358879791478e-05,0.00028642538190257747,2.2682591707545717e-05,0.00023568258160195922,3.23882345208748e-05,0.00014376079002282883,3.44261682926561e-05,0.07005167157061261,0.00011797166228965572,activity_1_catboost_tweedie
darts_enc_fc_cyc_month_sin_futcov_lag6,0.1191057081704068,0.08670994743983333,0.2035120358822852,0.05012117495767382,0.23247822913690638,0.082529679376798,0.3239102364314124,6.579765480072553e-05,0.00013270518504584494,8.885954952675412e-05,0.00014452009663656895,0.0001229407557886919,0.00010523278250316182,0.0001657205059058642,0.1569095730564737,0.00011796807574394449,activity_1_catboost_tweedie
darts_enc_fc_cyc_dayofweek_cos_futcov_lag6,0.012553350051673415,0.17519074695091136,0.13808253954730557,0.2558098396649302,0.08293932237288945,0.3244234858148976,0.32027613295487456,2.3427869519387913e-05,0.00014406318164468247,0.00013437191169629603,0.0002691080391120426,7.456149083788777e-05,7.267720045895931e-05,9.980747647415633e-05,0.18703934533678318,0.00011685959567763034,activity_1_catboost_tweedie
darts_enc_fc_cyc_week_cos_futcov_lag-2,0.165640958461009,0.15600140928539616,0.08559764982230185,0.2695589904872396,0.10359851274324275,0.16026722522612702,0.0771002515487731,0.00014541122084503754,0.00014689605641302617,6.723526455878481e-05,0.000234938466710366,5.391436172801356e-05,7.069891095521364e-05,8.152916472303762e-05,0.14539499965344135,0.00011437477799049706,activity_1_catboost_tweedie
rolling_rsum14_14_dist_to_nearest_ru_km_pastcov_lag-14,0.2884213121569906,0.11348802033182763,0.23996833113046345,0.28661900384757727,0.2578364560436624,0.2653082356870439,0.40107656464422053,0.00012588509724573705,1.899638371556378e-05,0.00015376431288649517,3.357239693613234e-05,0.00015800438703592601,0.0001190696698566418,0.00015928346186053766,0.2646739891202551,0.00010979652993386197,activity_1_catboost_tweedie
darts_enc_fc_cyc_dayofyear_cos_futcov_lag5,0.07968251002412838,0.07084259099004492,0.018307216559416542,0.054013845540986295,0.11953266805365272,0.20228100224881457,0.07248616527843305,-4.5786913517509296e-05,-2.2686509686398183e-07,-3.442525380674688e-05,5.37302201683465e-05,0.0005121377064986277,0.00019885289934218342,6.886650257638127e-05,0.08816371409935377,0.0001075926137377741,activity_1_catboost_tweedie
rolling_rmean28_28_total_ru_area_km2_pastcov_lag-14,0.1651143242743008,0.5164287399109033,0.39009635973285767,0.31918603530081724,0.16022469863883393,0.0858209476628759,0.3830320777696346,9.671968561171251e-05,8.213277925843699e-05,0.000120026941651874,0.0001912579828204475,7.825994010564052e-05,5.0596845614769845e-05,0.00012195630352178633,0.288557597612889,0.00010585006836923823,activity_1_catboost_tweedie
act_drone_strike_on_ua_target_lag-4,0.04265809699782381,0.0754682269384518,0.06579559971576784,0.12119208151029805,0.10342295703971048,0.05747284869985701,0.10802141828310198,2.3089021077105087e-05,3.051373214593145e-05,5.7625247466597254e-05,0.00013721338741246036,0.00021453868033827206,4.557967883558334e-05,0.00019749610877430878,0.08200446131214444,0.00010086512229289405,activity_1_catboost_tweedie
rolling_rmean28_28_dist_to_nearest_contested_km_pastcov_lag-14,0.09933793180266416,0.09415392236025277,0.013358846178735083,0.1422862325836922,0.018722403801647965,0.20633632734540694,0.4455225462093288,0.00010263512719470569,7.324467027136627e-06,1.3986810045496512e-05,0.0001159329911321727,2.041676104380663e-05,0.00013803312975064764,0.0003032352710757635,0.14567403004024684,0.00010022350818138989,activity_1_catboost_tweedie
darts_enc_fc_cyc_dayofyear_sin_futcov_lag1,0.051086686846547054,0.0736370266139147,0.04527445609439314,0.15909304836754506,0.17410518743489675,0.09383915607556546,0.03608288475131353,8.567326943613729e-05,0.00017412693956251336,0.00011089793324383645,0.00012783890080811933,0.00010587290325432263,4.135736553589897e-05,4.3601189180964003e-05,0.0904454923120251,9.848121443168456e-05,activity_1_catboost_tweedie
ewm_expdecay7_dist_to_nearest_contested_km_pastcov_lag-14,0.0015433863150792401,0.14492853480671142,0.1078444182925595,0.11416336235172514,0.331159920771246,0.02944795567004933,0.014388313943068259,3.459235323144405e-06,0.0001681644511742908,0.00012307667952693446,5.9243926811825e-05,0.00023018702165715775,4.802152233567281e-05,2.2089654444701344e-05,0.106210841735777,9.346321303910381e-05,activity_1_catboost_tweedie
darts_enc_fc_cyc_dayofyear_sin_futcov_lag2,0.24628948364258693,0.18888539006634347,0.10406166121857452,0.15877300545370324,0.16956067238864317,0.19011900699511003,0.11623145931095394,0.00014253277478251113,3.2789065841454244e-05,5.6171674526850345e-05,0.00011023190073977673,7.73219329788022e-05,0.0001431146769057534,6.0852691865509456e-05,0.16770295415370215,8.900210252009392e-05,activity_1_catboost_tweedie
ewm_ewma14_acled_other_ua_armed_clash_pastcov_lag-1,0.06610761507492412,0.02041345127526682,0.053416550686236394,0.025396384228001542,0.009075796829275957,0.020743862666564108,0.11043735007343645,0.0001779062862584002,5.137131997179356e-05,3.3080574641308755e-05,1.0780108807062483e-05,6.137090821112245e-06,5.924413898514835e-05,0.00025856045466081666,0.04365585869052934,8.529713916366318e-05,activity_1_catboost_tweedie
darts_enc_fc_cyc_dayofyear_sin_futcov_lag-1,0.10464534951316978,0.10515003544310884,0.10641106704997061,0.04609404889721615,0.030523694186547507,0.08248111513523206,0.06501335568209632,9.811948248106273e-05,0.00011446664554430886,0.00011674307982278975,3.319452341483675e-05,4.327169303059985e-05,7.491290768841807e-05,0.0001044648809124915,0.07718838084390589,8.359617327064393e-05,activity_1_catboost_tweedie
ewm_ewma14_acled_other_ua_armed_clash_pastcov_lag-14,0.0691385250847475,0.06470189693272108,1.3253780142301207e-05,0.022587049639469746,0.006815832416991047,0.10725373685878575,0.040965509665595146,0.0003787823328457618,9.974536817427548e-05,-4.4120356945676063e-08,1.579755879843603e-05,8.239711284341312e-06,4.1071315519536354e-05,2.0194797120809406e-05,0.04449654348263609,8.054099476945923e-05,activity_1_catboost_tweedie
act_drone_strike_on_ua_target_lag-6,0.03960188863716697,0.04834364773070418,0.07424726161252984,0.019187699861363462,0.05242437229692644,0.026899758431744535,0.004036497254946313,2.6177267368443503e-05,6.086583267590484e-05,0.00021389364858352965,1.5282646479564123e-05,0.00021737345533656693,1.4736267086723487e-05,-1.3826279424922206e-06,0.03782016083219739,7.813521279832006e-05,activity_1_catboost_tweedie
rolling_rmean28_28_acled_other_rus_shelling_artillery_missile_attack_pastcov_lag-14,0.07620153044054832,0.21654807291300393,0.13353573568575225,0.12246817657682171,0.09505262781123278,0.0883456220256787,0.21431447424254696,5.3989443337099095e-05,0.00013765162984666902,5.997456472037754e-05,0.00010336297332946831,3.298407553422589e-05,4.423254727088377e-05,0.00011445665818647921,0.13520946281365495,7.809312746074327e-05,activity_1_catboost_tweedie
rolling_rmean28_28_total_ru_area_km2_pastcov_lag-1,0.028211766692538713,0.1680727828249203,0.04461720900348711,0.14173441539254752,0.09151520170468959,0.02861084688193394,0.13613548433434028,4.641771821543017e-05,5.944026024802262e-05,3.72533816567433e-05,0.00018785388293101056,6.0144085129265615e-05,4.109228479456384e-05,0.00011311070475856777,0.09127110097635108,7.790175967622913e-05,activity_1_catboost_tweedie
ewm_ewma14_acled_other_rus_disrupted_weapons_use_pastcov_lag-14,0.30753895515506946,0.09598046085955894,0.13949990194253062,0.13746100798573024,0.11479540438143299,0.06171815305198093,0.0545971136009138,0.00021812809038563864,2.5468929382110873e-05,2.6690050668576326e-05,5.019796725074244e-05,5.176271331288618e-05,4.323831541226397e-05,0.00010553956408461129,0.13022728528245955,7.443223292811853e-05,activity_1_catboost_tweedie
darts_enc_fc_cyc_month_cos_futcov_lag1,0.194196971697295,0.07966410148126085,0.21339871686543108,0.053084142779055904,0.044738741761410586,0.017647867992699812,0.08556516102901332,0.0001704052822995461,7.334808594301467e-05,0.00011232179685360943,6.068450608833764e-05,2.149038233101308e-06,-2.1199428714613334e-05,0.00010169362007397264,0.0983279576580238,7.134327153956693e-05,activity_1_catboost_tweedie
darts_enc_fc_cyc_dayofweek_cos_futcov_lag-2,0.11660705706195383,0.274497543076984,0.03784650151272275,0.353605724019443,0.2718230594172638,0.44818201315184214,0.1805899730546453,6.658720824641584e-05,0.0001250618449776031,-6.297210666621478e-05,8.623614683507252e-05,4.502174618865595e-05,0.0001359852105939252,9.042805683854294e-05,0.24045026732783642,6.947830100200011e-05,activity_1_catboost_tweedie
darts_enc_fc_cyc_week_cos_futcov_lag3,0.19712777726135103,0.2335299242192878,0.09452718316939035,0.09581200414551014,0.37040551114662107,0.294710272087563,0.11889958912672863,-6.558847441411331e-05,9.756910072398207e-05,2.402730032269318e-05,4.6040047440665254e-05,0.00017667985647367156,0.00011685068549303069,8.049568749901592e-05,0.20071603730806456,6.801060050556362e-05,activity_1_catboost_tweedie
act_drone_strike_on_ua_target_lag-3,0.14861225638468809,0.011142216498460625,0.0005078948965073117,0.0340285771892736,0.017554012799422026,0.041728172575904734,0.00452295997877903,0.0002851586232745174,1.5557883786598836e-05,2.717003029228948e-08,4.161098452839518e-05,3.095207424652635e-05,5.1513301133154775e-05,9.257184777045069e-06,0.03687087004614792,6.20110316823614e-05,activity_1_catboost_tweedie
darts_enc_fc_cyc_week_cos_futcov_lag5,0.11903565887140147,0.07946531283582937,0.08074008038712611,0.16987407296605178,0.09161657982209355,0.11589100537301823,0.14274143077964935,0.00011357168545733654,5.400712125245288e-05,5.709404500791049e-05,1.2523362326843923e-05,4.369946987732298e-05,6.22670484499821e-05,7.602839234486237e-05,0.11419487729073856,5.988444638810162e-05,activity_1_catboost_tweedie
darts_enc_fc_cyc_month_cos_futcov_lag4,0.038741904403484476,0.04086622240394147,0.0503211881789514,0.07251196102572982,0.09174854010324959,0.025930519030463672,0.027995522213263874,0.00010450041948997235,3.38878147877697e-05,4.81680139649221e-05,6.618702268945675e-05,6.20240588111054e-05,3.052576723401312e-05,7.054698619368693e-05,0.04973083676558348,5.940572616727519e-05,activity_1_catboost_tweedie
rolling_rsum7_7_acled_other_rus_shelling_artillery_missile_attack_pastcov_lag-14,0.2013048997337818,0.07542848361387801,0.05719768581559973,0.050599400186952206,0.045997431701396585,0.03981471391496007,0.09758660508058463,0.00020155358875497686,5.9468118227634646e-05,2.897743457335178e-05,4.111521288807651e-05,1.3292217517424377e-05,-5.700338974401475e-07,6.249165925431566e-05,0.08113274572102185,5.8046885331191374e-05,activity_1_catboost_tweedie
darts_enc_fc_cyc_month_sin_futcov_lag1,0.03941169060534564,0.07109610570393957,0.0550354712838184,0.013163551107358127,0.06705723605318435,0.06824874003748771,0.13808718868057215,5.2681949851063335e-05,9.855781321261858e-05,0.00010776862841659352,1.1786453467133029e-05,7.934756333902727e-05,-3.7485181847429775e-09,4.945936318967448e-05,0.06458571192452943,5.70854318511322e-05,activity_1_catboost_tweedie
darts_enc_fc_cyc_month_cos_futcov_lag6,0.04168585549590071,0.08656030658320685,0.2516329206752339,0.06075451048998544,0.08877426136076134,0.3493930169640459,0.04312269304967584,-6.102893318171709e-06,4.770955703470303e-05,9.462003445033229e-05,3.986485867484291e-05,2.3714221646242704e-05,0.00021308919639821954,-2.8668171048207293e-05,0.1317033663741157,5.4889543405423065e-05,activity_1_catboost_tweedie
darts_enc_fc_cyc_month_cos_futcov_lag-1,0.06582764484935182,0.018418210775285583,0.17690171630472482,0.041104865948972655,0.1963846733863271,0.04689083238297123,0.08984169693534458,2.2127171781782806e-05,1.43821323977944e-05,0.00010203404119590864,3.400197174034947e-05,5.7712526518760576e-05,3.583857572895255e-05,0.00010865166831786066,0.09076709151185398,5.353544109734415e-05,activity_1_catboost_tweedie
darts_enc_fc_cyc_dayofweek_cos_futcov_lag4,0.2683083928201248,0.04155379061484147,0.060511568201392515,0.19717891164159823,0.14606627569132047,0.213236382400146,0.10110715287085636,0.00011803246742960737,2.4816979503761162e-05,6.640332706833174e-05,5.7260708068684886e-05,7.969368911011631e-05,7.667312179027164e-06,1.9062514773104942e-05,0.14685178203432572,5.327671401894765e-05,activity_1_catboost_tweedie
ewm_ewma14_act_drone_infra_ua_energy_intent_pastcov_lag-14,0.04698004274238887,0.0016927356494454773,0.15066907352122716,0.0008685254928506499,0.0005089609484774466,0.08777964925680709,0.005426881856991286,3.740118805635184e-05,-2.5253524965562767e-05,0.00022829001834947515,-4.570990336461023e-05,-5.024713388732671e-05,0.0001668755624482543,6.126279676468282e-05,0.04198940992402685,5.323128620018063e-05,activity_1_catboost_tweedie
rolling_rmean28_28_acled_other_rus_shelling_artillery_missile_attack_pastcov_lag-1,0.1818509007747228,0.161260168187898,0.16789271887426077,0.07392630459027597,0.13444230639277974,0.09752083031243877,0.18362195133918857,9.497176107537974e-05,2.9702761032290857e-05,0.00010989714902520653,7.560180242949244e-07,5.9996098313797044e-05,8.728329368090648e-06,6.630178258608677e-05,0.14293074006736636,5.290769991787807e-05,activity_1_catboost_tweedie
darts_enc_fc_cyc_month_sin_futcov_lag3,0.01223083318768629,0.05791668598150135,0.023661621793535863,0.047488412492542695,0.052185608598782185,0.1220276029429096,0.07229109129820308,-4.0030494608434e-06,4.697860521389874e-05,1.2360651115272959e-05,0.00012008115083586012,3.63346325102043e-05,0.00014623978093877276,6.034554617717625e-06,0.05540026518502301,5.200376082441187e-05,activity_1_catboost_tweedie
darts_enc_fc_cyc_week_cos_futcov_lag0,0.11365985617563946,0.18591278612455348,0.1340997486629248,0.05161217110755119,0.10518070946644234,0.1333540666883434,0.12437668007840992,1.3233719829841562e-05,4.8629271889644166e-05,7.052727373670908e-05,-9.483041761537691e-06,8.8495956875434e-06,3.498961345880236e-05,0.00015161213096728243,0.12117085975769494,4.547979482975505e-05,activity_1_catboost_tweedie
darts_enc_fc_cyc_week_cos_futcov_lag2,0.047913127405992045,0.21176691435709818,0.056666572736201924,0.12529118341461098,0.011737837481064415,0.16220196852412924,0.008817682844852083,2.916785931519339e-05,0.00012643569890393724,3.454526575643602e-05,1.634571092319348e-05,-2.343662136428115e-06,0.00010242126589670164,8.845902441967369e-06,0.08919932668056411,4.505972015728586e-05,activity_1_catboost_tweedie
act_drone_strike_on_ua_target_lag-5,0.004352079099895316,0.00981480622491906,0.027153284138049877,0.05298672825283446,0.011772678509728135,0.0532442770385584,0.0003422064952857783,1.2340994454973498e-05,2.171970954740754e-05,2.208670773145016e-05,0.00011308927578268513,5.024975276990418e-06,0.00014081988443264136,9.994480902886238e-08,0.022809437108467286,4.502592743359671e-05,activity_1_catboost_tweedie
darts_enc_fc_cyc_week_cos_futcov_lag6,0.07228150153801781,0.05736433474545934,0.11359459942684967,0.15575905761471162,0.17216767366420369,0.25961673038627003,0.07690798209191484,5.2719001541712275e-05,1.2209005608943002e-05,5.283129630782035e-05,8.206142427655828e-05,-7.4234730590427844e-06,8.542061531342515e-05,9.510376904886542e-07,0.1296702684953467,3.982412966855784e-05,activity_1_catboost_tweedie
ewm_ewma14_acled_other_rus_armed_clash_pastcov_lag-1,0.03250452427049308,0.030971496782525417,0.1436386109552444,0.017442878029469224,0.011061869365556157,0.06941690329250874,0.11008282160467239,2.0051708032187142e-05,5.398073714379947e-05,5.814385885019036e-05,3.0007502815077026e-05,2.2328818701566887e-06,2.337241808949564e-05,7.741830310945553e-05,0.059302729185781354,3.788677284433741e-05,activity_1_catboost_tweedie
darts_enc_fc_cyc_week_sin_futcov_lag2,0.07938305941431294,0.030948528269678935,0.09584480783616987,0.02984806223592694,0.07573069295947188,0.29816550954773624,0.07323493483303828,5.2238693415418425e-06,-4.361797093472841e-05,1.4498950045971349e-05,-1.2034473570676774e-05,7.894030809700859e-05,0.00019128053119825682,2.640691182878019e-05,0.09759365644233357,3.7242589429450513e-05,activity_1_catboost_tweedie
ewm_ewma14_acled_other_rus_armed_clash_pastcov_lag-7,0.0036002182055940666,0.027645443665557892,0.04380928097564942,0.008815003303301455,0.01847665721724889,0.014207620043054708,0.059249583007157866,1.3800985783074536e-07,1.6530771648115562e-05,1.3680150124106839e-05,2.6211218930805024e-05,2.5212208211100595e-05,2.2104550839951997e-05,0.000155613159147161,0.02511482948822347,3.707000982272454e-05,activity_1_catboost_tweedie
rolling_rsum7_7_acled_other_rus_shelling_artillery_missile_attack_pastcov_lag-7,0.022300666118299617,0.006201053215247047,0.08988971554788285,0.03198754676005728,0.023395632697691016,0.13470268631860544,0.09046274994602115,2.0749968256383865e-05,5.320207743531036e-06,2.034356036209051e-05,1.4104626832978084e-05,2.3533600861580516e-05,0.00010353207416717858,7.175503107117453e-05,0.056991435800543486,3.704843847070245e-05,activity_1_catboost_tweedie
darts_enc_fc_cyc_week_sin_futcov_lag6,0.19208513431847157,0.13129337582313952,0.09355567372202397,0.037310845734366875,0.15384937451878325,0.1562583432432392,0.1150131929344725,0.00012280795131094368,0.0001098558901614588,-6.676315456577431e-05,-0.00010109459561660205,3.459372039718023e-05,9.168501694929443e-05,6.409018345112649e-05,0.1256237057563567,3.6453573155375325e-05,activity_1_catboost_tweedie
act_drone_strike_on_ua_target_lag-2,0.013939382073758434,0.0505824843236471,0.0030035652324604347,0.02311234090765502,0.010026528900354452,0.04540725866741051,0.029590796190466336,7.27905058655054e-06,8.824498579897976e-05,1.0920419655668923e-05,3.980946463786328e-05,8.509064503492424e-06,4.4745925086542294e-05,4.935352618387068e-05,0.02509462232796461,3.5551776636138266e-05,activity_1_catboost_tweedie
darts_enc_fc_cyc_dayofyear_cos_futcov_lag-1,0.09504028118890775,0.1078483971403487,0.2004015419368324,0.07242047292720592,0.11992179749553036,0.4129258302815081,0.12227272301666924,2.521467547644818e-07,1.3168393709817039e-05,2.7797693099129717e-05,1.71047896004195e-05,3.290606251520334e-05,0.00018110456503677151,-3.02120815728113e-05,0.1615472919981432,3.4588795591899186e-05,activity_1_catboost_tweedie
darts_enc_fc_cyc_dayofweek_cos_futcov_lag-1,0.007289531102001925,0.030592287688606095,0.4703123558785102,0.061397784000953914,0.026387106665641678,0.24646320926138046,0.07834738422561803,-4.374267530420362e-05,-6.657160489731418e-06,0.0002167230801276787,1.9429890108146884e-05,-1.4255204535551514e-05,9.532009752275528e-05,-4.370488612619461e-05,0.13154137983181605,3.187330590041424e-05,activity_1_catboost_tweedie
rolling_rmean28_28_acled_other_rus_shelling_artillery_missile_attack_pastcov_lag-7,0.1550531173477017,0.037293094849208695,0.08722008899995452,0.10182538472461129,0.02462376035504061,0.0432136031471519,0.06869524218976845,6.205518737769644e-05,8.737676495673696e-07,1.3341662714183577e-05,9.680831960856562e-05,1.4228741331612227e-05,6.478608657078944e-06,1.9889098907932556e-05,0.0739891845162053,3.052505517809096e-05,activity_1_catboost_tweedie
darts_enc_fc_cyc_week_sin_futcov_lag-1,0.1703504612364781,0.06464818034178751,0.1366751430180209,0.18896143924667844,0.0988278127800535,0.12262854835863671,0.08456388014119474,4.914037263019644e-05,4.838667040254485e-05,1.928110053492915e-05,6.391692766480884e-05,3.7012766029853594e-06,3.413392943942828e-05,-5.697565791940029e-06,0.12380792358897855,3.0408958783278985e-05,activity_1_catboost_tweedie
darts_enc_fc_cyc_dayofyear_sin_futcov_lag-2,0.033690133914182685,0.10872666963612386,0.04275138778486075,0.04484623280118671,0.2850929193675209,0.07668933432003701,0.08782312227153245,-4.233597066625183e-05,-2.9190907461629224e-05,-1.7070991140455405e-05,-1.2622807363737997e-05,0.00017400131552200993,5.171761918605355e-05,7.458848970032239e-05,0.09708854287077776,2.844096396804449e-05,activity_1_catboost_tweedie
ewm_ewma14_acled_other_rus_disrupted_weapons_use_pastcov_lag-7,0.018754268506498525,0.0450196405960859,0.004406381236649835,0.018977288228478696,0.0,0.04223321262261702,0.001963515426554625,2.820139710473235e-05,1.5701607019091846e-05,3.2390350731770213e-06,1.4533501611269095e-05,0.0,0.00011720878018239844,3.5466527584349093e-06,0.01876490094526923,2.6061567678443383e-05,activity_1_catboost_tweedie
darts_enc_fc_cyc_dayofyear_cos_futcov_lag3,0.26443337824592944,0.24952357145017612,0.12798640456079186,0.26377443035672704,0.04054738717142149,0.17393201508726167,0.18520427488497293,7.542437509009404e-05,-2.9482282015003137e-05,0.0001378647876364214,8.429896855719488e-05,-9.690413836989098e-05,4.807126332280198e-05,-3.890577860479194e-05,0.18648592310818296,2.5766742230975175e-05,activity_1_catboost_tweedie
darts_enc_fc_cyc_week_sin_futcov_lag0,0.08961688374899837,0.13653897841458032,0.0360113973249195,0.055472378345980115,0.09172567360536384,0.07240498698964566,0.15732580397896537,4.96441637694911e-05,6.431264411894677e-05,2.0430452376762887e-06,-1.6155415493779302e-05,8.359555678350006e-07,-1.0266631040223295e-05,7.83634975698444e-05,0.0912994432012076,2.411103710425585e-05,activity_1_catboost_tweedie
rolling_rmean28_28_dist_x_clash_pastcov_lag-7,0.0,9.999519536459434e-05,0.004395557813588623,0.0011774919287633355,0.00012272616546220178,0.005672619601358223,0.0,0.0,1.6939128995030471e-07,4.529987673624891e-05,2.7556526220173794e-05,8.874294943339578e-09,5.991538534415586e-05,0.0,0.0016383415292195685,1.8992864840781743e-05,activity_1_catboost_tweedie
darts_enc_fc_cyc_month_cos_futcov_lag-2,0.059878656356141105,0.13511408887474216,0.08491052953633257,0.05552066120505615,0.08795563470576963,0.09458274495516675,0.07090872913329929,-2.8800767474201906e-05,7.596949121424501e-05,1.0140956191628803e-05,-5.037991914240703e-05,1.1083276217593862e-05,5.838667048219115e-05,4.448691413441175e-05,0.08412443496664394,1.7269517374780235e-05,activity_1_catboost_tweedie
ewm_ewma14_acled_other_rus_disrupted_weapons_use_pastcov_lag-1,0.02453408875952179,0.051170142573609315,0.0017499366051467373,0.10279380628460413,0.01534541481235141,0.15295850470243988,0.09571997127478046,-1.099918341669337e-05,9.603815176717489e-06,3.599658818576046e-07,3.727094274368348e-05,4.381755164106771e-06,4.463586066727476e-05,3.142408765488547e-05,0.06346740928749339,1.666817769597603e-05,activity_1_catboost_tweedie
darts_enc_fc_cyc_month_sin_futcov_lag-1,0.0022367016293336726,0.016468796196847192,0.0025553328557212777,0.001892722712140585,0.030964792873891808,0.01572875446816074,0.03889905644116802,-3.723460570070891e-06,1.68792010019736e-05,-5.181409511667567e-07,4.4355504517978875e-06,6.481202090282689e-05,3.008887079380962e-06,-1.575801116799891e-05,0.015535165311037614,9.876578106677541e-06,activity_1_catboost_tweedie
darts_enc_fc_cyc_month_cos_futcov_lag3,0.06794639506370811,0.1696759285291661,0.050087049520260156,0.14461341515324086,0.040799450384496345,0.04084629781626143,0.04284791964954272,2.3962425022672207e-05,0.00010920709334947266,-2.198886493529617e-05,3.128782412538111e-05,-7.228082874224384e-05,-7.276985409099268e-05,4.087948661486429e-05,0.07954520801666796,5.471040191979655e-06,activity_1_catboost_tweedie
rolling_rmean28_28_dist_x_clash_pastcov_lag-1,0.0,0.0013014116277543597,0.0,0.0,0.0,0.0,1.4322587953189015e-05,0.0,1.0357291405838076e-05,0.0,0.0,0.0,0.0,1.2392214465695162e-07,0.00018796203081536408,1.4973162214992896e-06,activity_1_catboost_tweedie
Activity_Level_statcov_target_act_drone_strike_on_ua,0.0,0.0,0.0,0.0,0.0,0.0,0.0,0.0,0.0,0.0,0.0,0.0,0.0,0.0,0.0,0.0,activity_1_catboost_tweedie
rolling_rmean28_28_dist_to_nearest_contested_km_pastcov_lag-7,0.25042989519957193,0.0967859040051021,0.22401831769345515,0.09459029685676223,0.27489142420367046,0.10532821263077458,0.14720929509065625,0.00010729755544229836,-7.921732206501719e-05,3.7812421496008496e-05,-3.147629805941854e-05,-5.139921402941283e-05,-4.898157157278149e-05,2.1204101203564642e-05,0.17046476366857038,-6.394332512108364e-06,activity_1_catboost_tweedie
darts_enc_fc_cyc_week_cos_futcov_lag4,0.018415329657283454,0.20143244118782577,0.10850779362536586,0.3002280122031733,0.10064612267483186,0.1340023736057703,0.18390107289537805,-0.00015935820641308496,1.0739378934387922e-05,-6.557459223708318e-05,2.072927810385927e-05,2.775012971314439e-05,-1.9860104194835414e-05,6.878711957618578e-05,0.1495904494070898,-1.6683856645346604e-05,activity_1_catboost_tweedie
rolling_rsum7_7_acled_other_rus_shelling_artillery_missile_attack_pastcov_lag-1,0.022716788263454555,0.03764934248345569,0.0220692243520177,0.05939624561616826,0.016231024299230606,0.01740108862150565,0.018938826884770128,-3.72273012940294e-05,-5.297215778354847e-05,-2.812924104904635e-05,3.872207883961476e-05,-9.781509779549503e-06,-2.3438380112361656e-05,-5.600616553107507e-05,0.02777179150294323,-2.4118953815713672e-05,activity_1_catboost_tweedie
darts_enc_fc_cyc_dayofyear_cos_futcov_lag-2,0.09657583448735982,0.08972640062040864,0.29574653744195756,0.1567881801979126,0.2546777685183586,0.14726605626837574,0.3209113106694968,-7.389858601012378e-05,-8.42817317260991e-05,0.00011198176393107939,-2.7682493573522037e-05,3.2607097459669276e-05,-0.00010550584550104159,-3.0148209903879675e-05,0.19452744117198142,-2.5275429331988212e-05,activity_1_catboost_tweedie
darts_enc_fc_cyc_dayofyear_cos_futcov_lag0,0.030980551455902505,0.011054003520892093,0.019913718404954792,0.05825768385191063,0.043718090381044024,0.1700454596955021,0.0260291085356663,2.3905451852579417e-05,-1.3740277773077737e-05,-6.555023721428465e-05,-4.705887672695752e-05,-7.490953631636988e-05,2.5145125911252288e-05,-6.905219836519371e-05,0.05142837369226749,-3.160864980457883e-05,activity_1_catboost_tweedie
darts_enc_fc_cyc_dayofyear_cos_futcov_lag2,0.047842076972923815,0.1877777190786958,0.18009542348141083,0.20948768349713498,0.08301348066622533,0.29007206991720424,0.10579501472437508,-8.460340173646052e-05,0.00018254470582146354,3.2002816831022685e-05,-4.9596986010458365e-05,-0.00015387531391919396,-4.203631073009806e-05,-0.00015562061287683894,0.15772620976256715,-3.87407289457948e-05,activity_1_catboost_tweedie
darts_enc_fc_cyc_month_sin_futcov_lag5,0.0658795719341817,0.03360775916365551,0.03705274336082334,0.010252332676938498,0.14362236960936686,0.20512774814470974,0.05510243726438979,-0.0001088220729002165,-7.775385045949434e-06,-5.377091006408818e-06,-0.0001476084692974,-1.482108954813377e-05,5.19117783218892e-05,-4.964630027297634e-05,0.07866356602200934,-4.030551853559938e-05,activity_1_catboost_tweedie
darts_enc_fc_cyc_week_cos_futcov_lag-1,0.26198641601268385,0.05670091204971004,0.4334815079624964,0.2361222025161938,0.20783253737524612,0.16654884851891139,0.08425099940233238,-4.7268419030377375e-05,-7.741814126802638e-05,-2.1217771648163187e-05,-1.723587777529012e-05,-6.829384814088791e-06,-7.052931624342839e-05,-0.0001268238549923195,0.20670334626251055,-5.247468082452768e-05,activity_1_catboost_tweedie
darts_enc_fc_cyc_month_sin_futcov_lag0,0.03771516120816501,0.030931379735833302,0.04832650278858818,0.0474195740339629,0.0542497685731772,0.1435524803484646,0.05330062147064055,-5.557429251388246e-05,-8.298154096271215e-05,-9.062717391672415e-05,-1.8163613534061262e-05,-3.0682728107711556e-05,-1.6486372738744314e-05,-9.156484817847143e-05,0.05935649830840454,-5.5154367136043904e-05,activity_1_catboost_tweedie
rolling_rmean28_28_act_total_daily_strike_events_pastcov_lag-1,0.10761748478623127,0.34835092628607944,0.1700189946249712,0.18510947157901644,0.3805791746908029,0.14665346207765556,0.3050277740020795,-0.0001782283183713096,3.430532697406008e-05,-6.63010038532752e-05,-0.0001505834967737485,5.853467546994562e-05,-0.00012350932980857986,-5.006648701451066e-05,0.23476532686383375,-6.797837619677401e-05,activity_1_catboost_tweedie
darts_enc_fc_cyc_dayofyear_sin_futcov_lag6,0.03969351185574392,0.10847329589872848,0.15093873889113632,0.06191311574639815,0.05674154873957135,0.31805516539686846,0.2061770676052988,-7.541100638555064e-05,-5.340308226835511e-05,-1.7059372941652384e-05,-0.0001346439167635882,-0.00018499251160712936,1.1563052733998269e-05,-7.258730771297905e-05,0.13457034916196364,-7.521916356360806e-05,activity_1_catboost_tweedie
darts_enc_fc_cyc_dayofyear_sin_futcov_lag3,0.07944749656440726,0.03900708438803991,0.031243758147116264,0.1023472316709101,0.13981504709929,0.14400128370906395,0.1457516335313769,-0.00010704500441809373,-0.0001001656079228308,-0.00017648370272080883,-0.00012666319346226195,-1.4234381831257359e-05,-5.587711902605985e-05,-9.85926842755891e-06,0.09737336215860062,-8.433261111555306e-05,activity_1_catboost_tweedie
darts_enc_fc_cyc_week_sin_futcov_lag3,0.10647437923068696,0.19375810564068977,0.023864245518929465,0.022123552604879606,0.06065126772375243,0.07424696164809332,0.04021665005613099,-3.487141941178606e-05,-6.671967216480557e-05,-0.0001180353185041838,-0.00011658033384407407,-6.745020173959393e-05,-5.81113781219722e-05,-0.000129287944980927,0.0744764517747375,-8.44366098239061e-05,activity_1_catboost_tweedie
darts_enc_fc_cyc_month_cos_futcov_lag5,0.058355355482158526,0.08435139036164242,0.099660024096203,0.19369484926524094,0.1668946928691891,0.15653907812581683,0.22313226635083602,-0.00010847941404885652,-6.150396388264756e-05,-0.00011036763495733126,-7.75398754693235e-05,-8.358283661611399e-05,-8.988145748676236e-05,-0.00010071300662792826,0.14037537950729811,-9.029545558413762e-05,activity_1_catboost_tweedie
darts_enc_fc_cyc_month_cos_futcov_lag2,0.11290892784850147,0.08041402649332874,0.08187847240095993,0.07306723009053522,0.2680832311177913,0.15389381077480707,0.09341063169264952,2.472508081936553e-05,-0.00018510346835316495,-0.00023652771455222598,-0.00014258212818312187,-0.00012971655514524283,-0.00026739433353784037,-0.00023328329634892954,0.12337947577408191,-0.00016712605932873713,activity_1_catboost_tweedie
darts_enc_fc_cyc_week_sin_futcov_lag1,0.10658699043004749,0.20378657163225655,0.04335222268826167,0.09292947016553237,0.13087954006733016,0.08245549900233273,0.19788889466610726,-0.00012454319099270973,-0.00019812136810470893,-0.00018726608877412955,-0.0002686834778791392,-0.0001435555404486921,-0.00020542146354505242,-6.255591089929791e-05,0.12255416980740974,-0.00017002100580624716,activity_1_catboost_tweedie
darts_enc_fc_cyc_month_cos_futcov_lag0,0.06286245268035887,0.24710602076478322,0.1533333518693451,0.04043330407775803,0.060627602143548044,0.11135032506026622,0.25985427997331967,-0.00019363917765211625,-0.00011537815939337559,-0.00019021666590222087,-0.0002306320329626299,-0.00012373440234956235,-0.00022360338275928537,-0.0001523507964474202,0.13365247665276844,-0.00017565065963808722,activity_1_catboost_tweedie
rolling_rmean28_28_act_total_daily_strike_events_pastcov_lag-14,1109.6144530773163,1500.6389434337616,3821.417883038521,2351.605795145035,1268.4707745313644,774.1692579984665,72.89951014518738,0.04254190021358861,0.050635774732598525,0.11275620237376478,0.07664152585703572,0.03633984154348489,0.02883577384452738,0.00044425170230035784,1556.973802481379,0.049742181466757185,activity_2_lightgbm_poisson
ewm_expdecay7_acled_other_ua_disrupted_weapons_use_pastcov_lag-1,616.3491684347391,594.4696679115295,573.9460195302963,567.7169814109802,579.5818798691034,1286.8287280201912,901.5238792896271,0.03350568082364884,0.019670651746739785,0.014931023888864314,0.015911882530380096,0.02665729830140893,0.0912148879824007,0.056512509157409505,731.4880463523524,0.03691484777583603,activity_2_lightgbm_poisson
env_weather_wind_direction_10m_dominant_futcov_lag0,102.53805238008499,1239.1458456739783,241.3530290722847,804.2426379919052,216.5231112241745,969.3485610187054,1431.4407190084457,0.002456225418306235,0.10237092748210094,0.004659389772182121,0.04142577673239709,0.00413684344373213,0.043707323999058766,0.053818990787503074,714.941708052797,0.03608221109075434,activity_2_lightgbm_poisson
env_weather_wind_direction_10m_dominant_futcov_lag3,472.1371760368347,471.69693714380264,910.8806132674217,215.44451904296875,1208.0830141603947,285.35324412584305,508.55475061107427,0.026440959711839997,0.04589461192344237,0.058187746476542276,0.004614877878848333,0.07330224360065829,0.00634558750919294,0.02660827536112671,581.7357506269057,0.03448490035166442,activity_2_lightgbm_poisson
env_weather_wind_direction_10m_dominant_futcov_lag4,554.1406288146973,643.7283133864403,427.3309944421053,1041.2958124876022,247.58854484558105,1028.9171996116638,572.3368574380875,0.018193236522894906,0.030542854001903486,0.03665040378381723,0.07287771579323701,0.005854825111907114,0.06035669341795733,0.014204154267620473,645.0483358608825,0.0340971261284768,activity_2_lightgbm_poisson
env_weather_wind_direction_10m_dominant_futcov_lag-1,1195.377517938614,343.7181028723717,540.5371629595757,198.18678790330887,1082.8375423401594,972.4937821030617,231.63843071460724,0.07939361509684166,0.011159407690504297,0.04437917331920453,0.004986942255500293,0.04751674139588467,0.03238694017017083,0.00470695897102742,652.1127609759569,0.03207568269987624,activity_2_lightgbm_poisson
env_weather_wind_direction_10m_dominant_futcov_lag2,442.96283078193665,641.1987714767456,130.8160392343998,1299.5563523173332,316.0071041584015,481.63757295999676,260.0407610498369,0.0411157299330752,0.05308540954847259,0.002195714642367186,0.08229372807241195,0.00841407987646936,0.027067394021278335,0.006184273570179854,510.3170617112358,0.031479475666322074,activity_2_lightgbm_poisson
env_weather_wind_direction_10m_dominant_futcov_lag5,255.07404166460037,280.58822906017303,595.5234065949917,549.7514879703522,863.028173148632,326.643744379282,1117.2994025349617,0.00440927582321089,0.005500557960189556,0.02054483876447035,0.03729899012542888,0.05829197438575697,0.007354884469147738,0.08608757690961251,569.7012121932847,0.031355442633973836,activity_2_lightgbm_poisson
env_weather_wind_direction_10m_dominant_futcov_lag1,591.1155788898468,165.74247121810913,1213.199036732316,428.4548442363739,560.4372075498104,199.55333772301674,811.7859911322594,0.03955172285141408,0.0034132362192127895,0.09414464464202373,0.008866054574439897,0.01285717380720448,0.003720916118304496,0.044057520638973856,567.1840667831046,0.029515895550224762,activity_2_lightgbm_poisson
ewm_ewma14_act_total_damage_events_pastcov_lag-1,131.994579911232,35.411189556121826,144.94542980194092,589.2555803060532,2496.744249343872,261.8027765750885,1502.1857327222824,0.0025799467106234486,0.0008014773874782444,0.0027288536507893866,0.02852949154705329,0.09515532875520336,0.007666401832048519,0.059471552090395986,737.4770768880844,0.028133293139084605,activity_2_lightgbm_poisson
ewm_expdecay7_act_total_damage_events_pastcov_lag-7,462.8573787212372,532.7457533478737,197.08656483888626,535.4557001590729,298.15217995643616,302.72075836360455,761.3437883853912,0.025949213398691294,0.024554193909578893,0.004187058523781206,0.044079312086260744,0.019821559856005377,0.003996494402625261,0.059210381728975525,441.4803033960717,0.025971173415131187,activity_2_lightgbm_poisson
ewm_ewma14_acled_other_rus_disrupted_weapons_use_pastcov_lag-14,425.085574388504,368.25870871543884,591.6410378217697,42.91364002227783,79.63833010196686,54.231911063194275,65.27100050449371,0.030378171828879162,0.0410362596946372,0.10194225817202192,0.0010223619230272484,0.0023802665400168843,0.0004789089878573627,0.0007978099642324654,232.4343146596636,0.02543371958723889,activity_2_lightgbm_poisson
ewm_ewma14_acled_other_rus_armed_clash_pastcov_lag-1,56.008588045835495,742.9333801269531,834.4638670682907,861.9277623295784,72.97503066062927,277.70723056793213,12.144729852676392,0.0040115078940637485,0.04397676184216146,0.07693681811156924,0.04201348583686306,0.0006654795463082675,0.00907996343529791,9.23794339602324e-05,408.30865552169934,0.025253770871460562,activity_2_lightgbm_poisson
ewm_ewma14_act_total_daily_strike_events_pastcov_lag-14,316.7521810233593,226.2450233399868,1740.5941920280457,96.83514070510864,46.6668701171875,1753.6089262962341,106.11760759353638,0.03454503633162267,0.010993549463437401,0.05264430863828138,0.002408660923568351,0.002165623190172661,0.06814665494202443,0.002818052980875918,612.4028487290655,0.024817412352854683,activity_2_lightgbm_poisson
ewm_expdecay7_act_total_damage_events_pastcov_lag-14,139.02687454223633,706.3354060649872,1346.2486419081688,413.7722294330597,218.7023389339447,230.41000032424927,99.97162279486656,0.0022587156361591142,0.03907165980381231,0.087068357064918,0.021802430425283136,0.006191271963754352,0.00483168561846703,0.004416245441633393,450.6381591430732,0.023662909422003903,activity_2_lightgbm_poisson
ewm_ewma14_acled_other_rus_armed_clash_pastcov_lag-14,82.24835503101349,48.54614996910095,119.56525981426239,250.1349037885666,1241.901492357254,466.08066523075104,474.4527897834778,0.003475377285290282,0.0006585414909691778,0.0036780467245527194,0.010382283645103518,0.08403312341169636,0.028009699104344567,0.035395557869717466,383.27565942491805,0.023661804218810582,activity_2_lightgbm_poisson
ewm_expdecay7_fin_usd_rub_rate_pastcov_lag-1,108.3506600856781,34.563119769096375,871.1235138177872,695.6935082674026,526.261569082737,311.4424421787262,107.58455389738083,0.002281675841450803,0.0003252452148002849,0.04820425764459953,0.07951598819294539,0.022905324153339034,0.002991155154352909,0.0021016058073066502,379.28848101411546,0.022617893144113516,activity_2_lightgbm_poisson
env_weather_wind_direction_10m_dominant_futcov_lag-2,526.5601406395435,546.9491995722055,92.95077383518219,914.6788779497147,966.325288772583,146.13423037528992,228.0676304101944,0.01279834006848859,0.025872629030445692,0.001999922718017233,0.0573694787148318,0.048651478317929084,0.0018720209236537944,0.006168332397353126,488.80944879353046,0.022104600310102758,activity_2_lightgbm_poisson
ewm_ewma14_act_total_daily_strike_events_pastcov_lag-7,3155.1636068224907,150.62768137454987,67.77335345745087,16.856715992093086,132.3490493297577,908.6759713888168,59.23699069023132,0.09347655335935261,0.009698686594736827,0.0038953831705446085,0.00040676369118521907,0.005734020806038709,0.03704818520701658,0.0013428087585250158,641.5261955793414,0.021657485941057087,activity_2_lightgbm_poisson
ewm_ewma14_acled_other_ua_disrupted_weapons_use_pastcov_lag-1,716.2601280808449,1108.8501334786415,823.1159002780914,581.3108098506927,654.5040617585182,538.2885925769806,264.0574003458023,0.02464071128770411,0.03658009858044355,0.025062181697656883,0.01462215910591944,0.027977738651853358,0.016459614091611653,0.005189150794876829,669.4838609099388,0.021504522030009403,activity_2_lightgbm_poisson
rolling_rsum7_7_act_total_daily_strike_events_pastcov_lag-1,27.961704969406128,2882.968778371811,86.86840987205505,228.67237490415573,36.390540599823,272.00931906700134,407.8299150019884,0.001702552350083497,0.10694923604211211,0.0030859873350646883,0.008238202932306548,0.001224172002631474,0.008004910227320616,0.01736879047021935,563.2430061123201,0.020939121622819756,activity_2_lightgbm_poisson
env_weather_pressure_msl_min_futcov_lag5,813.7977811098099,351.6086683869362,52.941351145505905,428.45866894721985,426.838623046875,201.34519982337952,801.2754518985748,0.05180260168758939,0.014671372344994693,0.0009350851319928522,0.013763713223444695,0.02096245498332434,0.0034747970877786693,0.031739936302590685,439.46653490832875,0.019621422965959333,activity_2_lightgbm_poisson
ewm_expdecay7_act_total_damage_events_pastcov_lag-1,609.1521964669228,1784.0339102745056,112.88577020168304,272.91526985168457,387.71074664592743,357.1990385055542,371.3263016939163,0.03423282302458082,0.04794617435551152,0.004866663646837832,0.011204070689697998,0.0016964991815004772,0.014916837583846921,0.021700522981395732,556.4604619485991,0.019509084494767327,activity_2_lightgbm_poisson
ewm_ewma14_act_total_daily_strike_events_pastcov_lag-1,91.59786868095398,816.494647204876,155.5372405052185,261.13172245025635,390.6529996395111,119.75529026985168,3291.0365998744965,0.000667603749136969,0.02692194576514617,0.004557993820453699,0.005532724400151845,0.007200350984686565,0.005239637983210898,0.08618333058775404,732.3151955178806,0.019471941041505743,activity_2_lightgbm_poisson
ewm_expdecay7_acled_other_rus_shelling_artillery_missile_attack_pastcov_lag-7,310.4523513317108,415.465092420578,90.1370496749878,146.86669063568115,200.7404499053955,821.1537775993347,249.53887164592743,0.014694219230130656,0.062324020941615196,0.003945128654779584,0.003356007701431518,0.0026414921196226127,0.0378848147755211,0.00899021421866102,319.1934690305165,0.0191194139488231,activity_2_lightgbm_poisson
rolling_rmean28_28_act_total_daily_strike_events_pastcov_lag-1,10.64739978313446,3.536829948425293,54.50321006774902,999.0966739654541,1438.9563148021698,1829.1526350975037,23.484015809372067,7.000141774426982e-05,4.5145805058899315e-05,0.0016241444187131248,0.03825236528216036,0.04198411920645795,0.05020790228401299,0.0010592971548131214,622.768154210544,0.019034710795565814,activity_2_lightgbm_poisson
env_weather_cloud_cover_mean_futcov_lag-2,106.17618563771248,514.0190458893776,347.7597412467003,139.26695036888123,345.44898384064436,692.755045235157,717.4486989676952,0.0022681799776629098,0.021018958200646764,0.030895631888032637,0.0017872757603843547,0.00984575984738092,0.034978161402646,0.031737486284735716,408.98209302659546,0.018933064765927043,activity_2_lightgbm_poisson
ewm_expdecay7_act_total_daily_strike_events_pastcov_lag-7,220.9678920507431,539.2580412626266,43.00439965724945,1407.216971874237,507.6200977563858,759.7804689407349,208.36424238979816,0.007246032651595335,0.0019249030268064793,0.00037945126451826016,0.06484734557069112,0.017034388837869896,0.020107474970492013,0.007557013497016563,526.6017305616822,0.01701380140271281,activity_2_lightgbm_poisson
env_weather_pressure_msl_min_futcov_lag6,75.81697034835815,391.30246138572693,568.5804201364517,392.26531559228897,169.44648760557175,489.32158603379503,405.34917998313904,0.0026383540379596227,0.015227852505660788,0.04514021905373389,0.015164592545797361,0.0051175380581132135,0.01938558680803155,0.013280502891174172,356.01177444076166,0.016564949414352943,activity_2_lightgbm_poisson
env_weather_cloud_cover_mean_futcov_lag4,425.19950222969055,406.5281820297241,171.21442383527756,126.11753916740417,425.0932779312134,981.6689215898514,108.36208535730839,0.025122339521849703,0.015750187098629943,0.009556882779501952,0.0026080203384989177,0.019583251533937317,0.03944481596261373,0.0018580394714581062,377.7405617343528,0.01627479095806995,activity_2_lightgbm_poisson
env_weather_wind_gusts_10m_max_futcov_lag4,342.69106896966696,557.1316801309586,228.69408190250397,383.28307142853737,266.6397782564163,386.99240922927856,56.868499875068665,0.029077775424020368,0.03129356571710964,0.009208047731774683,0.017959463665938414,0.007948144887843834,0.012175506507820576,0.0024088743734872243,317.4715128274901,0.015724482615427818,activity_2_lightgbm_poisson
env_weather_cloud_cover_mean_futcov_lag-1,1030.3985273838043,118.23436652123928,309.24543661251664,352.30389265716076,177.6416735947132,332.376779794693,572.6604546904564,0.02580842954741931,0.003432754951280548,0.01175694407205936,0.02164678006915919,0.002844011374644917,0.003667839560370556,0.03948112681081175,413.2658758935119,0.015519698055106517,activity_2_lightgbm_poisson
env_weather_cloud_cover_mean_futcov_lag6,763.5944013595581,255.21017146110535,267.8712786436081,318.0652815103531,222.0371859036386,94.02774706482887,418.02173587679863,0.04769401922995533,0.005593839958323232,0.009503774846858114,0.009472045808551077,0.013521034412247257,0.0010009463893739135,0.021240649806294854,334.11825740284155,0.015432330064514822,activity_2_lightgbm_poisson
env_weather_cloud_cover_mean_futcov_lag2,215.717924118042,143.94312036037445,250.12785255908966,1310.2919523715973,121.23248410224915,632.2617584168911,368.51319497823715,0.0044689992323258656,0.0018656133881566062,0.009606754550271046,0.03681675711314096,0.001789676527391193,0.030388717667617728,0.023088412268979442,434.5840409866401,0.015432132963983264,activity_2_lightgbm_poisson
env_weather_wind_direction_10m_dominant_futcov_lag6,155.76355040073395,289.6473982036114,172.61847937107086,362.1790984272957,250.7158288359642,740.1616724729538,180.49157816171646,0.002249305587431727,0.008751620440850405,0.005594270720011419,0.012312238914548912,0.026377808140682735,0.047478895899421114,0.0034317131754636244,307.368229410478,0.015170836125487133,activity_2_lightgbm_poisson
ewm_ewma14_act_total_damage_events_pastcov_lag-7,1397.00802013278,37.935269832611084,76.85981965065002,108.54957008361816,1164.7054333686829,84.09478986263275,378.98315024375916,0.06317775188955929,0.0005310816636914462,0.0037073908837067294,0.0020881268676514963,0.03182780154216169,0.001195789136053027,0.002030575293211534,464.01943616781915,0.014936931039433604,activity_2_lightgbm_poisson
env_weather_cloud_cover_mean_futcov_lag1,147.96229258179665,198.3036004304886,1089.9620814323425,164.02847027778625,571.5563774108887,249.72712168097496,201.78879964351654,0.0019171287375952194,0.011375260432945766,0.04463756721981045,0.005390114790055645,0.025725202107679968,0.012054018869620254,0.0022113694221105318,374.76124906539917,0.014758665939973976,activity_2_lightgbm_poisson
ewm_expdecay7_com_aid_humanitarian_pastcov_lag-7,203.5068405866623,528.2002545893192,495.97627721726894,759.2367564644665,643.1728280708194,222.49359315633774,542.4179941117764,0.0040759375833505865,0.032205840324352385,0.01022681451641554,0.02233727303566564,0.012817480569677953,0.005665181279676168,0.014701747075922622,485.00064917095006,0.014575753483580126,activity_2_lightgbm_poisson
env_weather_wind_speed_10m_mean_futcov_lag6,183.71603352949023,769.0262216329575,162.8525059223175,317.1405404806137,492.82605868577957,480.75090861320496,545.9377680122852,0.007312724194447617,0.03436648778624627,0.002203620982553822,0.00565115814605126,0.01664763165624301,0.021772829663425485,0.011871537025882572,421.75000526809265,0.014260855636407149,activity_2_lightgbm_poisson
env_weather_cloud_cover_mean_futcov_lag3,93.31475043296814,151.67796033620834,148.92412346601486,355.6968398094177,1084.4687186479568,117.62104815244675,623.8412994742393,0.0018867745932114933,0.003289148048169421,0.0026777152013852446,0.017908299694483244,0.04532397475454588,0.001686010294226703,0.02689064577006437,367.93496290275027,0.014237509765155195,activity_2_lightgbm_poisson
ewm_expdecay7_acled_other_ua_disrupted_weapons_use_pastcov_lag-7,772.575897693634,532.0651385784149,121.77053120080382,320.21071821451187,229.9880290031433,119.19713926315308,156.12910985946655,0.0448954863102663,0.030049215782997796,0.003003430280773789,0.00986100269679142,0.006556027251954588,0.0015234693794511811,0.0027603276803434664,321.70522340187534,0.014092708483225507,activity_2_lightgbm_poisson
env_weather_wind_gusts_10m_max_futcov_lag5,344.88791474699974,401.4555687904358,469.5766257792711,65.69005984067917,244.10779701173306,367.11485064029694,267.86203640699387,0.005899211054680697,0.02246704506055326,0.02288069735506053,0.0016667953822905757,0.02892325785074614,0.012134261595838036,0.004288343603935152,308.67069331663,0.014037087414729197,activity_2_lightgbm_poisson
env_weather_cloud_cover_mean_futcov_lag0,329.20043087005615,1062.9114753603935,95.00950525701046,469.02068704366684,191.3449723124504,159.17917943000793,477.65408900380135,0.017547769182762508,0.0398199449304665,0.003727031032620265,0.020079379844241307,0.005843853598748505,0.0019005070381049815,0.0063521423816639945,397.7600484681981,0.013610089715515439,activity_2_lightgbm_poisson
ewm_expdecay7_acled_other_rus_shelling_artillery_missile_attack_pastcov_lag-1,640.2057472467422,137.56189221143723,47.83240008354187,29.76256036758423,29.139010071754456,168.83972716331482,168.71838891506195,0.07478504106995962,0.005780122227099204,0.0010559667916381966,0.0012927090938711582,0.0011287056790409756,0.0031507179191817337,0.006054176377880971,174.57996086563384,0.01332106273695312,activity_2_lightgbm_poisson
rolling_rsum7_7_act_total_daily_strike_events_pastcov_lag-7,1173.319327712059,790.575621843338,447.873841047287,1327.4112188592553,13.892639994621277,28.554649829864502,51.441046580672264,0.03710338568678009,0.01147855117439076,0.016592578536852497,0.01906846902158592,0.0001761906720628037,0.0013845464963965436,0.0031554254172589946,547.5811922667282,0.012708449572189659,activity_2_lightgbm_poisson
region_statcov_target_act_drone_strike_on_ua,436.4279782772064,135.63801884651184,285.7922089099884,183.667377948761,384.79010009765625,507.39253211021423,341.9327573776245,0.02227623203270084,0.005494922335238272,0.010882369835794003,0.006516927938310202,0.012090471660627511,0.01694332383929622,0.011970049460270337,325.0915676525661,0.012310613871748196,activity_2_lightgbm_poisson
env_weather_wind_speed_10m_mean_futcov_lag5,719.8437000513077,45.8262996673584,304.3657693862915,202.2875576019287,324.7921003550291,848.7883416116238,43.82787001132965,0.026322798891283482,0.0006468677908159304,0.008556112240064407,0.007727854247503996,0.021359026133508707,0.020461464915285065,0.0008396776790646543,355.6759483835527,0.012273400271075178,activity_2_lightgbm_poisson
ewm_expdecay7_acled_other_rus_shelling_artillery_missile_attack_pastcov_lag-14,204.03702068328857,323.496710062027,78.19113004207611,142.75725068710744,318.6978495121002,125.29510974884033,283.11834025382996,0.007874770839529876,0.03145548605466375,0.000817496086130487,0.006479152445035186,0.010864208253982354,0.002514206773166294,0.025582463431739554,210.7990587127528,0.012226826269178216,activity_2_lightgbm_poisson
env_weather_cloud_cover_mean_futcov_lag5,162.23422050476074,343.62916445732117,313.9797307252884,122.9674334526062,81.09704959392548,401.357271194458,737.5368392467499,0.002160242866672446,0.013875253661100696,0.013130409513396502,0.00369611510484118,0.0011822241036468784,0.020353511585738837,0.029873765118747862,308.9716727393014,0.012038788850592055,activity_2_lightgbm_poisson
env_weather_pressure_msl_max_futcov_lag5,693.7667711377144,376.7766571044922,46.096969962120056,126.94740056991577,451.8332805633545,284.309770822525,205.09693086147308,0.029612312588103262,0.010066576457980902,0.0005351323384479745,0.004190550095244295,0.026600625490361463,0.0056903421463724065,0.004917248291424725,312.11825443165645,0.011658969629705003,activity_2_lightgbm_poisson
env_weather_wind_gusts_10m_max_futcov_lag3,104.02111089229584,275.57848167419434,323.26848819851875,298.4320598244667,476.43698966503143,135.12466645240784,691.2485010623932,0.004503466017962321,0.011791894897002053,0.0187114406260843,0.006668527992567008,0.013334467374886172,0.0028526983175207075,0.023510927065172327,329.158613967044,0.01162477461302784,activity_2_lightgbm_poisson
ewm_expdecay7_act_total_daily_strike_events_pastcov_lag-1,188.7305301129818,216.957359790802,423.0446903705597,430.50635969638824,1053.859303176403,214.44082975387573,57.45016737282276,0.002330802673255206,0.013524424691404136,0.019715712674642137,0.003959400372580557,0.027550687780555826,0.01241592947627439,0.0015692708219840368,369.2841771819762,0.011580889784385182,activity_2_lightgbm_poisson
env_weather_pressure_msl_max_futcov_lag6,175.32086890935898,912.7694810628891,424.95925784111023,165.01894903182983,141.42132706940174,553.7994581460953,334.6350301504135,0.0021722268527472055,0.03904542879997799,0.00538342990674665,0.0018159918075132397,0.005962427720584462,0.02164688189209272,0.0036592797777612374,386.8463388872998,0.01138366667963193,activity_2_lightgbm_poisson
env_weather_wind_gusts_10m_max_futcov_lag6,88.65621030330658,396.31955111026764,233.04486083984375,421.9382003545761,182.91179221868515,197.04196786880493,457.43839049339294,0.005786179346328635,0.01452568938483465,0.004706925622631641,0.024241018465106866,0.0038308895207319173,0.012386260806130034,0.012468201890993447,282.4787104555539,0.011135023576679599,activity_2_lightgbm_poisson
env_weather_wind_gusts_10m_max_futcov_lag2,132.7538901567459,257.6997037678957,353.27257013320923,317.87327218055725,56.908090472221375,665.2352564632893,194.81719920039177,0.004865547072766918,0.01717770902436886,0.018637192793639578,0.00842153487084656,0.0014620899885929184,0.02155959536843042,0.0035156131312859664,282.6514260534729,0.010805611749990176,activity_2_lightgbm_poisson
env_weather_wind_gusts_10m_mean_futcov_lag-2,90.11824035644531,279.24521791934967,117.96562188863754,249.12883067131042,280.8951814174652,229.44087982177734,738.0513060688972,0.002493853884740571,0.015128642990589114,0.0014416480876147553,0.009003758131155882,0.0032793003325291225,0.003018150719346746,0.03964594490874836,283.5493254491261,0.010573042722103507,activity_2_lightgbm_poisson
env_weather_pressure_msl_min_futcov_lag1,681.9702868461609,517.3665335774422,780.7495780214667,142.30438947677612,195.9646201133728,31.943650245666504,57.26312232017517,0.03132648192211942,0.015106527999479757,0.018990661892309958,0.003175033981259556,0.0034949459194653755,0.0002063982200809944,0.001071088013555732,343.93745437158003,0.010481591135467257,activity_2_lightgbm_poisson
rolling_rmean28_28_fin_usd_rub_rate_pastcov_lag-14,81.81041026115417,222.80485093593597,122.83072137832642,480.5831041932106,457.4105123527115,1649.7682174444199,231.19115048646927,0.001013503403236804,0.006209696530809783,0.0016877837981084999,0.0080708514621342,0.011573322465083491,0.03706334699482374,0.0070769606326721805,463.77128100746114,0.010385066469552673,activity_2_lightgbm_poisson
rolling_rsum14_14_act_total_daily_strike_events_pastcov_lag-14,62.00416770577431,132.95492166280746,369.65570759773254,101.44850039482117,61.11773061752319,579.6639775633812,545.1642906665802,0.003951656629808298,0.0033256726013746406,0.016790454912978814,0.005008590197345231,0.002148485684070156,0.02338798381232643,0.015455355231672607,264.57275660123145,0.010009742724225168,activity_2_lightgbm_poisson
rolling_rsum14_14_act_total_daily_strike_events_pastcov_lag-7,52.473819732666016,4.098120212554932,173.41436910629272,732.3687250614166,176.2673590183258,56.38147950172424,224.32000923156738,0.0005519118786361021,1.7669963672917177e-05,0.011559603525468653,0.021942592949970963,0.020504873359117125,0.0013165075737772147,0.013561809273255033,202.76055455207825,0.00992213836055686,activity_2_lightgbm_poisson
rolling_rsum7_7_act_total_daily_strike_events_pastcov_lag-14,26.711925864219666,338.4283002614975,33.06530034542084,97.06883001327515,124.60881006717682,295.23159551620483,914.5707553625107,0.0012018696420150743,0.019725527873577488,0.0005287896192141428,0.002896197133375944,0.004593355603178484,0.011123718728282639,0.028532445577326326,261.3836453471865,0.009800272025281442,activity_2_lightgbm_poisson
ewm_expdecay7_acled_other_ua_disrupted_weapons_use_pastcov_lag-14,319.61331643909216,794.1985056996346,406.7351516485214,142.67728916788474,248.5458947941661,265.2286936491728,547.9094754755497,0.0038841788348353834,0.01696986091007833,0.010113325399962547,0.0027628110584495768,0.006652856987896238,0.012820583967343336,0.015255559613034065,389.27261812486023,0.009779882395942782,activity_2_lightgbm_poisson
ewm_ewma14_fin_usd_rub_rate_pastcov_lag-14,317.62657421827316,93.79715025424957,40.73831057548523,179.59251976013184,51.70922126248479,62.66801941394806,1218.117230772972,0.009230419999571637,0.001834014385185534,0.0005425679521941839,0.0026072718694909237,0.00044616774158863227,0.0009451374858316708,0.05280375757133582,280.6070037510778,0.009772762429314057,activity_2_lightgbm_poisson
env_weather_wind_speed_10m_max_futcov_lag3,354.1987301707268,273.02977073192596,81.16943991184235,642.0979440808296,104.70768296718597,224.5148276090622,216.33041030541062,0.017607559280498907,0.005006451268100643,0.000971243030140756,0.01244369645405905,0.0018036561169701537,0.017376604500454217,0.011285216337627756,270.86411511099766,0.009499203855407356,activity_2_lightgbm_poisson
ewm_ewma14_acled_other_ua_disrupted_weapons_use_pastcov_lag-7,129.1454600095749,596.8343598246574,784.3674206733704,356.23900389671326,154.3451405763626,665.6309791505337,153.74165850877762,0.004444204908089944,0.01435983348190053,0.013557349924830908,0.006468034279536949,0.004340501460080448,0.020685904718076832,0.0025321947105485963,405.75771751999855,0.009484003354723458,activity_2_lightgbm_poisson
ewm_expdecay7_act_total_daily_strike_events_pastcov_lag-14,155.83878993988037,118.39790207147598,104.00634640455246,441.3910516500473,157.7209905385971,400.5901200771332,75.17462295293808,0.005324761743474049,0.002796971187276354,0.0016019163274056058,0.01864554815865451,0.010592502471505828,0.027203192487291018,6.264457529718826e-05,207.58854623351777,0.009461076707272078,activity_2_lightgbm_poisson
ewm_ewma14_fin_usd_rub_rate_pastcov_lag-7,233.86704963445663,89.2504448890686,71.4927396774292,110.66272008419037,71.15431010723114,773.3432704210281,1330.7806922197342,0.010062961910231039,0.002422462583430951,0.0011721644082545613,0.0012075263510573642,0.0008447602690887512,0.012754886922160957,0.036302626462089635,382.9358895761626,0.009252484129473323,activity_2_lightgbm_poisson
env_weather_pressure_msl_min_futcov_lag3,89.66857734322548,102.35742020606995,575.7124411761761,217.1801146864891,665.4469572305679,127.4131715297699,264.6402758359909,0.001439152210490069,0.001335978043573216,0.025451105967347454,0.004943911029632186,0.02198648357820543,0.0014671136720505683,0.0076275175196209855,291.77413685832704,0.009178751717274272,activity_2_lightgbm_poisson
env_weather_pressure_msl_min_futcov_lag4,388.2994409799576,29.53932237625122,137.32286965847015,452.71254083514214,336.4032996892929,595.9267274141312,68.51983749866486,0.01028890146991297,0.0003151813242443513,0.00264329004426076,0.01297308449731649,0.009304623178345683,0.026992608598252497,0.0014807143929310707,286.96057692170143,0.009142629072180544,activity_2_lightgbm_poisson
ewm_ewma14_acled_other_rus_disrupted_weapons_use_pastcov_lag-7,66.96971988677979,155.41126990318298,91.79500031471252,27.296540021896362,89.60942101478577,67.18992877006531,767.9281814098358,0.0008367146393865044,0.0031773309993094133,0.002308172272853648,0.0005088774190475709,0.0018369990367194332,0.0027681875552852285,0.05034207194085734,180.88572304589408,0.008825479123351306,activity_2_lightgbm_poisson
ewm_ewma14_com_diplo_bluesecondary_ua_pastcov_lag-14,269.20960795879364,149.68196141719818,277.160418510437,246.42375898361206,42.82182861864567,31.207930088043213,63.508902460336685,0.003651934736366247,0.0037515760554095888,0.013215102657505117,0.038227063905569666,0.0007077897523025233,0.00048465525915846185,0.0006846226646391562,154.28777257672377,0.008674677861564395,activity_2_lightgbm_poisson
ewm_expdecay7_dist_to_nearest_contested_km_pastcov_lag-1,321.87335085868835,685.9262790679932,258.6572096347809,551.3467292785645,325.38219022750854,289.5506796836853,172.8035900592804,0.008455071829449467,0.010387729892846509,0.007141147987055496,0.01771369199310462,0.006561003733700943,0.004673098782246354,0.0056070781498332115,372.22000411578585,0.008648403195462371,activity_2_lightgbm_poisson
env_weather_pressure_msl_min_futcov_lag2,37.382321774959564,553.0481415092945,493.1424413919449,633.7216594219208,106.31039747595787,241.08206737041473,41.99850341677666,0.0004745584212765497,0.019374620333359283,0.014247234487690653,0.016955134309921727,0.0013440048013932948,0.006806401889667501,0.0006753739972684026,300.95507605160986,0.0085539040343682,activity_2_lightgbm_poisson
ewm_expdecay7_com_aid_humanitarian_pastcov_lag-14,648.9761662483215,233.93991839885712,286.08778651058674,222.35159039497375,150.6950603723526,364.76340441405773,196.66941618919373,0.029250183095899506,0.005530769000636449,0.005438528619232752,0.004329137696764041,0.0033651610459307425,0.005810566754143443,0.006034725075641245,300.4976203611919,0.008537010184035455,activity_2_lightgbm_poisson
env_weather_wind_speed_10m_max_futcov_lag4,272.0377196073532,277.5922304391861,216.7947822213173,120.75711977481842,683.989660859108,141.05713093280792,265.4440084397793,0.0060355318468483295,0.0033227944911901285,0.005178987636331733,0.0020271396645422214,0.010779801371858366,0.0021442016904092533,0.0270248611239426,282.5246646106243,0.008073331117874661,activity_2_lightgbm_poisson
env_weather_wind_speed_10m_mean_futcov_lag2,430.2602392733097,263.0755400657654,359.23921386897564,211.73946177959442,164.06250059604645,118.84189534187317,76.73104441165924,0.018117848203930854,0.016280554357841592,0.008736793095568495,0.003132871070485388,0.004676361979272991,0.0028807732304084953,0.0015450097388046257,231.992842191032,0.007910030239473207,activity_2_lightgbm_poisson
env_weather_wind_gusts_10m_max_futcov_lag1,236.6575692296028,339.9099648594856,341.2420430779457,99.15909695625305,825.5857675075531,123.18534016609192,91.07861995697021,0.008686251243027443,0.008983378289866506,0.0066554959522930005,0.0021926187513362947,0.023003578548355486,0.0016528606214116115,0.0033572095316508842,293.8312002505575,0.00779019899113446,activity_2_lightgbm_poisson
env_weather_wind_gusts_10m_max_futcov_lag-1,189.1851898431778,52.45473027229309,878.9897660017014,117.84179043769836,174.89450254291296,195.14200539700687,36.41829013824463,0.002769166543272905,0.0007155602705721575,0.030562948268359168,0.0015418754034076665,0.003491374356365151,0.013182922401040308,0.00048037333000412464,234.98946780471928,0.007534888653288783,activity_2_lightgbm_poisson
act_drone_strike_on_ua_target_lag-7,0.0,3.129499912261963,0.0,83.61564016342163,50.61704993247986,18.75949001312256,444.0938663482666,0.0,5.290665337833733e-05,0.0,0.004833156830139895,0.0008742050049706407,0.001571602073689915,0.04537279514345656,85.74507805279323,0.007529237957947907,activity_2_lightgbm_poisson
env_weather_wind_speed_10m_max_futcov_lag1,176.3303894996643,574.7228078842163,228.1349171847105,207.91003023087978,272.14834856987,85.30393993854523,114.35718075186014,0.0019186478081834268,0.01081075587235203,0.004766622419945787,0.019705217183252154,0.009891763707278779,0.0019536798446459836,0.001873345137829685,236.9868020085352,0.0072742902819268335,activity_2_lightgbm_poisson
env_weather_wind_speed_10m_mean_futcov_lag3,309.67404276132584,357.3153945207596,313.37558168172836,475.96921026706696,84.92870044708252,150.8147510290146,68.36615497618914,0.009661169421918792,0.013857321120113375,0.014040270349191464,0.007699110296477252,0.0016285738564516539,0.002823440015324219,0.001125881697532627,251.49197652616672,0.0072622523938584834,activity_2_lightgbm_poisson
env_weather_wind_speed_10m_max_futcov_lag2,310.33438193798065,98.91255959868431,517.5812882184982,179.906260445714,262.1988825201988,281.2688355445862,198.51057767868042,0.006227756676118213,0.0009254730787522592,0.010922752847110995,0.0032368159970813217,0.015719609765749487,0.008444041988769913,0.004279854845531972,264.1018265634775,0.007108043599873452,activity_2_lightgbm_poisson
env_weather_wind_speed_10m_max_futcov_lag6,306.36324629187584,135.5562697649002,99.70211064815521,214.1231890320778,323.12588000297546,181.3969098329544,532.4501503109932,0.018023452669650462,0.0023501351976684013,0.002779022550053978,0.00849394727315198,0.0057426481571309475,0.002447047810503089,0.009307832362046664,256.10253655484746,0.007020583717172219,activity_2_lightgbm_poisson
env_weather_wind_gusts_10m_max_futcov_lag0,292.9502646923065,159.35186177492142,105.60782301425934,828.3919990062714,195.21346873044968,176.71837091445923,128.49198968708515,0.005722815767864997,0.0030221238391673123,0.0017383639387300587,0.0256349264465233,0.0030349025482580005,0.003591005239111089,0.004001776367021948,269.5322539742504,0.00667798773523953,activity_2_lightgbm_poisson
ewm_expdecay7_fin_usd_rub_rate_pastcov_lag-7,705.7385118305683,106.10415551066399,47.0587694644928,119.54060995578766,313.8860008716583,116.0263900756836,107.7709558159113,0.021953625820780066,0.00226085823756379,0.0008880284812383454,0.006076111699403253,0.010916312034435282,0.002732247903922924,0.00113509573150683,216.58934193210942,0.006566039986978641,activity_2_lightgbm_poisson
rolling_rmean28_28_acled_other_rus_shelling_artillery_missile_attack_pastcov_lag-14,229.81051993370056,175.68802052736282,349.09617829322815,279.1317913532257,124.38288694620132,245.30598974227905,228.34862983226776,0.004784380190664938,0.004080350326574967,0.005877047976475458,0.010393089994469284,0.0019636110602836653,0.010765535077794718,0.00733972373099494,233.10914523260934,0.006457676908179709,activity_2_lightgbm_poisson
env_weather_wind_speed_10m_max_futcov_lag0,476.72644090652466,61.31821012496948,156.97595036029816,210.15640544891357,238.54152643680573,156.99025917053223,63.03255885839462,0.012082017900078812,0.0007723637289282603,0.014740657946016134,0.005125707420349524,0.007535894502612006,0.00392857927014909,0.0007108803250813311,194.82019304377692,0.0064137287276021665,activity_2_lightgbm_poisson
env_weather_wind_gusts_10m_mean_futcov_lag6,137.15762975811958,349.00673431158066,114.65942507982254,369.0272513180971,152.1060415506363,327.23516660928726,246.91566249728203,0.003460837907633496,0.008369855238838242,0.003955271491443013,0.016320362056610405,0.0025680928403089666,0.006654234189949748,0.003456631569021451,242.30113016068935,0.006397897899115045,activity_2_lightgbm_poisson
env_weather_pressure_msl_max_futcov_lag1,266.1983108520508,312.2257199883461,216.2917651683092,532.9115718603134,213.81712272018194,71.51834011077881,28.59068989753723,0.014608642563098151,0.009376214959058026,0.0026613263892321993,0.01245677285690765,0.004134618360097764,0.0013298194129393258,0.00018743999125132583,234.50764579964536,0.006393547790369207,activity_2_lightgbm_poisson
env_weather_wind_gusts_10m_mean_futcov_lag-1,182.50475025177002,328.7651019692421,275.7817100286484,140.8904733657837,263.17910075187683,198.18438450992107,152.6259555220604,0.00422607393377461,0.008543149090947711,0.014664422480888683,0.0017584281207784435,0.0077263112662596,0.005602518477875407,0.0017903233749859027,220.27592519990034,0.006330175249358622,activity_2_lightgbm_poisson
ewm_ewma14_act_drone_strike_on_rus_in_rus_nofpv_pastcov_lag-1,71.72856962680817,10.39783000946045,401.50018325448036,34.624780893325806,23.968129754066467,418.2442388534546,24.89509889483452,0.0014307749672813896,0.00010303944968388379,0.006639990041906319,0.000973003722778798,0.0001840409255711828,0.03242615982536985,0.001267527071076424,140.7655473266329,0.006146362286238265,activity_2_lightgbm_poisson
env_weather_wind_gusts_10m_mean_futcov_lag2,180.31328403949738,183.40512931346893,310.023250579834,175.69750308990479,211.030149102211,316.0973682999611,59.640278190374374,0.003781347895619769,0.002600743295705521,0.0059860900478713175,0.007465937798998623,0.004081623714663385,0.018152856351773126,0.0006605163116129686,205.1724232307502,0.006104159345177816,activity_2_lightgbm_poisson
env_weather_wind_speed_10m_max_futcov_lag-2,460.00327014923096,180.11793795228004,108.40892052650452,92.11959075927734,94.08089934289455,71.6708499789238,199.35450065135956,0.027211627362974444,0.005430441009472475,0.002998679571215668,0.002152117853962232,0.0014108878218652698,0.0010303717851019689,0.002467596117832471,172.25085276578153,0.006100245931774932,activity_2_lightgbm_poisson
env_weather_pressure_msl_max_futcov_lag4,333.8791711330414,159.0568345785141,232.81881892681122,397.60528296232224,305.95415008068085,379.4433267712593,319.7078801393509,0.00940994119251486,0.0009937554184591413,0.00622922366450116,0.009766729009850761,0.004854943597970718,0.006702492672330651,0.004544579331184661,304.0664949417114,0.006071666412401707,activity_2_lightgbm_poisson
env_weather_wind_speed_10m_mean_futcov_lag4,223.90058797597885,236.364560008049,250.93775916099548,253.07893460988998,594.4116803407669,110.93908188305795,245.80538135766983,0.00320192914536519,0.004995675603541283,0.008058229289065721,0.008392706500724545,0.009626255301357944,0.0016151424768730438,0.005991094504832884,273.63399790520117,0.005983004688822944,activity_2_lightgbm_poisson
env_weather_wind_gusts_10m_max_futcov_lag-2,64.1409866809845,737.7748408317566,290.3402965962887,139.68314957618713,270.747390627861,103.09056055545807,155.05875086784363,0.0018332591949233202,0.019084343267744996,0.002624326061669158,0.002214945820244152,0.010589121042990124,0.0010699780250737368,0.003739425212534497,251.54799653376853,0.0058793426607399975,activity_2_lightgbm_poisson
env_weather_wind_gusts_10m_mean_futcov_lag5,304.1420629620552,159.71764016151428,671.5207400918007,77.67947041988373,107.22587466239929,170.98877906799316,117.86148709058762,0.005359142767343106,0.002781770423039198,0.021263231525656213,0.002306925200442289,0.002306403700389037,0.0024171978349570855,0.0026547242294388874,229.87657920803343,0.0055841993830379735,activity_2_lightgbm_poisson
env_weather_wind_gusts_10m_mean_futcov_lag3,323.8638671338558,76.9540604352951,141.99940133094788,203.08027321100235,98.3749395608902,129.6413854956627,266.26185941696167,0.007413932516624744,0.001236839619544683,0.001359872470859913,0.003668633264583909,0.001480455305692563,0.002303476320807807,0.02073684772545361,177.16796951208795,0.0054571510319381756,activity_2_lightgbm_poisson
env_weather_wind_gusts_10m_mean_futcov_lag1,138.41902005672455,167.2158372104168,62.37856960296631,108.90134799480438,296.8954913690686,124.9696536809206,167.1535440981388,0.0014098157370949326,0.004072444287493293,0.0012375315568587952,0.0025553148117540615,0.017317996939568415,0.0017906415106873296,0.009813023656596998,152.27620914472,0.005456681214293403,activity_2_lightgbm_poisson
env_weather_pressure_msl_max_futcov_lag3,185.18587827682495,92.1887538433075,269.71268924325705,377.4161784648895,294.65868878364563,496.1732132434845,253.2304003238678,0.001888902211485788,0.0015495962843434796,0.012472444733929545,0.005216833158354262,0.00445353048032322,0.006363150925581129,0.006218570536246482,281.223686025611,0.005451861190037701,activity_2_lightgbm_poisson
ewm_ewma14_fin_usd_rub_rate_pastcov_lag-1,42.32307970523834,110.2733998298645,105.0563405752182,93.56363093852997,541.9267500638962,466.27759455144405,289.9702451862395,0.0006939262479947139,0.0019770700371129824,0.0030591266580570543,0.001293775774944783,0.009739779203637245,0.012718757852254115,0.008643360203279604,235.62729155006153,0.005446542282468643,activity_2_lightgbm_poisson
ewm_ewma14_act_drone_infra_ua_energy_intent_pastcov_lag-14,47.03528022766113,232.62089920043945,206.4201784133911,99.19630980491638,30.8995099067688,66.26855039596558,402.43781995773315,0.0005700948979915132,0.0032728220624575364,0.005930554947264755,0.0025776979130542,0.00023032558628324206,0.005000042484354617,0.01992826676566497,154.98264970098222,0.005358543522438691,activity_2_lightgbm_poisson
env_weather_wind_gusts_10m_mean_futcov_lag0,155.15416963398457,115.64016020298004,215.322035074234,186.45621061325073,122.43431662768126,295.41626024246216,172.43816921114922,0.0035667678095513853,0.003722817578655957,0.004509701557399204,0.0063172535285864525,0.0017293094914419438,0.014665286396318367,0.002802755272116331,180.4087602293917,0.005330555947724235,activity_2_lightgbm_poisson
env_weather_wind_speed_10m_mean_futcov_lag1,300.1242626607418,347.76797088980675,33.85666286945343,105.66674518585205,135.46401131153107,105.09831747412682,156.49662935733795,0.017422643389618943,0.006524794079818164,0.0005001080603589614,0.0021032731137184514,0.002844010950127984,0.0031954192352497525,0.004598216854108772,169.21065710697854,0.005312637954714433,activity_2_lightgbm_poisson
env_weather_pressure_msl_max_futcov_lag2,83.45600008964539,258.8604999780655,182.05862998962402,352.54841458797455,325.5071794986725,129.02593076229095,30.170130491256714,0.0014543359573979454,0.01163968494234453,0.0053690158678731505,0.009979162583041568,0.005552943093003693,0.0016298850587772805,0.0005899070989540567,194.51811219964708,0.005173562085913174,activity_2_lightgbm_poisson
env_weather_wind_gusts_10m_mean_futcov_lag4,230.16435796767473,510.9998196363449,72.07260966300964,157.78630995750427,268.3310657143593,138.26979908160865,195.78942048549652,0.004745772184510178,0.012012037574277334,0.0015907884874051038,0.00338131057612856,0.006708923088675966,0.0024533066392313564,0.004383913940267603,224.77334035799973,0.005039436070070872,activity_2_lightgbm_poisson
rolling_rmean28_28_act_total_daily_strike_events_pastcov_lag-7,329.1876977086067,0.0,70.41961693763733,34.50535035133362,96.10501873493195,268.3180000782013,11.155359983444214,0.008577149938620843,0.0,0.0019155890042011903,0.00018344290254277418,0.0019792851526773346,0.020549949455240912,0.001245145556704097,115.67014911345073,0.004921508858569593,activity_2_lightgbm_poisson
env_weather_wind_speed_10m_mean_futcov_lag-2,194.1368796825409,117.02882081270218,170.66649807989597,246.4471813440323,122.07078778743744,128.94136011600494,320.3999658487737,0.003599899974306031,0.00464433182689199,0.005425791732782947,0.005799230500744046,0.0018680477385971228,0.0013863712606535295,0.011432528602428249,185.67021338162678,0.00487945737662913,activity_2_lightgbm_poisson
rolling_rsum7_7_com_diplo_bluesecondary_ua_pastcov_lag-14,165.5876456797123,103.7518630027771,66.57906395196915,156.54299090057611,229.04892501235008,73.28588938713074,81.79287004470825,0.0022990760680966504,0.001383996489885697,0.001156777315372759,0.0034062506852430507,0.02145271701609497,0.0022296311302120843,0.0010926597402453053,125.22703542560339,0.004717301206450074,activity_2_lightgbm_poisson
env_weather_wind_speed_10m_max_futcov_lag5,132.3382779508829,212.33173024654388,173.73897576332092,172.33072718977928,194.17840918898582,736.25008893013,60.72497397009283,0.0027287674234852677,0.006945698525018584,0.004906992953666501,0.0038851517275636073,0.0020026732344259114,0.011900828773100947,0.0005897394918447541,240.27045474853367,0.004708550304157939,activity_2_lightgbm_poisson
darts_enc_fc_cyc_week_sin_futcov_lag-2,165.61211013793945,107.81723022460938,97.22650051116943,117.33886003494263,40.62956190109253,28.425797700881958,20.98149001598358,0.011174351141750227,0.004923077704939738,0.0045561121543156394,0.007827335354050845,0.002632893392038138,0.0006234379190579898,0.000775228559037866,82.57593578951699,0.004644633746455777,activity_2_lightgbm_poisson
ewm_ewma14_dist_to_nearest_ru_km_pastcov_lag-14,79.54430031776428,71.51665961742401,350.14412021636963,256.1372307538986,136.51640009880066,223.3718605041504,285.9310977458954,0.000759305958467582,0.0018679315203337765,0.006857850057639325,0.007354497743983579,0.0017153584797005017,0.0030257079135850296,0.0108393860753619,200.45166703632898,0.004631433964153099,activity_2_lightgbm_poisson
env_weather_pressure_msl_min_futcov_lag0,281.2318602204323,523.5189574360847,129.20709991455078,180.32483053207397,152.12341287732124,7.807213842868805,189.56005629897118,0.008992001187707533,0.01026876274479518,0.002663970768263235,0.0035303650082739056,0.0027228870379491176,5.7688155006818674e-05,0.0033762526614521614,209.110490160329,0.004515989651921136,activity_2_lightgbm_poisson
env_weather_soil_moisture_0_to_100cm_mean_futcov_lag-2,494.98452854156494,186.7704108953476,164.05068016052246,49.07790392637253,121.47252929210663,131.31230211257935,117.7228456735611,0.015620196410115427,0.0053092650391410425,0.0028660270112887964,0.0006456385774175289,0.0030611714933581613,0.002451935639107794,0.0014893434690882,180.77017151457923,0.0044919396627881355,activity_2_lightgbm_poisson
ewm_ewma14_act_drone_strike_on_rus_in_rus_nofpv_pastcov_lag-7,5.354530096054077,121.69917178153992,583.3798205852509,479.8809369727969,100.07524085044861,73.36685532331467,50.38775610923767,0.00015015640117237438,0.003416658772671788,0.011548878553095476,0.009637839482836941,0.004091559855209881,0.0016085565773887645,0.0006756749323349354,202.0206159598061,0.004447046367815738,activity_2_lightgbm_poisson
darts_enc_fc_cyc_dayofyear_sin_futcov_lag5,2.3317699432373047,266.92187881469727,39.762716352939606,84.48354983329773,33.31445038318634,49.59804916381836,62.652769327163696,4.187595187854498e-06,0.017668883878935837,0.0019165479892294223,0.0039556956792811794,0.0012655880307917533,0.001734108363547615,0.004238519842778876,77.00931197404861,0.004397647339964647,activity_2_lightgbm_poisson
env_weather_wind_speed_10m_mean_futcov_lag0,663.3645097613335,10.69825005531311,195.9314728975296,121.54308915138245,27.55848820740357,136.15179949998856,218.20440536737442,0.016116426297541998,0.00012728420561942678,0.0035515604894408746,0.0024602294179595363,0.00039809515878501677,0.004445474105152436,0.0034467996152879542,196.20743070576074,0.004363695612826749,activity_2_lightgbm_poisson
ewm_ewma14_fin_usd_uah_rate_pastcov_lag-14,324.54535937309265,274.1672226190567,94.17065036296844,61.274059414863586,63.170549750328064,200.1212695837021,280.9239938259125,0.009165367251368451,0.007228446242709552,0.0013253020604981236,0.0009219076160658313,0.0009699118236877746,0.004094671167953523,0.006497839340270128,185.4818721328463,0.004314777928936198,activity_2_lightgbm_poisson
darts_enc_fc_cyc_month_sin_futcov_lag-2,2.345560073852539,1.4702800512313843,32.66132986545563,30.53131330013275,205.2157711982727,12.439569473266602,14.431939601898193,3.060999657860109e-05,7.568715361894185e-06,0.0004746543192646113,0.0005427813024243777,0.027669112835655985,0.0003482473486024817,0.00047775577813420346,42.727966223444255,0.004221532899431737,activity_2_lightgbm_poisson
ewm_expdecay7_fin_usd_rub_rate_pastcov_lag-14,116.73621952533722,31.233833640813828,144.70251989364624,164.83757948875427,97.03955888748169,366.23086842894554,221.7126226425171,0.003176636244166442,0.001090035672658063,0.005295250695954712,0.006065306187074837,0.0010883269552880437,0.009611176539836208,0.0031323434805681895,163.213314643928,0.004208439396506642,activity_2_lightgbm_poisson
ewm_ewma14_acled_other_rus_armed_clash_pastcov_lag-7,71.47574031352997,37.980220079422,38.835678935050964,269.53387999534607,165.64931881427765,111.8804212808609,44.19956946372986,0.0009829263892331187,0.0005215972396332535,0.0057054748893635935,0.013022022111558429,0.007655807495755495,0.0013372734915238604,0.0002216997815374988,105.65068984031677,0.0042066859140864644,activity_2_lightgbm_poisson
rolling_rsum14_14_act_total_daily_strike_events_pastcov_lag-1,27.95399022102356,97.47549962997437,417.31423115730286,65.6342203617096,1.928820013999939,39.72132062911987,72.07087063789368,0.0015938906390745799,0.0033740630517651972,0.017845279949149195,0.003583894408856625,-4.3802934273085015e-06,0.0008757545460269745,0.0018047429394517423,103.15699323586055,0.004153320748699572,activity_2_lightgbm_poisson
env_weather_pressure_msl_max_futcov_lag-2,449.68642807006836,108.85279977321625,107.95185995101929,114.55362939834595,49.63736993074417,201.66595029830933,178.92972481250763,0.008248845214328893,0.0017589545225362713,0.0036329469137630355,0.0019843880767917987,0.00045559354868414116,0.010433668830168673,0.00253134131837518,173.039680319173,0.0041493912035211414,activity_2_lightgbm_poisson
env_weather_pressure_msl_max_futcov_lag0,303.4317103922367,199.2433156967163,469.43975698947906,202.3612996339798,171.60963034629822,55.65756916999817,83.39138738438487,0.006739384292950868,0.0023291169717904346,0.010182284606305058,0.002235090556298647,0.005822037714603745,0.0008035123886250606,0.0008327529208166595,212.16209565901332,0.004134882778770068,activity_2_lightgbm_poisson
env_weather_wind_speed_10m_max_futcov_lag-1,146.1432455778122,242.97416877746582,116.95761966705322,205.76860105991364,236.157006919384,103.65572983026505,71.95871901512146,0.0019898173453125833,0.013337940242609658,0.0024425196899531933,0.004023320616043424,0.003575373331720688,0.0019366238381778532,0.0010897958464411994,160.5164415495736,0.0040564844157512285,activity_2_lightgbm_poisson
ewm_expdecay7_com_aid_humanitarian_pastcov_lag-1,139.6541182398796,83.01807034015656,168.73206901550293,156.36287379264832,199.3237651027739,122.28140240907669,249.15322053432465,0.0016629134875867368,0.0011450332260276364,0.00806694095363103,0.0029217819029082603,0.0063940800476935955,0.002468617895242842,0.005672272018854651,159.78935991919465,0.004047377075992107,activity_2_lightgbm_poisson
rolling_rmean28_28_acled_other_rus_shelling_artillery_missile_attack_pastcov_lag-7,10.131680011749268,35.1664762198925,20.731809973716736,208.91008043289185,204.18707966804504,26.291881501674652,189.27225869894028,0.00032409640167339047,0.0016223896048234154,0.00035897448020798527,0.011012738594054916,0.009825904404106777,0.00043305807897580094,0.004628547425040619,99.2416095009872,0.004029386998411844,activity_2_lightgbm_poisson
ewm_ewma14_acled_other_rus_shelling_artillery_missile_attack_pastcov_lag-14,165.7557806968689,205.64840984344482,130.45047044754028,47.629419684410095,176.43662917613983,78.38343036174774,73.72893023490906,0.004827711186120687,0.009786657746235794,0.00285301889816425,0.0008171516542232915,0.006248401587587882,0.001143004710872697,0.002323490214016366,125.43329577786582,0.003999919428174423,activity_2_lightgbm_poisson
ewm_expdecay7_total_ru_area_km2_pastcov_lag-14,294.16553115844727,39.379289984703064,209.43233025074005,72.80085881054401,191.32708847522736,78.74049985408783,36.79966974258423,0.00029052790064820755,0.0005820459672190248,0.01797833656280572,0.0019601517792223744,0.005727451579749987,0.0006386354374730896,0.00037753281687018524,131.80646689661913,0.003936383149141227,activity_2_lightgbm_poisson
ewm_ewma14_fin_usd_uah_rate_pastcov_lag-1,175.3524493575096,298.7734805345535,70.54156905412674,152.7375204563141,84.32004868984222,349.7497589588165,228.6851942539215,0.0031896242631829,0.007416454103587866,0.000819138760107263,0.005073201063318766,0.0018880767520088825,0.004134196268140755,0.004338987901440406,194.3085744721549,0.003837097015969549,activity_2_lightgbm_poisson
ewm_ewma14_acled_other_rus_shelling_artillery_missile_attack_pastcov_lag-7,147.81070065498352,79.64077055454254,134.11361050605774,97.29530012607574,139.05547070503235,199.5200983285904,203.42441034317017,0.001921710685810396,0.0021773647810392704,0.0034991729509831204,0.003957386851333266,0.0022822678979337986,0.006220350349386483,0.005858070930092741,142.98005160263605,0.00370233206379701,activity_2_lightgbm_poisson
ewm_ewma14_act_drone_infra_ua_residential_intent_pastcov_lag-14,88.46212029457092,137.76191985607147,239.34713995456696,153.01180440187454,105.93014025688171,155.7114007472992,303.13813984394073,0.0014743083467178453,0.0023962602440438683,0.005318890462983372,0.006818314499131106,0.0023335593980223558,0.001797981167430418,0.005241264715382887,169.05180933645792,0.0036257969762445506,activity_2_lightgbm_poisson
ewm_ewma14_acled_other_ua_disrupted_weapons_use_pastcov_lag-14,144.31952238082886,177.32564961910248,155.18659949302673,234.14921158365905,72.15998986363411,258.7375500202179,161.3001092672348,0.0018329435222942836,0.006851064827919484,0.003030414863215336,0.0037156059704487763,0.000592761518769569,0.0062807569502637325,0.0030285913282231958,171.88266174681485,0.0036188769973049114,activity_2_lightgbm_poisson
env_weather_pressure_msl_min_futcov_lag-2,65.35716432332993,159.10714358091354,73.53233259916306,99.8109305202961,59.0326792858541,115.20869013667107,434.2250074148178,0.0021339122677042745,0.0022868389578691193,0.0010925975862049464,0.0014083988460841911,0.0007035064451645478,0.0012796848784406123,0.016124278695210582,143.75342112300652,0.003575602525239754,activity_2_lightgbm_poisson
darts_enc_fc_cyc_month_sin_futcov_lag-1,7.814549922943115,4.7058799266815186,0.0,12.080510139465332,0.0,232.6170470714569,25.241990089416504,8.197690143010305e-05,2.726257493073092e-05,0.0,0.00019709994733361214,0.0,0.02355314624208089,0.0011230896477824048,40.351425307137625,0.003568939330508249,activity_2_lightgbm_poisson
ewm_ewma14_act_total_damage_events_pastcov_lag-14,35.532700940966606,41.40482974052429,23.50137996673584,440.48915100097656,58.127270102500916,24.58504021167755,78.22468990832567,0.00046247565435937333,0.004454312291920948,0.000402940408982011,0.015095472093555152,0.0004646094042491944,0.0001938785341137006,0.0036747448893938994,100.26643741024392,0.0035354904680820398,activity_2_lightgbm_poisson
ewm_ewma14_acled_other_rus_disrupted_weapons_use_pastcov_lag-1,117.33413994312286,128.4241099357605,67.75312674045563,152.23074066638947,41.5647497177124,67.1639534831047,53.82206916809082,0.0008984810438706248,0.012313385049158243,0.0037066217946317703,0.004479070677604979,0.0004446537083831137,0.0008603649090296761,0.0015933491738135963,89.75612709351948,0.003470846622356,activity_2_lightgbm_poisson
darts_enc_fc_cyc_day_sin_futcov_lag6,69.17251146398485,219.77641987800598,127.16825044155121,88.62171053886414,63.26554977893829,68.77600049972534,5.429056107997894,0.005173847881325666,0.01211526455538825,0.0024013721317935445,0.001168274792264823,0.0008897549720858766,0.001924300029774151,5.547486205137453e-05,91.74421410129538,0.003389755603526241,activity_2_lightgbm_poisson
rolling_rsum7_7_com_diplo_bluesecondary_ua_pastcov_lag-1,306.367249250412,55.321397960186005,125.6181651353836,49.80546873807907,40.51705724000931,316.975488781929,177.0902420282364,0.008925735654296418,0.0007081040422725505,0.0017280812711550908,0.0005505519513143043,0.0004292500634454077,0.007681687862722208,0.0031197729251784658,153.09929559060507,0.0033061691100549208,activity_2_lightgbm_poisson
ewm_expdecay7_total_ru_area_km2_pastcov_lag-1,57.21631979942322,45.52552008628845,156.988689661026,247.16563820838928,387.27481815963984,43.866270780563354,68.21910591423512,0.00031870210009126153,0.00072641660077859,0.0051026027946894145,0.0029559884034116466,0.010605293021346874,0.0018608018062276298,0.0009137473977526067,143.7509089442236,0.0032119360177568605,activity_2_lightgbm_poisson
env_weather_soil_moisture_0_to_100cm_mean_futcov_lag5,118.27876085042953,39.11604976654053,65.05235004425049,57.97019982337952,111.32045125961304,190.27123525738716,219.21498918533325,0.005251944432513711,0.001323883717552099,0.0009702904756913489,0.006116760343165528,0.0022148287105593356,0.00348383524304563,0.0021357168320364607,114.46057659813336,0.0030710371077948733,activity_2_lightgbm_poisson
darts_enc_fc_cyc_dayofyear_sin_futcov_lag6,9.383000016212463,87.59942102432251,17.159870147705078,53.906490087509155,125.717209815979,110.44995421171188,65.2391893863678,8.647353393378409e-05,0.0031370986672861535,0.00034476228320265976,0.0009022112063465926,0.00934686397110065,0.004096152856686919,0.003503039845946154,67.06501924140113,0.003059514623500416,activity_2_lightgbm_poisson
env_weather_soil_moisture_0_to_100cm_mean_futcov_lag-1,81.52600127458572,81.87944090366364,193.2110874913633,330.73425936698914,42.28403925895691,114.5612182021141,11.67536973953247,0.0011624673733360736,0.0014241814051811242,0.006123412680410412,0.009763992788727416,0.0007668283529036479,0.0019399539525590149,0.00021297228551933056,122.2673451767436,0.003056258405519574,activity_2_lightgbm_poisson
ewm_ewma14_act_drone_infra_ua_residential_intent_pastcov_lag-1,223.98064124584198,159.69850239157677,147.14819860458374,104.74429035186768,143.56679916381836,39.83894422650337,78.27523016929626,0.005820440262593496,0.002651400475903598,0.00509751879103344,0.0017067920936337134,0.003519412262162214,0.0004177808508987191,0.0014435132445765665,128.1789437362126,0.0029509797115431073,activity_2_lightgbm_poisson
darts_enc_fc_cyc_dayofyear_sin_futcov_lag-1,16.622900247573853,221.62414824962616,19.935269832611084,17.43457007408142,31.504339933395386,39.19365990161896,34.56651985645294,0.000253683098439339,0.016779068728444212,0.001223628257147036,0.000927815929231346,0.0005040308098459789,0.000596597604452187,0.00033490064111794113,54.41162972790854,0.002945675009811149,activity_2_lightgbm_poisson
rolling_rmean28_28_acled_other_rus_shelling_artillery_missile_attack_pastcov_lag-1,2.551460027694702,44.15869057178497,4.730939984321594,42.3163800239563,137.3044091463089,31.965340733528137,9.301949977874756,2.4216494812145938e-05,0.0012038930783899947,4.6590563454973474e-05,0.0031724861798910985,0.013869062241732167,0.0008183039150137849,9.001229305605207e-05,38.904167209352764,0.0027463663951928885,activity_2_lightgbm_poisson
darts_enc_fc_cyc_dayofyear_sin_futcov_lag4,10.345600008964539,32.188159465789795,106.59281957149506,129.62768077850342,15.02074122428894,43.75909066200256,70.38185557723045,8.828160700036225e-05,0.001751563799331768,0.004610251224732531,0.006426002303453515,0.0005202912486506506,0.0019416878003529314,0.0034886425519108587,58.27370675546782,0.0026895315050618025,activity_2_lightgbm_poisson
act_drone_strike_on_ua_target_lag-1,877.9046709537506,0.0,5.921889781951904,0.0,0.0,48.748560190200806,2.995840072631836,0.01714454439727786,0.0,0.00028713399353315073,0.0,0.0,0.0006057014599837096,0.00027264915857987403,133.65299442836218,0.0026157184299106565,activity_2_lightgbm_poisson
ewm_expdecay7_total_ru_area_km2_pastcov_lag-7,84.22188603878021,314.27859675884247,223.9088100194931,64.98908030986786,235.44925200939178,114.91202372312546,85.9324298799038,0.0013542098926005552,0.009973293853545196,0.0034836685366873565,0.0016415686656614525,-1.874648696336134e-05,0.0009081444791602777,0.0007910205471263643,160.52743981991495,0.0025904513554025487,activity_2_lightgbm_poisson
env_weather_pressure_msl_max_futcov_lag-1,181.69424962997437,310.8364007472992,152.42244904488325,137.36905026435852,42.335870146751404,77.54912143200636,225.927938580513,0.0021778831527598853,0.006058047739341621,0.0018874851123849012,0.002433841055037167,0.00041401181356388596,0.0008242834424938561,0.004153628934227616,161.16215426368373,0.0025641687499727045,activity_2_lightgbm_poisson
rolling_rsum7_7_com_diplo_bluesecondary_ua_pastcov_lag-7,146.29939031600952,68.08982110023499,134.94375622272491,60.47862595319748,77.99470637738705,99.93393615633249,140.43598437309265,0.0026629857035472826,0.0011722955402399871,0.006985080524531817,0.0006855698669556709,0.0024287111527621086,0.001888020473146379,0.0019095063305312409,104.02517435699701,0.002533167084530641,activity_2_lightgbm_poisson
darts_enc_fc_cyc_day_cos_futcov_lag3,37.104610204696655,79.95021909475327,39.821839332580566,58.680230021476746,209.28866946697235,104.03733921051025,119.23161041736603,0.0019267235003211259,0.0015955761296990723,0.001097629032522951,0.0014166400128109657,0.006101721133731264,0.003126861136811132,0.002282537577985333,92.58778824976513,0.0025068126462688346,activity_2_lightgbm_poisson
env_weather_pressure_msl_min_futcov_lag-1,519.4107074737549,69.2583732008934,210.53473550081253,149.92327094078064,100.59517991542816,57.15827012062073,96.24450373649597,0.0077258828455964105,0.0007984697078248671,0.00337996654430297,0.002864556699034071,0.0008915153906309481,0.0005624165804205105,0.001296106578939593,171.8750058412552,0.002502702049535624,activity_2_lightgbm_poisson
darts_enc_fc_cyc_dayofyear_sin_futcov_lag0,49.619580030441284,0.0,245.56681191921234,19.543910026550293,14.829559683799744,45.82581549882889,27.786219835281372,0.0028866549147952723,0.0,0.01210267603993318,0.00021684646449178225,0.0002025118634752632,0.0006919366938156424,0.0014163130312905947,57.595985284873414,0.00250241985825739,activity_2_lightgbm_poisson
darts_enc_fc_cyc_day_cos_futcov_lag4,125.41074991226196,68.22310411930084,74.22879040241241,55.097857624292374,83.03331971168518,89.39000916481018,82.97395014762878,0.003684849840461091,0.0018623465673728522,0.0016208912193204084,0.001096245402458651,0.002581190514669829,0.0032507527987771347,0.003181534365683425,82.62254015462739,0.002468258672677627,activity_2_lightgbm_poisson
darts_enc_fc_cyc_dayofyear_sin_futcov_lag-2,142.14932942390442,53.56944966316223,104.87652039527893,36.93447858095169,55.386189460754395,71.26530933380127,22.09776020050049,0.009274678286663795,0.0008407925313595799,0.0028941752402419584,0.0015361972396693568,0.0009452559884677525,0.0012794715371527766,0.0002760986339111149,69.46843386547906,0.002435238493923762,activity_2_lightgbm_poisson
env_weather_soil_moisture_0_to_100cm_mean_futcov_lag0,41.92785024642944,5.222479820251465,183.61723005771637,94.94003057479858,56.84665048122406,57.93234235828277,39.27447962760925,0.000854093308614079,0.0001355637551391231,0.010670749754419973,0.002012578388473729,0.0007494508217171347,0.00105793713009692,0.0006293062185635856,68.53729473804457,0.002301382768146363,activity_2_lightgbm_poisson
env_weather_wind_speed_10m_mean_futcov_lag-1,30.789537847042084,157.6591900587082,162.07930237054825,122.21945929527283,186.49489451944828,142.11286973953247,120.3385603427887,0.0004041455049300424,0.003428487366203492,0.00240178698123803,0.0014425685179648485,0.003371510784222931,0.0019145144739919572,0.0029732216175093473,131.67054488190584,0.0022766050351515216,activity_2_lightgbm_poisson
ewm_ewma14_com_diplo_bluesecondary_ua_pastcov_lag-1,206.60433262586594,132.68031358718872,34.655135959386826,84.04707980155945,126.27419054508209,124.01330982893705,49.617899894714355,0.0027064959416139844,0.005810013499115141,0.00031712957116691864,0.0007451861703422491,0.0023419461374874382,0.0018934752582270731,0.001420027049960515,108.27032317753348,0.0021763248039876172,activity_2_lightgbm_poisson
darts_enc_fc_cyc_day_cos_futcov_lag1,38.430840373039246,130.46993017196655,116.67604947090149,50.23983287811279,102.13322925567627,62.56679975986481,49.28545010089874,0.0009483134994581865,0.00205259151692736,0.006917057960353179,0.0008477658167670654,0.002597837394642455,0.001002755152231094,0.0008019916911698565,78.54316171577999,0.002166901861649885,activity_2_lightgbm_poisson
darts_enc_fc_cyc_dayofyear_sin_futcov_lag2,41.89956057071686,11.285820007324219,54.117910385131836,69.20405960083008,24.31081986427307,6.279200077056885,41.62360954284668,0.0031910338381288205,0.0006321114215985579,0.0023133742462315477,0.003908748366909176,0.0020082745289712765,4.449135902402368e-05,0.0029357035382779673,35.53156857831137,0.0021476767570201955,activity_2_lightgbm_poisson
darts_enc_fc_cyc_day_cos_futcov_lag5,54.21297037601471,29.301690459251404,95.66337072849274,93.72247695922852,20.294559955596924,60.66367971897125,146.83114004135132,0.0006859060086869429,0.0009174049345582969,0.003260875672059882,0.0015119898492588213,0.0003155531113611332,0.0010101171122729902,0.006931208458445304,71.5271268912724,0.0020904364495204814,activity_2_lightgbm_poisson
darts_enc_fc_cyc_day_sin_futcov_lag-2,40.497750759124756,90.27395057678223,44.41765081882477,106.3538407087326,62.73670041561127,68.20835077762604,115.61673033237457,0.00029228054712633346,0.0018687271147951544,0.0006327108323831432,0.006121404253372664,0.001574574157866504,0.0018590448769981282,0.002178066078234897,75.44356776986804,0.0020752582658252606,activity_2_lightgbm_poisson
env_weather_soil_moisture_0_to_100cm_mean_futcov_lag1,172.32926151156425,69.18654024600983,25.33405041694641,112.90399038791656,168.92511093616486,76.95718991756439,62.94046938419342,0.004687503637099466,0.0008617747231817185,0.000335285257494089,0.0029424929580625704,0.003492237939348142,0.0006629472959679417,0.0012090813453956351,98.36808754290853,0.0020273318795070803,activity_2_lightgbm_poisson
darts_enc_fc_cyc_dayofyear_sin_futcov_lag1,32.73064970970154,46.51920008659363,46.00955009460449,124.8241913318634,6.543570041656494,0.0,44.358879804611206,0.001310053853512083,0.003186280286994703,0.002605696244433875,0.00413731196197289,6.907759773557842e-05,0.0,0.0025525790213757117,42.998005867004395,0.00198014270943212,activity_2_lightgbm_poisson
env_weather_soil_moisture_0_to_100cm_mean_futcov_lag2,149.95881700515747,82.41843914985657,60.70126986503601,14.22452986240387,242.1767143011093,153.37373999506235,26.78967022895813,0.004107283835432085,0.0014187113927282002,0.0009360353146911082,0.00017166057689363968,0.003136329077458977,0.0035498845458376894,0.0003172331764054848,104.23474005822625,0.0019481625599210262,activity_2_lightgbm_poisson
ewm_expdecay7_dist_to_nearest_contested_km_pastcov_lag-14,58.83263909816742,29.334409952163696,170.42820024490356,97.34390926361084,40.318249464035034,52.92674016952515,45.08613991737366,0.0011975526764005373,0.00043751130723157505,0.0033435512903243537,0.002990336929909576,0.0009766716807390497,0.000796181813564778,0.0037558793711513607,70.61004115853991,0.0019282407241887473,activity_2_lightgbm_poisson
darts_enc_fc_cyc_day_sin_futcov_lag5,180.00631093978882,71.64582613110542,65.74592995643616,19.834540128707886,134.6889145374298,48.7875394821167,56.200599908828735,0.00805475236550115,0.0008829483810145922,0.00025523127801512223,0.00045838755014384616,0.00210069515700535,0.0008823860239501214,0.0008546594107027294,82.41566586920193,0.0019270085951904163,activity_2_lightgbm_poisson
ewm_ewma14_acled_other_ua_armed_clash_pastcov_lag-14,116.74205946922302,36.08701014518738,142.9474197626114,104.36496007442474,46.0666698217392,79.38147985935211,158.07187914848328,0.0011981693602284515,0.0005902135335078773,0.0028851948112076364,0.0013998699513203094,0.0006683888322551957,0.0010195486300855982,0.005601488116518616,97.6659254687173,0.0019089818907319551,activity_2_lightgbm_poisson
ewm_ewma14_fin_usd_uah_rate_pastcov_lag-7,134.14277911186218,222.20728027820587,35.155720233917236,60.44342005252838,51.62042999267578,54.9290497303009,46.51574945449829,0.0033869891154970854,0.005134087115816177,0.0007629518835454263,0.000989409079629988,0.0010059606219917638,0.000567743860035419,0.0014619578297303982,86.43063269342694,0.0019012999294637511,activity_2_lightgbm_poisson
rolling_rsum14_14_act_drone_strike_on_rus_in_rus_nofpv_pastcov_lag-7,27.718160390853882,287.4238796234131,224.41098928451538,55.22822070121765,18.903209686279297,24.19509983062744,9.832820177078247,0.00040333344015448526,0.00540667058797426,0.005125439828825962,0.001033941244375014,0.0008922078817295454,0.00035499799438274413,5.255178551104578e-05,92.53033995628357,0.0018955918232790082,activity_2_lightgbm_poisson
env_weather_soil_moisture_0_to_100cm_mean_futcov_lag3,32.98118019104004,80.58908998966217,55.86919867992401,45.7437019944191,29.764840841293335,144.74737883359194,123.86180925369263,0.0005318080997403163,0.0018395989557623339,0.0007834630313766188,0.0010335082842292565,0.0004478025779707462,0.0042400787790550344,0.004348737388380819,73.36531425480332,0.0018892853023593037,activity_2_lightgbm_poisson
darts_enc_fc_cyc_day_sin_futcov_lag-1,57.608179807662964,110.62730920314789,244.35399961471558,63.422810316085815,72.60359036922455,35.67801034450531,41.278459548950195,0.0009112058960416336,0.0015154107039093035,0.005451688511731922,0.0011411055391736368,0.0025453788366949226,0.0007822116946438085,0.0007942476980995483,89.36747988632747,0.0018773212686135393,activity_2_lightgbm_poisson
darts_enc_fc_cyc_week_sin_futcov_lag-1,21.80690050125122,141.79998016357422,56.432278990745544,2.5548601150512695,9.59197998046875,2.2739100456237793,2.4786601066589355,0.0010855458604942525,0.009338068805795085,0.002283010664245566,9.4003878404747e-06,0.0002296949968128681,1.7451591811901147e-05,2.5304239238876926e-05,33.848367129053386,0.0018554966494627179,activity_2_lightgbm_poisson
act_drone_strike_on_ua_target_lag-6,12.552939891815186,13.036009788513184,0.0,0.0,162.98576974868774,40.266239166259766,4.210770130157471,0.00048702549232833016,0.000316683791455441,0.0,0.0,0.011587797986585468,0.000514158805328968,3.830465220719947e-05,33.29310410363333,0.0018491386754150578,activity_2_lightgbm_poisson
darts_enc_fc_cyc_day_sin_futcov_lag3,48.506409883499146,49.3527398109436,180.3731725215912,31.96693980693817,60.85927939414978,37.66669988632202,70.92888474464417,0.0011189925631492903,0.0008223446347410234,0.007326285555256651,0.0006318600763068893,0.0007752349599110308,0.0006783532540923565,0.0015767630971530665,68.52201800686973,0.0018471191629443296,activity_2_lightgbm_poisson
darts_enc_fc_cyc_dayofweek_cos_futcov_lag-1,15.476230144500732,144.3346084356308,180.01597034931183,106.3912901878357,3.0497701168060303,0.8006929755210876,24.171819925308228,0.0002415425092652912,0.002079603778452532,0.004884668937381686,0.004423417529220375,2.3988364299731835e-05,2.663147404646793e-06,0.0009741426606046488,67.74862601927349,0.0018042895609469874,activity_2_lightgbm_poisson
darts_enc_fc_cyc_day_cos_futcov_lag-1,81.67472851276398,110.8581383228302,124.32874965667725,96.43324995040894,84.56690341234207,70.68339931964874,10.66008996963501,0.0017588879532009604,0.0024278268057640997,0.001888058183448793,0.0032512701054399295,0.0018599736710877223,0.001163262997528758,0.00017805891017030895,82.7436084491866,0.001789619803805796,activity_2_lightgbm_poisson
darts_enc_fc_cyc_day_cos_futcov_lag2,105.37642413377762,59.593511164188385,16.40629017353058,32.19860288500786,137.78838968276978,131.36483001708984,80.86232924461365,0.0010545223035349105,0.0016127603368108368,0.00016114752439322366,0.0009344565689778817,0.0018032088003474556,0.005768144754599502,0.0010774690489342652,80.51291104299682,0.0017731013339425824,activity_2_lightgbm_poisson
rolling_rsum14_14_act_drone_strike_on_rus_in_rus_nofpv_pastcov_lag-1,122.81662011146545,29.68441081047058,44.81390976905823,67.95434093475342,44.65378940105438,22.58585023880005,21.491569757461548,0.0031818650670293325,0.0008223837564821146,0.0013047392822591818,0.003977624466358964,0.0014065761983513391,0.00027480022818706653,0.0007868428175423104,50.571498717580525,0.0016792616880300442,activity_2_lightgbm_poisson
darts_enc_fc_cyc_day_cos_futcov_lag6,8.704529762268066,82.17237949371338,134.14363968372345,73.9675703048706,14.335180163383484,6.633780002593994,81.95517003536224,4.892255147848079e-05,0.0010954997200848028,0.004291543861266978,0.002961764753317464,0.00019897997587843276,4.9005245912403514e-05,0.0029282389975049616,57.41603563513075,0.0016534221579205032,activity_2_lightgbm_poisson
ewm_expdecay7_dist_to_nearest_contested_km_pastcov_lag-7,57.841490268707275,91.24750971794128,129.7601602077484,23.41985011100769,302.81177973747253,92.81091952323914,76.7410306930542,0.0005055511451912853,0.0012497749132191816,0.002660868665732852,0.0002847637676933745,0.0034731480152094597,0.0019708363616548264,0.0014179744755110414,110.66182003702436,0.0016518453348874315,activity_2_lightgbm_poisson
env_weather_soil_moisture_0_to_100cm_mean_futcov_lag6,58.7493122369051,92.03580915927887,76.90150094032288,55.51477003097534,50.48533010482788,93.48411232233047,229.80641162395477,0.0012685524190032104,0.000970385360430237,0.0011274626396854837,0.0004836591354455688,0.00098012563998342,0.0024471132821516804,0.0035468344039328416,93.85389234551361,0.001546304697233206,activity_2_lightgbm_poisson
env_weather_soil_moisture_0_to_100cm_mean_futcov_lag4,38.797770738601685,29.68901014328003,125.57502007484436,61.24879693984985,23.804290175437927,50.91716620326042,334.85397720336914,0.0005514417080259681,0.0004853509264311384,0.004023646915482404,0.001094509363679097,0.000540050572356976,0.000892822795347925,0.003226511988568781,94.98371878266335,0.0015449048956988987,activity_2_lightgbm_poisson
darts_enc_fc_cyc_dayofyear_sin_futcov_lag3,3.256909966468811,7.205929756164551,127.01907157897949,22.9065899848938,13.535949945449829,53.615070104599,30.140990018844604,1.752659681448776e-05,0.0001804805831233214,0.005955288902636413,0.0016825150904848484,0.00029546800578255094,0.00120436297470341,0.0012859914527610927,36.81150162220001,0.0015173762294723035,activity_2_lightgbm_poisson
darts_enc_fc_cyc_day_cos_futcov_lag0,39.94709920883179,38.957770109176636,31.363579988479614,98.40929055213928,34.174699664115906,87.16260039806366,144.2552593946457,0.0005056042557615604,0.0010495079773306325,0.0012681428387621763,0.0013631911201174684,0.0004324548471181133,0.0013673257822022222,0.004533767811278034,67.75289990220752,0.001502856376081458,activity_2_lightgbm_poisson
darts_enc_fc_cyc_day_sin_futcov_lag4,101.968740940094,81.12550926208496,90.39898729324341,48.152690410614014,24.21181210130453,187.7118295431137,19.80226993560791,0.0019956996238244874,0.0021214059242608664,0.002481858860659214,0.0007683951779508646,0.00038039294365435075,0.002541121530727897,0.0001934695429533173,79.05311992658037,0.001497477657718714,activity_2_lightgbm_poisson
ewm_ewma14_com_diplo_bluesecondary_ua_pastcov_lag-7,42.90489250421524,27.712906539440155,120.61249017715454,20.85034966468811,27.820189714431763,27.04793854802847,322.0892608165741,0.0008188560270125488,0.00028500554814636647,0.0050617038794391386,0.00019832224460605285,0.00040543871074272264,0.0008075935732803519,0.0028520486176145886,84.14828970921891,0.00148985265726311,activity_2_lightgbm_poisson
darts_enc_fc_cyc_dayofyear_cos_futcov_lag0,59.10830044746399,163.76286029815674,13.378079652786255,12.936739921569824,185.6280698776245,0.6821209788322449,3.381150007247925,0.0009335797825983594,0.006611743548280491,0.00011899366882770491,0.00012026333950392321,0.002616152808813199,1.0326061399723585e-06,1.1712980260125683e-05,62.69676016909735,0.0014876398192033965,activity_2_lightgbm_poisson
ewm_ewma14_act_drone_infra_ua_residential_intent_pastcov_lag-7,84.8796306848526,111.4473204612732,55.80280017852783,96.849400639534,106.45029985904694,68.29448056221008,38.49619007110596,0.0014581568643233344,0.003392678920152559,0.0009843103870078363,0.0018177153273177594,0.0015360045289632084,0.0006407654942537811,0.00047220856441212435,80.3171603509358,0.0014716914409186577,activity_2_lightgbm_poisson
darts_enc_fc_cyc_day_sin_futcov_lag2,14.88966715335846,65.78442969918251,27.009219646453857,61.86531054973602,22.10263568162918,120.61407911777496,64.43714022636414,0.00013040269667721204,0.004649694969736351,0.0004150926196202054,0.0010264291471298258,0.0001842298920590846,0.0024969428860999844,0.0012322966133942348,53.81464029635702,0.0014478698321024142,activity_2_lightgbm_poisson
darts_enc_fc_cyc_day_sin_futcov_lag1,47.84864693880081,21.51697202026844,49.294859886169434,122.79390048980713,22.305890321731567,55.15868937969208,140.87604142725468,0.0012761461146349351,0.00037875610076962827,0.0007788979501920146,0.0011957991951187408,0.0005304375151491847,0.001470177938107331,0.0041108436279404525,65.6850000662463,0.001391579777416041,activity_2_lightgbm_poisson
darts_enc_fc_cyc_dayofweek_sin_futcov_lag-2,3.9358999729156494,54.37286937236786,72.7786295413971,151.5616500377655,53.183560371398926,7.95244026184082,0.0,4.635370879091383e-05,0.0009403532497925804,0.0022978160917465516,0.0050000042561279216,0.0012719154267186506,0.00013336678243232037,0.0,49.112149936812266,0.001384258502229848,activity_2_lightgbm_poisson
rolling_rsum14_14_act_drone_strike_on_rus_in_rus_nofpv_pastcov_lag-14,9.92074990272522,8.476329803466797,2.2222800254821777,12.230739951133728,36.06571960449219,27.508140325546265,324.45317101478577,0.0001425607525804562,6.968049805970989e-05,1.0302355223656968e-05,0.00016526200710793583,0.0007871599058904665,0.0016292487652618925,0.006577579128697319,60.12530437537602,0.0013402562018316338,activity_2_lightgbm_poisson
ewm_ewma14_act_drone_strike_on_rus_in_rus_nofpv_pastcov_lag-14,15.33159327507019,58.33332061767578,170.70131993293762,12.657729864120483,22.131189584732056,4.00088506937027,208.36103755235672,0.000737300562707488,0.0016173120733356638,0.0035589824996135498,0.00025465218656566256,0.0002430962642850032,2.9348404387241623e-05,0.0022082030894890583,70.2167251280376,0.0012355564400548097,activity_2_lightgbm_poisson
darts_enc_fc_cyc_month_sin_futcov_lag0,0.0,0.0,0.0,13.301609992980957,0.0,0.0,67.85269045829773,0.0,0.0,0.0,0.000165758435866481,0.0,0.0,0.008387029817090408,11.593471493039813,0.0012218268932795554,activity_2_lightgbm_poisson
darts_enc_fc_cyc_dayofyear_cos_futcov_lag3,238.49530816078186,10.669459581375122,23.475899696350098,10.782600164413452,274.89978790283203,27.421339750289917,53.31917905807495,0.0034590793636307903,8.806553866198552e-05,0.0006262832090668802,0.0001488909391802906,0.003017466003171676,0.00020254341029855017,0.0010059707635879933,91.2947963305882,0.001221185603942595,activity_2_lightgbm_poisson
darts_enc_fc_cyc_dayofweek_cos_futcov_lag-2,66.84890031814575,117.818350315094,70.83465945720673,23.866989612579346,23.012380123138428,3.643838107585907,5.235389947891235,0.002983419147134314,0.0020387653805173265,0.0027974613348475063,0.0003702985444359763,0.00023904208859071296,1.728169415058378e-05,3.032422020239345e-05,44.465786840234486,0.0012109417728398304,activity_2_lightgbm_poisson
ewm_ewma14_acled_other_ua_armed_clash_pastcov_lag-1,82.48400938510895,55.96536922454834,28.64361011981964,23.71344006061554,60.697890281677246,102.99366044998169,32.570470094680786,0.0006308095779686384,0.0006228597049244388,0.0008121194781253172,0.00024806707257598595,0.0006914211513379343,0.004461214729575724,0.0002731353883657084,55.295492802347454,0.0011056610146962496,activity_2_lightgbm_poisson
ewm_ewma14_act_drone_infra_ua_energy_intent_pastcov_lag-1,28.323819875717163,80.92824029922485,86.34375929832458,65.10185956954956,135.45187962055206,101.32677948474884,76.01803088188171,0.00018430521772623277,0.0008279877986195672,0.0009199254710027694,0.0010772269414601298,0.0023926678109555733,0.0013814360575594043,0.0008966099147603046,81.92776700428554,0.001097165601726283,activity_2_lightgbm_poisson
rolling_rmean28_28_total_ru_area_km2_pastcov_lag-14,86.80160462856293,108.57823991775513,285.8008978331927,50.35074031352997,50.47036772966385,136.64555966854095,37.957439661026,0.0007176321244470873,0.0007326218724292399,0.003144662347128069,0.0006717888242579129,0.0004730676417987301,0.0016124001828971002,0.0003158052143212409,108.08640710746737,0.0010954254581827688,activity_2_lightgbm_poisson
ewm_ewma14_acled_other_rus_shelling_artillery_missile_attack_pastcov_lag-1,18.674650192260742,44.32036006450653,87.0311281979084,38.84199023246765,140.6134890317917,105.48565924167633,76.03832459449768,0.00024656789344030817,0.0007937258850355233,0.0018043171044224815,0.001019957013431716,0.0009681579469981161,0.0010397274569610814,0.0017162970403668877,73.00080022215843,0.001084107191522302,activity_2_lightgbm_poisson
darts_enc_fc_cyc_week_cos_futcov_lag-2,10.388130068778992,18.835859775543213,24.498929977416992,4.571669816970825,19.61464023590088,47.21933937072754,489.58189153671265,0.0002176400723903127,0.0003648692962189504,0.00019346443595422703,2.2732052025831172e-05,0.00014117695809590103,0.0005936669844082143,0.005976009784898229,87.81578011172158,0.0010727942262845236,activity_2_lightgbm_poisson
darts_enc_fc_cyc_day_sin_futcov_lag0,19.06315016746521,69.88168060779572,66.48686598241329,162.82601881027222,41.87404578924179,61.07293081283569,63.55045032501221,0.0002944146455150065,0.0006494401945506434,0.0009728190627046995,0.0030973910457082754,0.000544290241482881,0.000810722910052597,0.0009063829637589338,69.25073464214802,0.0010393515805390053,activity_2_lightgbm_poisson
rolling_rmean28_28_fin_usd_rub_rate_pastcov_lag-1,29.60466980934143,58.490722835063934,14.77330994606018,11.152699947357178,130.36389887332916,16.18421506881714,140.67419934272766,0.00030822120902747053,0.0009292790161580022,0.0001651704164630008,0.0001737480445235695,0.002652779247440673,9.318692884598966e-05,0.002548296549799578,57.32053083181381,0.0009815259160368978,activity_2_lightgbm_poisson
darts_enc_fc_cyc_dayofweek_sin_futcov_lag0,0.0,37.362590074539185,97.34376037120819,12.066049933433533,83.77911949157715,0.0,7.1658899784088135,0.0,0.00042456579120071504,0.004600790046758419,0.0001242774298459537,0.001406794016187729,0.0,0.00020896762934055068,33.95962997845241,0.0009664849876190526,activity_2_lightgbm_poisson
darts_enc_fc_cyc_week_sin_futcov_lag1,0.0,96.23495030403137,0.0,4.7998199462890625,7.164939880371094,5.629909992218018,20.14283061027527,0.0,0.005839252012603313,0.0,4.7568499658701136e-05,5.651236695400907e-05,0.00024131258553437008,0.00044915523159452244,19.138921533312118,0.0009476858137635593,activity_2_lightgbm_poisson
darts_enc_fc_cyc_dayofyear_cos_futcov_lag6,21.490493714809418,58.39681005477905,108.83172965049744,11.501329779624939,32.85128998756409,34.72542977333069,42.8615300655365,0.000746255705474197,0.0010446068852049794,0.0021946526493297645,0.00010916341838025367,0.0005185768718968698,0.0005824702753236544,0.0009018438238253656,44.37980186087744,0.0008710813756335835,activity_2_lightgbm_poisson
darts_enc_fc_cyc_dayofyear_cos_futcov_lag4,40.766220808029175,24.94332003593445,32.8988299369812,30.09209966659546,54.072510719299316,136.09131813049316,52.58188056945801,0.00044385523896011135,0.0011953933618065403,0.00048424715131150097,0.00035493273782938317,0.0009535427748562197,0.0019442888953935312,0.0005725995311188336,53.06373998097011,0.0008498370987537316,activity_2_lightgbm_poisson
rolling_rmean28_28_fin_usd_rub_rate_pastcov_lag-7,147.66023111343384,45.76175045967102,44.851770639419556,63.76804983615875,78.66687391325831,125.12848496437073,26.16993999481201,0.0008476773442288365,0.00024564155440893743,0.00037433150768151346,0.00046399734753763686,0.001022234863545668,0.0025914782027725903,0.00024083512991994737,76.00101441730347,0.0008265994214421614,activity_2_lightgbm_poisson
darts_enc_fc_cyc_day_cos_futcov_lag-2,78.44486999511719,78.09186017513275,43.0448694229126,27.506580114364624,59.19337046146393,27.333060264587402,21.788179874420166,0.0015112160358480731,0.001586767810214318,0.0005880630492130834,0.0003226408885324661,0.0009721370263316542,0.0005303689445462334,0.00015925992506249376,47.91468432971409,0.0008100648113926175,activity_2_lightgbm_poisson
act_drone_strike_on_ua_target_lag-5,3.3237900733947754,0.0,3.898129940032959,0.0,0.0,95.88230037689209,66.25837087631226,0.00010848299361203573,0.0,0.00011578240677203588,0.0,0.0,0.004610235807962648,0.0007558516185310227,24.194655895233154,0.0007986218324111061,activity_2_lightgbm_poisson
rolling_rmean28_28_total_ru_area_km2_pastcov_lag-1,79.75689005851746,74.64902997016907,68.46586918830872,36.1571289896965,132.82646989822388,6.031899929046631,27.73833954334259,0.0012924581774710563,0.0012640125502557664,0.0006664533975866416,0.0004501850227244475,0.0016710967370821006,1.858133694661035e-05,0.0001628195650842823,60.80366108247212,0.000789372398164415,activity_2_lightgbm_poisson
darts_enc_fc_cyc_dayofyear_cos_futcov_lag5,41.928860902786255,37.51251006126404,58.6181697845459,19.656790256500244,10.301769971847534,26.43453049659729,45.205729603767395,0.0009049450278931336,0.0006783655400101951,0.001437838400487035,0.0004011717079958066,9.583708791212064e-05,0.0004840925695322351,0.0012566633655417547,34.236908725329805,0.0007512733856246116,activity_2_lightgbm_poisson
ewm_ewma14_acled_other_ua_armed_clash_pastcov_lag-7,68.92260956764221,80.12046980857849,80.20213949680328,54.8263099193573,44.64307963848114,22.75051999092102,26.30765986442566,0.0009935594081789344,0.0009898617845657265,0.0014738335074824915,0.00034538700528248257,0.0007041489997462013,0.00027647678219711036,0.0002890930138485182,53.96754118374416,0.0007246229287573522,activity_2_lightgbm_poisson
darts_enc_fc_cyc_dayofweek_sin_futcov_lag1,4.087609767913818,8.231080055236816,34.451119899749756,62.09649062156677,0.611739993095398,4.263440132141113,3.674760103225708,9.8978993780241e-05,0.00013998175673068936,0.0009556363289328739,0.003198735251369866,2.0437288943853106e-06,4.1669409309674774e-05,0.0002693046560532375,16.773748653275625,0.0006723357321529955,activity_2_lightgbm_poisson
ewm_ewma14_dist_to_nearest_ru_km_pastcov_lag-7,51.019869804382324,13.79207992553711,42.72440981864929,56.933170795440674,22.722299575805664,27.26381015777588,27.50868010520935,0.001101506413044917,0.0001293057638745543,0.0011276894892632062,0.0009354807698742195,0.00037289727201443855,0.00040947841488025993,0.0005001299562596096,34.56633145468576,0.0006537840113158865,activity_2_lightgbm_poisson
darts_enc_fc_cyc_month_sin_futcov_lag6,0.0,0.0,98.42375016212463,15.950400352478027,37.154600858688354,0.0,2.940190076828003,0.0,0.0,0.0028676993530338812,0.0011603220399525548,0.0003361406612865547,0.0,1.9017091911210926e-05,22.066991635731288,0.000626168449454886,activity_2_lightgbm_poisson
darts_enc_fc_cyc_week_sin_futcov_lag2,0.0,0.0,86.08214998245239,0.28999701142311096,37.51766014099121,0.0,5.277090013027191,0.0,0.0,0.0038120272131871857,1.1491664302587524e-06,0.00043831010548811555,0.0,3.4770806368089605e-05,18.45241387827056,0.0006123224702105214,activity_2_lightgbm_poisson
rolling_rmean28_28_total_ru_area_km2_pastcov_lag-7,15.558600306510925,29.733553647994995,37.45523977279663,54.948880195617676,51.099570512771606,30.42459011077881,100.7645697593689,0.00012208590824656085,0.00022534051278713107,0.0011713002760869395,0.0008470704048471056,0.0007770714131357214,0.0004227804403847069,0.0006987492055462007,45.71214347226279,0.0006091997372906237,activity_2_lightgbm_poisson
ewm_ewma14_dist_to_nearest_contested_km_pastcov_lag-7,10.439509868621826,29.80123996734619,5.865059971809387,33.811949491500854,60.86200171709061,37.242210030555725,43.97002971172333,8.171240376011468e-05,0.00043755885917249324,6.327717062593052e-05,0.0006974474326971291,0.002036304525401977,0.0005793043732113645,0.0003348262248915157,31.713142965521133,0.0006043472842515036,activity_2_lightgbm_poisson
ewm_ewma14_dist_to_nearest_contested_km_pastcov_lag-14,81.92057991027832,73.25081050395966,48.512879371643066,70.02827024459839,12.19375991821289,11.605889797210693,26.185965716838837,0.0012349292175025228,0.001051557440492057,0.0004702991342547369,0.0006499240974403575,0.0001409880646862538,0.00021581364273328684,0.00041434904568897756,46.24259363753455,0.0005968372346854561,activity_2_lightgbm_poisson
darts_enc_fc_cyc_dayofyear_cos_futcov_lag2,10.453649640083313,0.0,18.832839727401733,112.55729103088379,51.16050958633423,22.17990016937256,5.294280052185059,0.00010402150325865556,0.0,0.00031939514123937587,0.0025455805438513225,0.0008842780915429893,0.00016576479154495338,7.2667707194074e-05,31.4969243151801,0.0005845296826616245,activity_2_lightgbm_poisson
rolling_rsum7_7_acled_other_rus_shelling_artillery_missile_attack_pastcov_lag-14,12.716210126876831,9.09141093492508,25.037819862365723,69.84718036651611,7.565630197525024,14.943920135498047,8.14786982536316,5.772597363677967e-05,8.170702388112793e-05,0.0017960093125749753,0.001795583672830481,3.799774866002359e-05,0.00017233064024868572,0.00010909627779516206,21.05000592129571,0.0005786358070896051,activity_2_lightgbm_poisson
darts_enc_fc_cyc_week_sin_futcov_lag4,0.0,3.170140027999878,55.211618423461914,0.0,0.0,18.40585994720459,17.590259790420532,0.0,9.226480874235943e-05,0.002072380945512031,0.0,0.0,0.000773695492229276,0.0010596372222266615,13.482554027012416,0.0005711397812443326,activity_2_lightgbm_poisson
darts_enc_fc_cyc_dayofweek_sin_futcov_lag-1,7.683609962463379,64.10626971721649,8.218220233917236,45.173189640045166,19.86547017097473,0.0,7.956480264663696,7.046345976022828e-05,0.002117695321026747,0.00016219798992165302,0.0007492261192035166,0.0006600671868347785,0.0,0.00012681824768312477,21.857605712754385,0.000555209760632864,activity_2_lightgbm_poisson
darts_enc_fc_cyc_dayofyear_cos_futcov_lag1,8.457499980926514,32.74382042884827,34.67254030704498,51.28971004486084,9.470069885253906,45.441269874572754,10.94558048248291,0.0001486394158025872,0.00046566145884312514,0.0004467771713293045,0.0014162779258192204,0.0001821714672519903,0.0010627503011478856,0.00014684193911098652,27.57435585771288,0.0005527313827578714,activity_2_lightgbm_poisson
rolling_rsum14_14_dist_to_nearest_contested_km_pastcov_lag-14,65.22155094146729,33.14259970188141,50.42422008514404,19.721660375595093,12.096259832382202,24.096100091934204,23.560620069503784,0.0012481625727412294,0.0003863294427507213,0.0005764009944177583,0.00022395463793090098,7.658230659992604e-05,0.0008216189377581839,0.00042332165405538634,32.609001585415434,0.0005366243637505865,activity_2_lightgbm_poisson
act_drone_strike_on_ua_target_lag-4,0.0,41.436559438705444,0.0,14.560479640960693,0.0,0.0,73.23901987075806,0.0,0.0007519046204576219,0.0,0.0005290561617665058,0.0,0.0,0.00246460341569914,18.462294135774886,0.000535080599703324,activity_2_lightgbm_poisson
darts_enc_fc_cyc_dayofyear_cos_futcov_lag-2,50.32559943199158,41.435800552368164,34.84294009208679,20.504469633102417,5.470570087432861,8.771190166473389,25.89882981777191,0.0006995553201539995,0.0011593875670805164,0.00048353608716873443,0.0001453371964363015,0.0001184247144578876,0.00013046667730070015,0.0008920488896317247,26.749914254461014,0.0005183937788899806,activity_2_lightgbm_poisson
rolling_rmean28_28_dist_to_nearest_contested_km_pastcov_lag-14,73.05908977985382,31.468810081481934,88.59881019592285,56.79249930381775,6.869900226593018,3.4068000316619873,46.715630531311035,0.0007897997731383555,0.0003136806051190266,0.0011178751309467438,0.0008612784936252061,7.278109126711563e-05,1.3104144973263842e-05,0.0002350272852964075,43.84450573580606,0.00048622093205230273,activity_2_lightgbm_poisson
rolling_rsum14_14_dist_to_nearest_contested_km_pastcov_lag-1,23.089289784431458,38.615009784698486,0.0,31.975210428237915,7.048949718475342,0.0,8.540950059890747,0.0002785325672951311,0.0006115550601028419,0.0,0.002232663056592843,1.826809936980034e-05,0.0,0.00015530216489747505,15.609915682247706,0.0004709029926082987,activity_2_lightgbm_poisson
rolling_rsum7_7_acled_other_rus_shelling_artillery_missile_attack_pastcov_lag-1,63.12691926956177,11.149760246276855,47.535922825336456,34.179720401763916,3.707200050354004,24.00836992263794,26.745139837265015,0.00031002653375495904,0.000256931048765896,0.0006981483835216018,0.00026496605282544383,0.00018217998069329776,0.0011781809387039655,0.0002262460775317221,30.064718936170852,0.00044523985939955515,activity_2_lightgbm_poisson
darts_enc_fc_cyc_week_sin_futcov_lag6,3.377769947052002,0.0,0.0,6.992140293121338,0.0,0.0,40.15524959564209,2.572277100088005e-05,0.0,0.0,5.18097841562648e-05,0.0,0.0,0.0029579278983258963,7.217879976545062,0.0004336372076404345,activity_2_lightgbm_poisson
ewm_ewma14_act_drone_infra_ua_energy_intent_pastcov_lag-7,99.7619800567627,52.55649948120117,59.662960052490234,67.60179996490479,36.30577003955841,33.97729015350342,27.53838014602661,0.0004518549651616466,0.00031022759642753697,0.00042030173850626795,0.0005047860832879004,0.000515778934732003,0.0004013124218077868,0.0002548380827922525,53.914954270635334,0.00040844283181648485,activity_2_lightgbm_poisson
darts_enc_fc_cyc_week_sin_futcov_lag3,0.0,12.118200302124023,38.77259016036987,0.0,4.509799957275391,21.054829835891724,3.0933399200439453,0.0,0.0007662191876816271,0.0011386026507383517,0.0,4.8276110258482774e-05,0.0003805475682931769,0.0004235763190658437,11.36410859652928,0.00039388883371964037,activity_2_lightgbm_poisson
darts_enc_fc_cyc_week_sin_futcov_lag0,19.811800003051758,49.10689997673035,1.8131599426269531,0.9700469970703125,0.0,12.724790334701538,0.0,0.001181200171922625,0.0011850391081484446,9.983284273862302e-06,8.006722689613e-06,0.0,0.0002811733439511688,0.0,12.060956750597272,0.0003807718044265305,activity_2_lightgbm_poisson
ewm_ewma14_dist_to_nearest_contested_km_pastcov_lag-1,40.17547023296356,21.877390146255493,23.702869653701782,27.490819811820984,48.830570101737976,19.525256991386414,59.910409450531006,0.0008572432480933978,0.0002370443411759071,0.00011731753359096597,0.0002640418363729635,0.0005948896767469681,0.00021065630129257773,0.0003071031236663524,34.50182662691389,0.00036975658013416174,activity_2_lightgbm_poisson
act_drone_strike_on_ua_target_lag-3,3.9862799644470215,49.71620035171509,0.0,0.0,6.217429876327515,0.0,0.0,0.00015782996434490215,0.00195238561945128,0.0,0.0,0.00023318251616761821,0.0,0.0,8.55998717035566,0.0003347711571376858,activity_2_lightgbm_poisson
darts_enc_fc_cyc_dayofyear_cos_futcov_lag-1,17.675639390945435,15.01835012435913,51.082359790802,18.986629962921143,40.73511004447937,22.61582052707672,5.029709815979004,0.0003227169439249833,0.0002549201996655537,0.000784317659206435,0.0002768468812144764,0.0001721833008371476,0.0003880537824674901,6.520959212237276e-05,24.449088522366115,0.0003234640513483513,activity_2_lightgbm_poisson
ewm_ewma14_dist_to_nearest_ru_km_pastcov_lag-1,16.71711015701294,9.146759986877441,18.017079830169678,3.641979932785034,0.0,4.683370113372803,5.097469806671143,0.0005177183898078086,0.0006591644920464157,0.0007442562457973479,7.476967297403991e-05,0.0,0.00015433903331594224,2.5066164609599538e-05,8.18625283241272,0.00031075914265016487,activity_2_lightgbm_poisson
darts_enc_fc_cyc_week_sin_futcov_lag5,12.74202013015747,0.0,20.662500381469727,0.0,0.0,19.341949939727783,4.459780216217041,0.0001914174628101728,0.0,0.0008966726634304755,0.0,0.0,0.0009969548050706711,8.748372839759711e-05,8.17232152393886,0.0003103612371012738,activity_2_lightgbm_poisson
act_drone_strike_on_ua_target_lag-2,0.0,14.621040105819702,3.4147698879241943,54.59292006492615,0.0,0.0,0.0,0.0,0.0007403959108524205,0.0001263560090374538,0.001207876744540637,0.0,0.0,0.0,10.375532865524292,0.00029637552349007305,activity_2_lightgbm_poisson
darts_enc_fc_cyc_month_cos_futcov_lag6,0.0,0.0,69.38854956626892,13.237109899520874,28.187479972839355,13.147799968719482,21.969759941101074,0.0,0.0,0.0010085194885639526,8.285409682875499e-05,0.00028033643828506705,0.00011338460081904423,0.0002343278370154689,20.847242764064244,0.0002456317802160411,activity_2_lightgbm_poisson
rolling_rsum7_7_acled_other_rus_shelling_artillery_missile_attack_pastcov_lag-7,30.023030161857605,0.9323139786720276,51.60000920295715,32.920649766922,18.196160316467285,1.689930021762848,15.955880284309387,0.00014680592967981633,7.2486305098262704e-06,0.0011133423676868315,0.00013532365410477975,7.767819837867229e-05,1.2072806541763015e-05,0.00020362508951792256,21.616853390421188,0.00024229952520280168,activity_2_lightgbm_poisson
darts_enc_fc_cyc_week_cos_futcov_lag2,0.0,19.670610427856445,0.0,14.355329990386963,14.292640209197998,0.0,0.0,0.0,0.0010054943999998843,0.0,0.0002680490919211076,0.00026862715663327207,0.0,0.0,6.902654375348773,0.00022031009265060917,activity_2_lightgbm_poisson
darts_enc_fc_cyc_week_cos_futcov_lag-1,6.945970058441162,3.283329963684082,5.564430236816406,0.15283000469207764,6.7539801597595215,17.318400144577026,67.58464026451111,0.00017016896010142447,4.082502477515959e-05,3.0156143157267223e-05,2.730352729241048e-07,9.844927598865461e-05,0.00044786461221637543,0.0007235584839961895,15.371940118925911,0.00021589936221542785,activity_2_lightgbm_poisson
darts_enc_fc_cyc_dayofweek_cos_futcov_lag2,0.0,0.0,13.708329916000366,0.0,19.674960136413574,0.0,0.0,0.0,0.0,0.0008676710218326722,0.0,0.0006431776845856607,0.0,0.0,4.769041436059134,0.00021583552948833327,activity_2_lightgbm_poisson
darts_enc_fc_cyc_month_cos_futcov_lag4,6.7500901222229,0.0,51.24745988845825,8.065860033035278,77.19137001037598,0.0,0.3189750015735626,9.389492548856903e-05,0.0,0.000735536335065623,5.904115536881083e-05,0.000620350159641414,0.0,1.605910704594038e-06,20.51053643652371,0.0002157754980384301,activity_2_lightgbm_poisson
darts_enc_fc_cyc_dayofweek_cos_futcov_lag0,6.574709892272949,0.0,14.4967200756073,11.219630002975464,17.1318302154541,3.0560600757598877,0.0,0.00011697734374933599,0.0,0.0008643322675749188,0.00018247784890044195,0.0002856484349382349,3.7514950987116434e-05,0.0,7.496992894581386,0.0002124215494500069,activity_2_lightgbm_poisson
darts_enc_fc_cyc_week_cos_futcov_lag3,66.58232069015503,0.0,4.8642401695251465,0.0,0.0,30.8132803440094,6.439599990844727,0.0007205697354481178,0.0,7.534369908634986e-05,0.0,0.0,0.00047213107402375163,6.18393089107272e-05,15.528491599219185,0.00018998340249556377,activity_2_lightgbm_poisson
darts_enc_fc_cyc_month_sin_futcov_lag4,0.0,0.0,2.746880054473877,28.684300422668457,0.0,38.23727989196777,9.641970157623291,0.0,0.0,2.190814761025006e-05,0.00045171021598158225,0.0,0.0006048428858065113,0.0002405861696552769,11.330061503819056,0.00018843534557908865,activity_2_lightgbm_poisson
rolling_rmean28_28_dist_to_nearest_contested_km_pastcov_lag-7,2.935120105743408,6.288290023803711,20.75056004524231,23.90183973312378,0.0,2.6207799911499023,10.90552020072937,2.365039351415188e-05,7.125962653486972e-05,0.00020422368151382653,0.0006743614564964195,0.0,3.1956429602075787e-05,0.00024890357523716934,9.628872871398926,0.0001791935946997875,activity_2_lightgbm_poisson
darts_enc_fc_cyc_week_cos_futcov_lag1,0.0,16.291529893875122,27.318750143051147,18.482580184936523,4.17195987701416,0.0,5.301839828491211,0.0,0.00016124958452263806,0.0005030306956950392,0.000455494610259044,8.98421100077318e-06,0.0,7.415082709854026e-05,10.223808561052595,0.00017184427551086213,activity_2_lightgbm_poisson
darts_enc_fc_cyc_week_cos_futcov_lag5,24.537479877471924,46.7859103679657,0.0,0.0,0.0,20.952699661254883,0.0,0.0002602877945147242,0.00040389872841273267,0.0,0.0,0.0,0.0003329670990691369,0.0,13.18229855809893,0.00014245051742808483,activity_2_lightgbm_poisson
darts_enc_fc_cyc_month_sin_futcov_lag3,14.34076976776123,1.56659996509552,5.39640998840332,0.0,21.58370018005371,1.843790054321289,0.0,0.0005568758884711312,9.072311720115244e-06,5.885714888873572e-05,0.0,0.00027172193839111183,1.1028591905692942e-05,0.0,6.3901814222335815,0.00012965083991096956,activity_2_lightgbm_poisson
rolling_rmean28_28_dist_to_nearest_contested_km_pastcov_lag-1,19.06845998764038,13.040379762649536,17.06521987915039,7.584540128707886,6.4529500007629395,0.0,27.458189964294434,0.00023979291756379695,0.00019072639959318848,0.00042448039730600404,4.971009557448447e-05,6.91402043816014e-05,0.0,-0.00010953276477643215,12.952819960457939,0.00012347389280609186,activity_2_lightgbm_poisson
darts_enc_fc_cyc_month_sin_futcov_lag1,11.111010074615479,8.788559913635254,12.125420093536377,3.2194700241088867,3.823591113090515,8.156499862670898,3.2040700912475586,0.00011082812113971663,0.0002992130644303259,0.0001645596496379298,4.868338635075631e-05,2.0567043966224217e-05,9.864450002021741e-05,4.4836659005187404e-05,7.204088738986424,0.00011247606065005109,activity_2_lightgbm_poisson
rolling_rsum14_14_dist_to_nearest_contested_km_pastcov_lag-7,0.0,3.2379798889160156,4.4375200271606445,3.9125200510025024,6.468480110168457,16.1805202960968,19.385080099105835,0.0,2.8541999176967537e-05,0.00012419634311182647,2.294742372122016e-05,5.9721969751613815e-05,0.00026519716440724926,0.00022380002123076893,7.660300067492893,0.00010348641734280659,activity_2_lightgbm_poisson
darts_enc_fc_cyc_dayofweek_sin_futcov_lag2,9.9364595413208,7.540030002593994,2.6193699836730957,9.465270042419434,0.0,3.9969398975372314,0.0,0.00011625726178101647,0.00022503227581311959,2.3772472352501238e-05,0.00021642861342849873,0.0,8.023325729156205e-05,0.0,4.7940099239349365,9.453198295238543e-05,activity_2_lightgbm_poisson
darts_enc_fc_cyc_month_cos_futcov_lag5,0.0,13.551400184631348,8.08508014678955,6.11037015914917,0.0,15.011429786682129,3.307080030441284,0.0,0.00016842187895691474,3.9438300804550686e-05,0.0001236783109598294,0.0,0.0001952074246799329,3.0375389093251216e-05,6.580765758241926,7.958875778492556e-05,activity_2_lightgbm_poisson
darts_enc_fc_cyc_month_cos_futcov_lag-2,0.0,12.483180046081543,3.882999897003174,7.607389688491821,0.0,0.0,9.616490125656128,0.0,0.00021666189139870617,5.1827308797491865e-06,0.0001802109818770825,0.0,0.0,0.00011113754417950706,4.798579965318952,7.331330690500642e-05,activity_2_lightgbm_poisson
darts_enc_fc_cyc_week_cos_futcov_lag6,0.0,0.0,0.0,11.5277099609375,0.0,14.878209829330444,0.0,0.0,0.0,0.0,0.00037780689142019597,0.0,0.00012889577900068172,0.0,3.7722742557525635,7.23860957744111e-05,activity_2_lightgbm_poisson
darts_enc_fc_cyc_month_sin_futcov_lag2,0.0,0.0,0.0,23.31305980682373,6.501904454082251,0.0,0.0,0.0,0.0,0.0,0.00042634079220320585,2.2645181310276818e-05,0.0,0.0,4.259280608700855,6.414085335906895e-05,activity_2_lightgbm_poisson
darts_enc_fc_cyc_week_cos_futcov_lag4,0.0,8.529820203781128,0.0,0.0,0.0,7.739659786224365,15.987620115280151,0.0,0.00012771308377459433,0.0,0.0,0.0,4.451249180947858e-05,0.00027673887447614564,4.608157157897949,6.413777858003122e-05,activity_2_lightgbm_poisson
darts_enc_fc_cyc_dayofweek_cos_futcov_lag4,0.0,0.0,0.0,0.0,3.3703598976135254,0.0,0.0,0.0,0.0,0.0,0.0,0.00044208294116929723,0.0,0.0,0.4814799853733608,6.315470588132817e-05,activity_2_lightgbm_poisson
darts_enc_fc_cyc_dayofweek_sin_futcov_lag4,0.0,0.0,0.0,3.819659948348999,8.604820013046265,0.0,0.0,0.0,0.0,0.0,0.00033843564959978867,0.0001017421897263171,0.0,0.0,1.774925708770752,6.288254847515796e-05,activity_2_lightgbm_poisson
darts_enc_fc_cyc_month_cos_futcov_lag3,0.0,7.7932000160217285,27.511629819869995,5.630710124969482,0.0,0.0,0.0,0.0,0.00010641343980815066,0.0001951913092209878,8.075592954823741e-05,0.0,0.0,0.0,5.847934280123029,5.4622954082482276e-05,activity_2_lightgbm_poisson
rolling_rsum14_14_dist_to_nearest_ru_km_pastcov_lag-14,3.6346099376678467,4.202239990234375,6.1819398403167725,0.0,6.086030006408691,0.0,0.0,3.5867439545245186e-05,1.5820655719611666e-05,0.00019811435257175437,0.0,5.030828220700112e-05,0.0,0.0,2.872117110661098,4.2872961434801766e-05,activity_2_lightgbm_poisson
darts_enc_fc_cyc_month_cos_futcov_lag2,0.0,0.0,13.353990077972412,6.444129943847656,0.0,4.600240230560303,7.013009011745453,0.0,0.0,8.486088736687769e-05,0.00012436070066956795,0.0,2.880694388998073e-05,5.035123592198598e-05,4.487338466303689,4.119710969263034e-05,activity_2_lightgbm_poisson
darts_enc_fc_cyc_dayofweek_cos_futcov_lag1,0.0,3.3947699069976807,0.0,5.5171799659729,0.0,0.0,3.3756799697875977,0.0,0.00019060588274257828,0.0,4.7455110878247277e-05,0.0,0.0,2.3658675832649578e-05,1.755375691822597,3.73885242076393e-05,activity_2_lightgbm_poisson
darts_enc_fc_cyc_dayofweek_sin_futcov_lag3,3.0191800594329834,0.0,4.723229885101318,0.0,0.0,0.0,0.0,3.6348468791058684e-05,0.0,0.00021737496600302553,0.0,0.0,0.0,0.0,1.1060585635049003,3.624620497058346e-05,activity_2_lightgbm_poisson
darts_enc_fc_cyc_dayofweek_cos_futcov_lag3,0.0,0.0,6.940380096435547,0.0,0.0,0.0,0.0,0.0,0.0,0.0002498202254988868,0.0,0.0,0.0,0.0,0.9914828709193638,3.568860364269812e-05,activity_2_lightgbm_poisson
darts_enc_fc_cyc_week_cos_futcov_lag0,0.0,0.0,3.3234400749206543,0.0,0.0,8.913280010223389,0.0,0.0,0.0,4.799033048512591e-05,0.0,0.0,0.00017265270344224426,0.0,1.7481028693062919,3.152043341819574e-05,activity_2_lightgbm_poisson
darts_enc_fc_cyc_month_cos_futcov_lag1,0.0,2.061569929122925,0.0,20.189159512519836,0.0,0.0,3.5102500915527344,0.0,2.438014134289457e-05,0.0,0.00014867482094764738,0.0,0.0,1.7014850565932882e-05,3.6801399333136424,2.7152830408067833e-05,activity_2_lightgbm_poisson
rolling_rsum14_14_dist_to_nearest_ru_km_pastcov_lag-7,8.696200013160706,2.838170051574707,0.0,0.0,0.0,0.0,0.0,0.00010246512595626366,9.958947122079564e-06,0.0,0.0,0.0,0.0,0.0,1.647767152105059,1.6060581868334746e-05,activity_2_lightgbm_poisson
darts_enc_fc_cyc_month_cos_futcov_lag-1,2.1672799587249756,1.077489972114563,0.0,0.0,0.0,3.115799903869629,0.0,4.6446386371501446e-05,5.295798720439393e-06,0.0,0.0,0.0,2.57395236408664e-05,0.0,0.908652833529881,1.1068815533258177e-05,activity_2_lightgbm_poisson
rolling_rsum14_14_dist_to_nearest_ru_km_pastcov_lag-1,0.0,0.0,0.0,0.0,4.854770183563232,0.0,0.0,0.0,0.0,0.0,0.0,3.7354981914572426e-05,0.0,0.0,0.6935385976518903,5.336425987796061e-06,activity_2_lightgbm_poisson
darts_enc_fc_cyc_dayofweek_cos_futcov_lag6,0.0,0.0,0.0,0.0,0.0,0.0,0.0,0.0,0.0,0.0,0.0,0.0,0.0,0.0,0.0,0.0,activity_2_lightgbm_poisson
darts_enc_fc_cyc_dayofweek_sin_futcov_lag5,0.0,0.0,0.0,0.0,0.0,0.0,0.0,0.0,0.0,0.0,0.0,0.0,0.0,0.0,0.0,0.0,activity_2_lightgbm_poisson
darts_enc_fc_cyc_dayofweek_sin_futcov_lag6,0.0,0.0,0.0,0.0,0.0,0.0,0.0,0.0,0.0,0.0,0.0,0.0,0.0,0.0,0.0,0.0,activity_2_lightgbm_poisson
ewm_ewma14_act_drone_infra_ua_health_intent_pastcov_lag-14,0.0,0.0,0.0,0.0,0.0,0.0,0.0,0.0,0.0,0.0,0.0,0.0,0.0,0.0,0.0,0.0,activity_2_lightgbm_poisson
darts_enc_fc_cyc_month_sin_futcov_lag5,0.0,0.0,0.0,0.0,0.0,0.0,0.0,0.0,0.0,0.0,0.0,0.0,0.0,0.0,0.0,0.0,activity_2_lightgbm_poisson
rolling_rmean28_28_dist_x_clash_pastcov_lag-1,0.0,0.0,0.0,0.0,0.0,0.0,0.0,0.0,0.0,0.0,0.0,0.0,0.0,0.0,0.0,0.0,activity_2_lightgbm_poisson
darts_enc_fc_cyc_dayofweek_cos_futcov_lag5,0.0,0.0,0.0,0.0,0.0,0.0,0.0,0.0,0.0,0.0,0.0,0.0,0.0,0.0,0.0,0.0,activity_2_lightgbm_poisson
darts_enc_fc_cyc_month_cos_futcov_lag0,0.0,0.0,0.0,0.0,0.0,0.0,0.0,0.0,0.0,0.0,0.0,0.0,0.0,0.0,0.0,0.0,activity_2_lightgbm_poisson
rolling_rmean28_28_dist_x_clash_pastcov_lag-7,0.0,0.0,0.0,0.0,0.0,0.0,0.0,0.0,0.0,0.0,0.0,0.0,0.0,0.0,0.0,0.0,activity_2_lightgbm_poisson
ewm_ewma14_act_drone_infra_ua_health_intent_pastcov_lag-1,0.0,0.0,0.0,0.0,0.0,0.0,0.0,0.0,0.0,0.0,0.0,0.0,0.0,0.0,0.0,0.0,activity_2_lightgbm_poisson
rolling_rmean28_28_dist_x_clash_pastcov_lag-14,0.0,0.0,0.0,0.0,0.0,0.0,0.0,0.0,0.0,0.0,0.0,0.0,0.0,0.0,0.0,0.0,activity_2_lightgbm_poisson
ewm_ewma14_act_drone_infra_ua_health_intent_pastcov_lag-7,0.0,0.0,0.0,0.0,0.0,0.0,0.0,0.0,0.0,0.0,0.0,0.0,0.0,0.0,0.0,0.0,activity_2_lightgbm_poisson
Activity_Level_statcov_target_act_drone_strike_on_ua,0.0,0.0,0.0,0.0,0.0,0.0,0.0,0.0,0.0,0.0,0.0,0.0,0.0,0.0,0.0,0.0,activity_2_lightgbm_poisson
env_weather_wind_direction_10m_dominant_futcov_lag3,0.37560114363285957,0.17286975078655856,0.30972953871141895,0.3353024973710572,1.4327942885826395,0.5853300629566573,0.6988548714124945,0.008653195039267137,0.006785481305487573,0.007895498104515796,0.004733733231947812,0.12371152842057018,0.013958030990031988,0.006006321208811283,0.5586403076362408,0.02453482690009025,activity_2_catboost_tweedie
env_weather_wind_direction_10m_dominant_futcov_lag-1,1.3979806153972465,0.3274554398953727,1.1067226103419021,0.21508544975707614,1.0093548939572794,0.5958454209902718,0.1830362771650473,0.127110498685511,0.008624172539507313,0.007804173730557929,0.001697641670524841,0.011281558269374981,0.010735849611904236,0.00441391213739768,0.6907829582148851,0.024523972377825422,activity_2_catboost_tweedie
env_weather_wind_direction_10m_dominant_futcov_lag5,0.2824946652479538,0.35316176448578745,0.11667459666667122,0.3284403970281151,0.2631544101118552,0.2897258376361163,1.6078976482441651,0.002276413680002154,0.0025446701719508804,0.002137943820248833,0.020350776826629113,0.010515938599568297,0.00492044354048673,0.12862093500428956,0.463078474202952,0.02448101737759651,activity_2_catboost_tweedie
env_weather_wind_direction_10m_dominant_futcov_lag4,0.5564247864303568,0.16003546519093415,0.3431773729681892,0.12003708876611327,0.08031383839395162,1.3179172683978295,0.4298456486496018,0.007872332474000187,0.0061151879732648014,0.011766590383859809,0.00517816967158462,0.0029641591477684638,0.12211168858695505,0.013821153616141491,0.4296787812567109,0.024261325979082062,activity_2_catboost_tweedie
env_weather_wind_direction_10m_dominant_futcov_lag0,0.2841624027445706,1.1493409502906289,0.5310373083925722,0.6206747274592068,0.10575909221431917,1.272261208149093,0.9346301736243067,0.00916107047145811,0.12043135126552992,0.006436576485196488,0.003280956153662129,0.0016341198028402503,0.01148128620328408,0.01686367320852953,0.6996951232678139,0.024184147655785793,activity_2_catboost_tweedie
env_weather_wind_direction_10m_dominant_futcov_lag2,0.1498568072619141,0.15926897440952248,0.22202208622103442,1.331036968888459,0.3285444644758968,0.7065715357326164,0.16317423053440086,0.004010878904089932,0.010586673935137392,0.005757835853849013,0.12325844341881513,0.00810275997278156,0.007262104423230764,0.0015545248714524007,0.43721072393197774,0.02293331733990803,activity_2_catboost_tweedie
env_weather_wind_direction_10m_dominant_futcov_lag1,0.2875848060196633,0.07250552606578577,1.2423125544140687,0.6556726208860161,0.5796973562578219,0.1836435857454026,1.0270801931756774,0.013464461346390899,0.0046028264500532325,0.11707660319148991,0.009389023132337937,0.004432211286236965,0.00046774166391785334,0.009663151129534753,0.5783566632234908,0.022728002599994506,activity_2_catboost_tweedie
rolling_rmean28_28_act_total_daily_strike_events_pastcov_lag-7,1.4382148454170367,0.9835383347784045,0.8578536760120852,1.734194038450752,1.3724335150787441,1.4311076293202867,1.1135888857884062,0.018537556089269925,0.010471199679607168,0.014928498605849017,0.06923497477336357,0.017121449302756053,0.011791159605871626,0.016423432315551767,1.2758472749779592,0.022644038624609873,activity_2_catboost_tweedie
rolling_rsum7_7_act_total_daily_strike_events_pastcov_lag-7,1.4894490238188054,0.6037651784990823,1.4133320448067956,1.337862584782623,0.26000051031736787,0.6502946349026286,0.5498054798177255,0.021473616971891252,0.009222883038236129,0.009755525742482219,0.005194819600369893,0.061854243463218016,0.016514598037793628,0.0032763582239332843,0.900644208135004,0.01818457786827492,activity_2_catboost_tweedie
ewm_ewma14_acled_other_rus_armed_clash_pastcov_lag-14,0.3096470953710214,0.24055809586362759,0.10545198994813494,0.19202061769014162,0.4666331043476154,0.40021505207297736,0.37516714949264585,0.012181036607771123,0.009599156796172136,0.009310739926079004,0.017524545113333345,0.025613066254696372,0.030391234106533126,0.016298446372416796,0.29852758639802346,0.01727403216814313,activity_2_catboost_tweedie
ewm_ewma14_acled_other_rus_armed_clash_pastcov_lag-1,0.2034530033301513,0.33132752618482886,0.44641758691466965,0.2359753388017372,0.09865377501533441,0.06722625623452143,0.21735898229093803,0.013249358296994385,0.018741104078491146,0.051190384382779563,0.019975693447240483,0.005750981500532016,0.005669969191507462,0.0046889661485807425,0.22863035268174012,0.017038065292303686,activity_2_catboost_tweedie
act_drone_strike_on_ua_target_lag-7,0.045145579059612424,0.03807378994624179,0.010885599630348363,0.8744673573380386,0.10220034788043539,0.1063614325449119,0.864726937619872,0.002626894521305112,0.00025015108986801147,1.5184151621516761e-05,0.020348783585687834,0.0002284787060994109,0.0032557236216403497,0.08739719649553332,0.2916944348599229,0.016303201738822222,activity_2_catboost_tweedie
rolling_rmean28_28_act_total_daily_strike_events_pastcov_lag-14,0.7442788445643064,0.9378468035016284,1.40921488390021,1.4309970834719365,1.0723568836355912,1.2502279598340587,1.4576705606420037,0.009064566713178878,0.011944867183158615,0.02045571156569572,0.014908783652340763,0.015986625229129192,0.01276114232481158,0.010995161258100294,1.1860847170785338,0.013730979703773577,activity_2_catboost_tweedie
ewm_expdecay7_act_total_damage_events_pastcov_lag-14,1.0371890164927349,1.2332677756136956,2.4251673698531078,0.589351730560208,0.3044702925652419,0.3270358535973388,0.04436910852633555,0.004876783933714668,0.007531502462737971,0.015008025238546807,0.06225115537372457,0.0020374628721974374,0.0025137822154304157,3.934808475618557e-05,0.8515501638869516,0.013465437168729723,activity_2_catboost_tweedie
rolling_rsum14_14_act_total_daily_strike_events_pastcov_lag-1,1.5025979382932542,1.1944422579366156,1.129844958000827,0.935623169049719,1.0312988315430642,0.7387543557489045,0.7852937129410547,0.012246064261166211,0.006724827876390571,0.013907760694339766,0.010333380457631191,0.023255040164473016,0.012274896704260008,0.009800842686599665,1.0454078890733485,0.01264897326355149,activity_2_catboost_tweedie
rolling_rsum7_7_act_total_daily_strike_events_pastcov_lag-14,1.1504730638215748,0.8275347724986362,0.7011999005175871,0.8970099939413977,1.6546082173825725,1.0576090906762246,1.2087215351067255,0.012640120672664446,0.010347111023986555,0.00888557796192586,0.008476859715500606,0.015173541084310727,0.01515589971655491,0.015090786226482033,1.0710223677063884,0.012252842343060734,activity_2_catboost_tweedie
ewm_ewma14_act_drone_infra_ua_health_intent_pastcov_lag-14,0.12799859236223943,0.22370516098304563,0.1498335863428802,0.1700337527280697,0.14230514398283856,0.30438645012341714,0.2820995073336631,0.009803002299599317,0.014428434904492526,0.009423106121314539,0.011778653449981058,0.008959895730217738,0.01770871275225283,0.012742400206803773,0.20005174197945055,0.012120600780665968,activity_2_catboost_tweedie
rolling_rsum7_7_act_total_daily_strike_events_pastcov_lag-1,0.7838248943961428,0.9393131489782146,0.9557230209670718,0.8950565994985195,0.7297942665505103,1.26674833029829,1.094860402478879,0.010950650945048634,0.011231401557304666,0.008533063190100342,0.010891894701737969,0.016261365431933593,0.012361842072837437,0.011530662034012651,0.9521886661668041,0.011680125704710756,activity_2_catboost_tweedie
rolling_rsum14_14_act_total_daily_strike_events_pastcov_lag-14,1.2183579540799145,0.4717922949673176,1.6244713107269204,1.2879724962961956,1.9245006846242159,0.7427777689366822,1.0201417294670194,0.010675358893599718,0.008741838228836785,0.019005392962414613,0.008911435709917348,0.015006032621840571,0.008861760844554279,0.00953217929420067,1.1842877484426093,0.011533428365051999,activity_2_catboost_tweedie
ewm_ewma14_act_total_daily_strike_events_pastcov_lag-14,0.5137394136695623,0.7739820134077343,0.5514177456683999,0.7803181573676702,1.2915175844035138,1.3828850312757002,0.9092192144361638,0.005987320611507396,0.010720189608217124,0.021100221573662047,0.0046096096091252205,0.009437887701370995,0.010576186563583922,0.007933843681952024,0.8861541657469635,0.01005217990705982,activity_2_catboost_tweedie
ewm_ewma14_act_drone_infra_ua_health_intent_pastcov_lag-1,0.18340215260436107,0.0947509331620285,0.072175921003146,0.13661410387227083,0.14551622343168633,0.23849776882836038,0.19753980698632906,0.014453542212427384,0.004771282267720123,0.005739718788250659,0.012856437739588288,0.010475649075288617,0.011340372474465088,0.01029863965198754,0.15264241569831175,0.0099908060299611,activity_2_catboost_tweedie
ewm_ewma14_acled_other_rus_disrupted_weapons_use_pastcov_lag-14,0.18381774691268152,0.23692201596018717,0.6166986654611377,0.1351906673487971,0.1292933276359602,0.1855098258880172,0.1944523308046988,0.008272847701309293,0.010837779151252568,0.036999291516629285,0.005238128984178458,0.0028127146748369693,0.003332461116552654,0.0023223802391975747,0.24026922571592566,0.009973657626279542,activity_2_catboost_tweedie
ewm_ewma14_acled_other_rus_armed_clash_pastcov_lag-7,0.24226155339767735,0.19690082082274485,0.18128794180916027,0.2706104636279532,0.2986301294693127,0.127033098687135,0.2949075616543396,0.010927895410554523,0.005716150499310091,0.00533577023274785,0.01202949334660457,0.018080346338135645,0.006878468037209507,0.009640246085181391,0.2302330813526176,0.009801195707106223,activity_2_catboost_tweedie
rolling_rmean28_28_fin_usd_rub_rate_pastcov_lag-14,1.4340088542532554,1.6544445032542257,2.332373405335034,2.6441175917036133,2.1086031971213863,2.200039281392625,2.2774858161352443,0.010454042777819583,0.0075915589996366165,0.012746964884925927,0.007465405411114156,0.008596097707191764,0.011452797504624069,0.008939754015799805,2.0930103784564835,0.009606660185873129,activity_2_catboost_tweedie
ewm_ewma14_act_total_daily_strike_events_pastcov_lag-7,1.282191337408263,1.540858961880756,1.2632858620182186,1.0476507917075841,1.4906396824459072,1.28039086816704,0.6893346326232507,0.016558851956218645,0.010985263219166087,0.010695734615394548,0.006291523680022592,0.006816807661586788,0.009203133399630813,0.00600520755941143,1.2277645908930028,0.00950807458449013,activity_2_catboost_tweedie
rolling_rmean28_28_fin_usd_rub_rate_pastcov_lag-1,0.9868951631327526,1.4299048707192274,1.7047100706730096,1.6885281815675626,1.5723415168811494,1.0401416494381066,1.2717931384666368,0.006395802450949395,0.011430337010186541,0.013186792170174,0.010081351432385578,0.009675454958417906,0.006886357267956278,0.008185868272206154,1.3849020844112065,0.009405994794610836,activity_2_catboost_tweedie
rolling_rmean28_28_act_total_daily_strike_events_pastcov_lag-1,0.7730098994670608,0.7969005789685559,1.2671811807209048,1.0385287745852863,0.8087532680260248,0.8338213042556002,0.8440363270863123,0.008994024478410401,0.008822014331288241,0.008331973360284106,0.014411019914587686,0.005269756798811387,0.008307849394778822,0.011024591511817162,0.9088901904442493,0.009308747112853972,activity_2_catboost_tweedie
ewm_ewma14_acled_other_rus_disrupted_weapons_use_pastcov_lag-7,0.05144400287218603,0.2033305427286678,0.03931643294984283,0.15945292503954347,0.34135714636515413,0.3084640841700667,0.09160493993108763,0.00177417916467566,0.0029014179720999065,0.001354945697340737,0.0027394700361919266,0.0305417328592253,0.02112899804291766,0.004368030172418891,0.17071001057950694,0.009258396277838584,activity_2_catboost_tweedie
ewm_expdecay7_act_total_daily_strike_events_pastcov_lag-7,0.49360972068766423,0.5397196276589171,1.0463092532466651,1.2486125625332232,4.006220637950743,3.3511084528948234,1.306070988687182,0.005667635347693034,0.0022659131589934044,0.00401523534674666,0.020029178008173366,0.008803848018342974,0.013923815647117532,0.008699461286047861,1.7130930348084596,0.00905786954473069,activity_2_catboost_tweedie
ewm_ewma14_acled_other_ua_disrupted_weapons_use_pastcov_lag-7,0.5009969421528279,0.3318919354267891,0.4833095809646788,0.689421310035202,0.3070965012576585,0.7629910063558966,0.4793277063748876,0.0013460066470246223,0.004097037359565081,0.003818257841370243,0.010216453966261075,0.005616993069591336,0.01867108240418951,0.019407644135205702,0.5078621403668487,0.009024782203315368,activity_2_catboost_tweedie
rolling_rsum14_14_act_total_daily_strike_events_pastcov_lag-7,0.3200161854471396,0.45509513482315567,0.744528035468838,0.8711471471665111,0.7567781363994033,0.8661526268092511,1.128005795961035,0.009386764257495983,0.005915555126683891,0.012782841855277383,0.00816145487780453,0.011637822297983113,0.007251794806506151,0.007455777112564665,0.734531866010762,0.008941715762045102,activity_2_catboost_tweedie
ewm_ewma14_act_drone_infra_ua_energy_intent_pastcov_lag-14,1.031850022298528,0.7806747588089759,0.67082562495539,1.277075391402756,1.025133278507472,1.1225225614136292,0.9525954853362026,0.008363589358083434,0.006952907206748527,0.008426701558004934,0.00827068647245679,0.010035150075868082,0.009379127164422662,0.00987241593653676,0.980096731817565,0.008757225396017313,activity_2_catboost_tweedie
ewm_expdecay7_fin_usd_rub_rate_pastcov_lag-1,0.21953766658103646,0.1417218432662256,0.5443384631376207,0.5464868550452511,0.801724081971108,0.2994355739240106,0.5957829515198635,0.0014755296048098777,0.007083309203604315,0.013792696496178869,0.018373359666380963,0.011707154408564579,0.0038139628494989752,0.0038846681460368735,0.4498610622064451,0.008590097196439207,activity_2_catboost_tweedie
ewm_ewma14_act_total_damage_events_pastcov_lag-1,1.1254138289149451,1.173791197955448,0.6776740192760197,1.4284855792526623,2.325771487750195,2.3563776246326698,1.8345781195495399,0.007762400424546479,0.006477207653374117,0.004910186193573795,0.004962576637337723,0.015610726736105307,0.012737084252690201,0.007383655043627613,1.5602988367616402,0.008549119563036462,activity_2_catboost_tweedie
ewm_expdecay7_act_total_damage_events_pastcov_lag-7,0.5332491219124851,1.6649700383665467,0.3358126554090747,0.30484611516066346,1.477628182416617,1.4743130851834256,2.630476873087259,0.005501401903406733,0.008625706757075214,0.003175159215883938,0.004651869641492179,0.00720372667269471,0.007638788677910169,0.02131194955411999,1.2030422959337244,0.008301228917511847,activity_2_catboost_tweedie
ewm_ewma14_act_total_damage_events_pastcov_lag-7,1.0118317829755172,0.8804039380472629,0.7171502156215259,1.1833352641144161,1.8449696513771527,1.3516753796669758,0.9269486884283182,0.011863926910283951,0.0032185342098133285,0.0039010765876169805,0.01639422554601091,0.008089017834863332,0.008504513630258836,0.005195296864828491,1.1309021314615957,0.00816665594052512,activity_2_catboost_tweedie
ewm_expdecay7_act_total_daily_strike_events_pastcov_lag-1,1.0598541063296012,0.9360643410399598,0.43074210792720896,2.7856823161747735,4.836714290797012,0.8364666384948071,0.7553530709119184,0.005982208242785325,0.010441213015092776,0.0047557759036264136,0.004070939533225815,0.011894604464371206,0.010364762414615415,0.009558719678957384,1.6629824102393258,0.008152603321810618,activity_2_catboost_tweedie
darts_enc_fc_cyc_day_cos_futcov_lag5,0.2706555021714059,0.09769225491128034,0.37356020171052584,0.43727705949122425,0.3326196294769119,0.27892317950727263,0.239174226285175,0.0036999533123970307,0.009466008640372258,0.016655523839260455,0.009526314915360646,0.00761880258128147,0.006143875607347882,0.0035589878638976114,0.2899860076505423,0.00809563810855962,activity_2_catboost_tweedie
ewm_ewma14_acled_other_ua_disrupted_weapons_use_pastcov_lag-1,1.9568756804723564,1.5493797645672542,0.8263141366567929,0.9498065798113808,0.6003601439252197,1.4672846828379758,0.4871170005184682,0.011461874332490529,0.007476070674490298,0.004486422391588185,0.010947914468418252,0.006715110297369309,0.012030711416703466,0.0017202369000473895,1.1195911412556354,0.007834048640158204,activity_2_catboost_tweedie
env_weather_pressure_msl_min_futcov_lag5,0.7066492993739407,3.238780729803291,0.2722642126936418,0.5820829443617398,1.088073440871829,0.34007434860719765,0.4121686862339945,0.007248046673381081,0.014494709661593141,0.002095339945142549,0.004587203155512909,0.018251703110268913,0.0011191913393475915,0.0058360495579782064,0.9485848088493762,0.007661749063317771,activity_2_catboost_tweedie
env_weather_pressure_msl_min_futcov_lag6,0.38515916894762736,0.2637337743285652,3.237064656569531,0.2797169040786914,0.4880794118509138,0.7342903097674763,0.5264246431802501,0.009033243848736338,0.0039395912422286235,0.016546004309918906,0.002721046186044718,0.004096182709385965,0.007807343651609133,0.007485591210454912,0.8449241241032937,0.007375571879768371,activity_2_catboost_tweedie
env_weather_wind_gusts_10m_max_futcov_lag-2,0.10861710866288377,0.35440362218073795,0.24177039323902855,0.24280915670832198,0.5097990540424884,0.20421054630167523,0.2162097916840837,0.0017562743744027332,0.03454440660262974,0.0014903198142809826,0.0014786598616067792,0.004669529921719162,0.003657473619508589,0.0017017900447091837,0.2682599532598885,0.007042636319836738,activity_2_catboost_tweedie
ewm_ewma14_acled_other_ua_armed_clash_pastcov_lag-14,0.15395989886218459,0.2516639185915503,0.20948789856991998,0.17925736973610748,0.13575974674996324,0.22342754202243678,0.2296674047555475,0.00386358277928871,0.004773793090489309,0.013976874373342652,0.014860408403995185,0.004610660938400501,0.0017327764791277068,0.0052926051449136095,0.19760339704110144,0.007015814458508239,activity_2_catboost_tweedie
act_drone_strike_on_ua_target_lag-1,1.0160502326159724,0.008432322373748368,0.03911407209682505,0.013765639700938265,0.1918243718115692,0.021927073542680385,0.02677144245620426,0.038095441151567086,8.465500023602247e-06,0.004258168683030505,5.7613902917963425e-05,0.0036538091724183765,0.001013833268659603,0.0016120038903726596,0.18826930779970538,0.006957047938427114,activity_2_catboost_tweedie
env_weather_wind_gusts_10m_max_futcov_lag3,0.22344129572353366,0.044766525161760294,0.33001826429177955,0.23777742758574255,0.4387872526840762,0.07953033866331727,0.4511299622770284,0.005777225657762841,0.001200461948730136,0.0015805231736151892,0.0024496137285656915,0.008052966799120797,0.0020332590287970077,0.027460337011775436,0.25792158091246253,0.006936341049766729,activity_2_catboost_tweedie
env_weather_wind_speed_10m_max_futcov_lag3,0.34967044631926925,0.1850268434059509,1.0947162855778911,1.0997664043418858,0.28331801219274316,0.15012874031087134,0.18126147699915268,0.005218013267046673,0.00319232286924116,0.006975798969966962,0.007797424443089329,0.009881263263397689,0.004486339570707032,0.010228572218287523,0.4776983155925378,0.006825676371676624,activity_2_catboost_tweedie
ewm_ewma14_act_total_damage_events_pastcov_lag-14,0.5265048373592899,0.46508899965963413,0.48702201669495365,0.5369474887867848,0.23873392218601638,0.503875898520841,0.35415642964410965,0.0055599832261787,0.007341559438570155,0.008604598999698499,0.017723579399167043,0.0032743629901618833,0.002654293538451613,0.0017302721115550535,0.4446185132645185,0.00669837852911185,activity_2_catboost_tweedie
ewm_ewma14_acled_other_ua_disrupted_weapons_use_pastcov_lag-14,0.19852662263768348,0.43013152330317245,0.25409706532238957,0.32583860971056033,0.13231622537855872,0.08073666591047529,0.1600669899645174,0.005444253587470671,0.012593058765984355,0.005562702863143532,0.00626207065824882,0.00630540220386191,0.005452700269215649,0.004891473716828898,0.2259591003181939,0.0066445231521076896,activity_2_catboost_tweedie
rolling_rsum7_7_com_diplo_bluesecondary_ua_pastcov_lag-7,0.2855094442303679,0.12625517134090122,0.39270889918852336,0.12127475867007494,0.2505719711309391,0.44517961874052425,0.30279437048708296,0.00470945878328759,0.002275283892362001,0.007499169551896401,0.0019697058803570533,0.008154425074189463,0.00997645868766841,0.010664235342586226,0.2748991762554877,0.006464105316049592,activity_2_catboost_tweedie
ewm_ewma14_dist_to_nearest_contested_km_pastcov_lag-14,0.20474595993361341,0.1379328624438104,0.21192422195641833,0.1451210525919127,0.28816154893700946,0.1408589464266871,0.3085750086454882,0.007946499152865227,0.0036763621840667283,0.0044889323583571,0.009236143057071234,0.009296372510608709,0.006583586597038971,0.0031268558030739914,0.20533137156213424,0.006336393094725994,activity_2_catboost_tweedie
ewm_expdecay7_acled_other_rus_shelling_artillery_missile_attack_pastcov_lag-1,0.8700129059963715,0.13703164765482842,0.11862181479842944,0.1391614043731947,0.06921901929670994,0.13669934073246817,0.03377769556223382,0.022062319439865453,0.0048956567182776075,0.0038097902266869487,0.0025345461418184944,0.002000441283900134,0.005267565214252356,0.0036790383991417873,0.21493197548774798,0.006321336774848967,activity_2_catboost_tweedie
env_weather_cloud_cover_mean_futcov_lag4,0.2196526151073768,0.2709910431819193,0.12369354855873213,0.267382895388303,0.355128227583204,0.26629022510947586,0.1625134913470437,0.003407914754463026,0.0023989198543113766,0.006087511145621893,0.01575602964523426,0.009200717102958023,0.004075343427024469,0.002683990879255238,0.23795029232515066,0.006230060972695468,activity_2_catboost_tweedie
ewm_expdecay7_act_total_damage_events_pastcov_lag-1,1.9319621182684346,3.918470924184632,1.688433602611959,0.7100033881850258,1.1661107550433434,0.907459371929608,0.8687453840271928,0.008577612351984709,0.009093540011062795,0.008762115000461913,0.0033332338499711288,0.0033433171948056284,0.005464054515344885,0.0050178771940245556,1.5987407920357424,0.006227392873950803,activity_2_catboost_tweedie
env_weather_wind_gusts_10m_max_futcov_lag-1,0.16058859901622,0.15612884334792465,0.27198371664453086,0.11897226596892806,0.24525864731857863,0.5237496558742841,0.15390653144223979,0.003461957141508365,0.0012537336277274047,0.023294765797789198,0.001414859609746677,0.002978084656601565,0.007100246625556128,0.003058226138504705,0.2329411799446723,0.006080267656776292,activity_2_catboost_tweedie
env_weather_wind_gusts_10m_max_futcov_lag2,0.0259628483499948,0.2995686490850185,0.7334707861754369,0.21717975978109624,0.162285361918887,0.45907779566786755,0.1893194203237336,0.0007552918700578948,0.001597376141596407,0.002134876700518107,0.0035653325843298723,0.002183039097770556,0.0292157631830664,0.002578183026743486,0.29812351732886216,0.006004266086297532,activity_2_catboost_tweedie
ewm_ewma14_act_total_daily_strike_events_pastcov_lag-1,1.0022153518969894,0.7593254818459316,0.6786680831570017,1.0509262511104926,1.7203597171927685,1.3346551788764747,0.8424840744218881,0.00501264975174911,0.008692289050017532,0.0028763014999016122,0.0013814372253291962,0.0063651222723216435,0.007344535113725614,0.009639359869442176,1.055519162643078,0.005901670683212412,activity_2_catboost_tweedie
env_weather_cloud_cover_mean_futcov_lag6,1.3952940245288181,0.5191664620187658,0.0506722366006222,0.04953703186036342,0.15477356685765153,0.12885589756153043,0.230382646206447,0.017243567370721746,0.0037964179793108068,0.0008702649243106597,0.0014947587470842904,0.005922914503913157,0.0026285949297476076,0.009265357011626918,0.3612402665191713,0.0058888393523878835,activity_2_catboost_tweedie
env_weather_pressure_msl_max_futcov_lag6,0.20455842114608827,1.0525776952568748,1.693828701714235,0.3483178171647882,0.21406355354408718,0.4863269196104622,0.662093367459075,0.0044310686811534165,0.009491552723938623,0.0084806410997063,0.0018799680342185487,0.0025170979638668546,0.007030904513684555,0.006778412665331834,0.6659666394136586,0.0058013779545571615,activity_2_catboost_tweedie
env_weather_wind_speed_10m_mean_futcov_lag6,0.2729710127300388,0.3893445253368914,0.11876757678304346,0.24437955127933494,0.2567163165666761,0.2348985299737799,0.19230450798416157,0.01042254401379734,0.018361593112063312,0.00031088869973721066,0.0023575098943857896,0.004437144628081291,0.002532797135718012,0.00186103157600086,0.2441974315219895,0.005754787008540545,activity_2_catboost_tweedie
env_weather_cloud_cover_mean_futcov_lag0,0.5435113840316697,0.6370913133344833,0.1420604467349027,0.5919259541443331,0.19493798914634097,0.07043540025211381,0.2577539203872113,0.014837281721722984,0.011720251647675161,0.004913489959053363,0.004778924415586005,0.0020684848057554994,0.0003333086505684202,0.0013710005884025821,0.34824520114729357,0.005717534541252003,activity_2_catboost_tweedie
env_weather_wind_speed_10m_max_futcov_lag6,0.22257946494320668,0.2539317319119448,0.10901320757035998,0.12834149295342978,0.4513437254964893,1.107704383340365,0.7915087464899234,0.014852801618119638,0.008461515727949731,0.0010341229239942962,0.0009138972621606234,0.003555762748579672,0.00535020817909837,0.005028637286963811,0.43777467895795985,0.005599563678123734,activity_2_catboost_tweedie
env_weather_pressure_msl_max_futcov_lag5,0.8392571542649033,1.6485667493463598,0.15614372037692775,0.12043430044225467,0.5030523071913638,0.6342366176488994,0.25049308196035086,0.01040252209590744,0.008967895216473143,0.0015919183875582111,0.0013263436909928927,0.008536442538099487,0.0064279236397497995,0.0016561376901773838,0.5931691330330084,0.005558454751279765,activity_2_catboost_tweedie
env_weather_wind_speed_10m_mean_futcov_lag5,0.4195831972558243,0.11567802313905963,0.6460213753776766,0.5322302503993167,0.3332194342023206,0.749817748300446,0.30291420974734523,0.01114589897199052,0.0024165616673336165,0.007527490952060578,0.0048514649453593964,0.003900510955129599,0.0034404759236523973,0.005177286949130622,0.44278060548885556,0.005494241480665248,activity_2_catboost_tweedie
env_weather_cloud_cover_mean_futcov_lag1,0.21898401712306964,0.48878658687348936,0.6025369724275739,0.1576471844159007,0.384106149650863,0.24278377665126125,0.17806814772061902,0.004588841846995195,0.014044786538717945,0.006877666417855299,0.004863010815631097,0.0030167035858345683,0.0024492431880584363,0.002298648113815682,0.3247018335518252,0.005448414358129746,activity_2_catboost_tweedie
env_weather_wind_speed_10m_max_futcov_lag5,0.2961080137724857,0.13837421839154862,0.1693120949364395,0.1910661341224342,0.8773078694801403,1.0950513765163843,0.16111659317734203,0.003819702298631955,0.0006460879472648618,0.00577874531658642,0.0006219193084952446,0.005567715676559004,0.00787501726908848,0.013117941855560566,0.4183337571995392,0.005346732810312361,activity_2_catboost_tweedie
rolling_rmean28_28_fin_usd_rub_rate_pastcov_lag-7,0.7625975512149837,0.8139109581456628,0.6988117437033368,0.5613158517773609,1.015318833313697,0.817474400126892,1.4344280173966963,0.004886670199429721,0.005593356083826428,0.005546011140180651,0.002012885598309211,0.005905939425055196,0.007044538728801841,0.005843945708472309,0.8719796222398042,0.005261906697725051,activity_2_catboost_tweedie
act_drone_strike_on_ua_target_lag-4,0.042604218179604685,0.262143042555968,0.06347798952811437,0.15558330467302192,0.030428326802213485,0.11208279764419986,1.0551595645010021,0.0002951729484260701,0.004014879577612018,0.0014155089430980094,0.005038749750394755,0.0005835596251936081,0.0006714869290991299,0.024156497332113825,0.24592560626916063,0.005167979300848203,activity_2_catboost_tweedie
env_weather_pressure_msl_min_futcov_lag4,2.5165207652015784,0.14976978444656702,0.06553379969412018,1.2506443678578392,0.44539952642196495,0.2395535041947933,0.10271393923132091,0.013147898928719615,0.0012392824200430975,0.0011165388059850788,0.011134982978028706,0.004231675802796886,0.0029530481262409537,0.0016033234403628471,0.6814479552925976,0.005060964357453883,activity_2_catboost_tweedie
ewm_ewma14_dist_to_nearest_contested_km_pastcov_lag-1,0.21266657183623008,0.09074819311007398,0.09083364023515043,0.22887416310626238,0.1440694366944521,0.17986446833532324,0.2965725004397589,0.004298631237064021,0.002954832813573005,0.0016716822443479495,0.0042917135215446486,0.007160193103496737,0.003501612961011857,0.011230451243161532,0.17766128196532158,0.005015588160599964,activity_2_catboost_tweedie
env_weather_cloud_cover_mean_futcov_lag5,0.7210243365568713,0.38020306415896366,0.094486464173178,0.19197671000808114,0.07556213727310929,0.4584509163605812,0.5292289261676284,0.006448359740330934,0.0022884166457586954,0.0007953895910299602,0.011907562495995182,0.0012905160482542311,0.007608730046011614,0.004554574925712873,0.35013322209977327,0.004984792784727641,activity_2_catboost_tweedie
env_weather_wind_speed_10m_max_futcov_lag0,0.6072753797057925,0.2902132165875652,0.10357938656185464,0.055386641487784244,0.2477066810637372,0.5407622976173779,0.4699324210859718,0.0069625377304547206,0.007730328350918669,0.00228527590485188,0.0016663209198578776,0.0016391125208067292,0.007654549972332059,0.006722850544602333,0.33069371773001194,0.004951567991974895,activity_2_catboost_tweedie
ewm_ewma14_fin_usd_rub_rate_pastcov_lag-14,1.4218364834469175,0.3376691749292467,0.23394825500269711,0.2480367081141272,0.12958966158996973,0.3798550278726564,4.785351178461303,0.005621417346603352,0.0010609117477722752,0.0026983949315730004,0.002550096217651454,0.002625799223933423,0.002058472925094712,0.017842726088781014,1.0766123556309881,0.004922545497344176,activity_2_catboost_tweedie
ewm_expdecay7_acled_other_ua_disrupted_weapons_use_pastcov_lag-7,0.7476141729744924,0.44293737322160603,0.1872106992053377,0.5114863694124505,0.4499024128079084,0.40098333250402046,0.3022973681828195,0.004650952764045102,0.0046421024158578295,0.0029357119336308026,0.008303337841349423,0.006139388429214643,0.00401728407602886,0.003712971104747731,0.4346331040440908,0.00491453550926777,activity_2_catboost_tweedie
ewm_ewma14_act_drone_infra_ua_energy_intent_pastcov_lag-1,0.7509976922501613,0.6666104151045043,0.6526126093184261,0.6509576580405441,0.54064693838053,0.5669818285595121,0.6025878072494267,0.0037473245951438862,0.005881550295284166,0.006711398156301396,0.002955475309445599,0.0054287870843575895,0.0038139455816835976,0.005749312192817957,0.6330564212718721,0.004898256173576312,activity_2_catboost_tweedie
act_drone_strike_on_ua_target_lag-5,0.297034412203674,0.04741936786923134,0.028520131406493465,0.009650095328261945,0.006436535692419842,0.7859547497023548,0.20582466852456555,0.00488208591143049,0.00120268397306198,0.0016686266448260989,9.505302429142492e-05,6.796032873723768e-06,0.02471655309764482,3.486647808961241e-05,0.19726285153242867,0.004658095023174021,activity_2_catboost_tweedie
ewm_ewma14_act_drone_infra_ua_health_intent_pastcov_lag-7,0.07217682635098191,0.017618136142042797,0.06706412103158116,0.11355263702339834,0.057971038281842795,0.061198389105911626,0.042675836832701146,0.005093449017339835,0.0011325380817111652,0.0027386989049614343,0.006276086129405467,0.004799647794826045,0.009604952604801365,0.00273999739833084,0.061750997824065686,0.004626481418768022,activity_2_catboost_tweedie
darts_enc_fc_cyc_month_sin_futcov_lag2,0.27419689718541085,0.2632999550548945,0.22366061352901262,0.3922327193337494,0.3174927998724081,0.3608679650003946,0.2866320487485414,0.004105296611718834,0.004120591577888755,0.006338787621641551,0.003931646735559879,0.005059311158704882,0.004078622932089937,0.004249241662149683,0.3026261426749159,0.0045547854713933605,activity_2_catboost_tweedie
rolling_rmean28_28_total_ru_area_km2_pastcov_lag-7,0.4297191198957119,0.8112890762209435,1.115741870696026,0.7092728014596723,0.3307410423154001,0.41066616320638816,0.6670959140991422,0.003578107896904248,0.006882394376476353,0.007920938626659591,0.0038247468317375464,0.004260217376172571,0.003607191524949438,0.0016397898684047175,0.6392179982704692,0.004530483785900638,activity_2_catboost_tweedie
env_weather_wind_gusts_10m_mean_futcov_lag5,0.3130076930424909,0.20387969035463074,0.5741690104469794,0.19159678990196125,0.3973938530828652,0.6463382649038911,0.231516890430239,0.00345167969195912,0.0022254367444108024,0.009668431275378175,0.0005281672467874587,0.006792891840638293,0.003675233499115649,0.005364672219103417,0.36541459888043676,0.004529501788198988,activity_2_catboost_tweedie
env_weather_wind_direction_10m_dominant_futcov_lag6,0.14329080102090927,0.2953021984129659,0.09842468858608217,0.2200120652632683,0.12472758065956553,0.2582905247364651,0.11542005678815191,0.0014588593302682583,0.0031836484404275333,0.0008343269258461961,0.00198927228904322,0.013821260695899373,0.008347788317945092,0.00199766392877756,0.17935255935248687,0.0045189742754581765,activity_2_catboost_tweedie
env_weather_wind_gusts_10m_mean_futcov_lag3,0.668118938832905,0.3196637678023828,0.2161317507864693,2.3821541155455144,0.25672324294785626,0.24399295975344845,0.20373835616017102,0.003466068958179558,0.00286842620395662,0.0018858718408385267,0.0007016692592712648,0.0013840496782891788,0.005185004989227959,0.01597134595970402,0.6129318759755353,0.004494633841352446,activity_2_catboost_tweedie
env_weather_wind_speed_10m_mean_futcov_lag1,0.33604004685743194,0.9765660730821605,0.16745639387505531,0.43179353892893335,0.14758309449772572,0.34400129007755176,0.2538039711498905,0.0062692407870690746,0.003438015103258052,0.004609089055354243,0.0019281368360719586,0.008935655058720604,0.0020353823558932893,0.003927802751522269,0.37960634406696414,0.004449045992555641,activity_2_catboost_tweedie
ewm_expdecay7_com_aid_humanitarian_pastcov_lag-7,0.2087462261096126,0.2745162012220748,0.18965867511587461,1.032093949450563,1.3719934762464678,0.29351234563938844,0.45125258370713034,0.0015896319030931805,0.011060241128317072,0.002866674933804836,0.00609498783561051,0.004977467345624142,0.00218252732990627,0.0021834963998023983,0.5459676367844446,0.004422146696594059,activity_2_catboost_tweedie
darts_enc_fc_cyc_day_cos_futcov_lag3,0.15283364845863914,0.4768464339338507,0.1900424060076437,0.13914364258657458,0.22336833628533523,0.09652186385109235,0.14047770996179815,0.012575105256739993,0.008405174575040798,0.0029448057899144732,0.0021758500822602,0.001347313114829829,0.0014859231174100263,0.001991280826861197,0.20274772015499054,0.004417921823293787,activity_2_catboost_tweedie
darts_enc_fc_cyc_month_sin_futcov_lag4,0.18541487097675324,0.23851623161893892,0.22737821352065082,0.4084454615192539,0.26094169265838363,0.22647528902829503,0.2775719019541086,0.004347228704648254,0.0059523867943599654,0.00353558662043989,0.0054079927059460745,0.004460257621301755,0.0024572112927507385,0.00437042731235453,0.2606776658966263,0.004361584435971601,activity_2_catboost_tweedie
env_weather_wind_speed_10m_max_futcov_lag-1,0.31093679130947854,0.1284464396349329,0.22097461245023742,0.18538244621184086,0.30548211387993796,0.6276500269694151,0.23975945909002971,0.010851903876387991,0.0008075358812327238,0.003038788758314115,0.0013700163978062063,0.0030060156193431053,0.008390115578964274,0.0027478616238623354,0.28837598422083893,0.004316033962272965,activity_2_catboost_tweedie
env_weather_wind_direction_10m_dominant_futcov_lag-2,0.5895753578462769,0.8609157207389777,0.10891829418417005,1.234446126118945,0.515846516738019,0.169100505882103,0.17797837110749765,0.005512163296578487,0.004690801137100542,0.0007282121930655139,0.005890534946331139,0.010136944048198804,0.001185018232243995,0.0017192190085029146,0.5223972703737128,0.004266127551717342,activity_2_catboost_tweedie
ewm_expdecay7_acled_other_ua_disrupted_weapons_use_pastcov_lag-1,0.6835117269641187,1.2059688087637581,0.7305362007135087,0.4986592725360779,0.25310172937468534,1.0845510986886469,1.5178325963132182,0.004123667581262547,0.004289717597442633,0.0013481672310056148,0.006118712394603154,0.0010745993990166403,0.009019946198306927,0.0037856625756941486,0.8534516333362875,0.004251496139618809,activity_2_catboost_tweedie
darts_enc_fc_cyc_dayofyear_sin_futcov_lag-2,0.2693793645152363,0.3103150506136535,0.4772728123017479,0.23008936345663206,0.36042345584795826,0.3073767033077036,0.220784576725358,0.002603966491534515,0.007122812061516171,0.003212394861227863,0.004480675526280775,0.0036718693844472795,0.0035757819437419736,0.004890841346256303,0.31080590382404133,0.004222620230714983,activity_2_catboost_tweedie
env_weather_cloud_cover_mean_futcov_lag2,0.18928009087320546,0.2163972608157113,0.46487589183336087,0.8060214522155605,0.12020169910037606,0.35774320231188195,0.2045791744996511,0.006525210028757678,0.002301143903578451,0.007670397876692969,0.003924770371209618,0.004763660096171085,0.001766862335876218,0.002431312538469332,0.3370141102356782,0.004197622450107907,activity_2_catboost_tweedie
darts_enc_fc_cyc_month_sin_futcov_lag0,0.41868144241032007,0.2698032839877493,0.24835861391986377,0.2709095611588931,0.30117161383754987,0.4590373055202598,0.5011573911601767,0.005508272394483949,0.0038583518165123064,0.002610511112663705,0.003374166177977589,0.003923805111724077,0.0035803546090668937,0.006505523686848513,0.35273131599925894,0.004194426415611005,activity_2_catboost_tweedie
ewm_ewma14_acled_other_rus_disrupted_weapons_use_pastcov_lag-1,0.2276829867146855,0.11845899120906675,0.25889906119956707,0.03441814755648601,0.3319871255283601,0.01839760236158916,0.24471811032533475,0.004299570624715643,0.006199624185815744,0.004620784008268796,0.003910888462534845,0.004576670073779887,0.0010746540202991595,0.004549319215359948,0.17636600355644133,0.004175930084396289,activity_2_catboost_tweedie
ewm_ewma14_acled_other_rus_shelling_artillery_missile_attack_pastcov_lag-1,0.1099368503271288,0.16045431723261425,0.21336622175874934,0.14973064624259552,0.20914391685236772,0.3469217752789527,0.12167062077759576,0.0049692638743408235,0.003088209302754863,0.004485623047264098,0.0035244237733752736,0.006641587675577587,0.004001306615656053,0.0023993903091864776,0.18731776406714343,0.0041585435140221675,activity_2_catboost_tweedie
darts_enc_fc_cyc_day_sin_futcov_lag1,0.1697018040354315,0.12313484449010834,0.38397961026313954,0.2474805405850927,0.2937877428468036,0.22382801031169963,0.30657862516878476,0.0017726847048595395,0.0012272797390735501,0.002166746135528852,0.004579400082415863,0.003930096584639564,0.008679869806552798,0.0066098091827457624,0.2497844539572943,0.004137983747973704,activity_2_catboost_tweedie
rolling_rsum14_14_dist_to_nearest_ru_km_pastcov_lag-14,0.3278013615767449,0.05011030544258333,0.16251423674144666,0.015226297367998486,0.27586145832573383,0.2890179018035077,0.1507939704964769,0.00212113950065973,0.003922813755913102,0.004404752901357822,0.00410051595377201,0.004768415990253616,0.004874311874798365,0.004660940843491002,0.18161793310778454,0.004121841545749378,activity_2_catboost_tweedie
ewm_expdecay7_total_ru_area_km2_pastcov_lag-7,0.6504499033062398,1.392804803147991,1.4865451899317117,1.2800621340221503,0.5658121077283395,0.26976196036226163,0.5639810174671233,0.004881387174316232,0.004786438751551647,0.005685068348607625,0.0061528882761686665,0.003463108069141163,0.0018013210331247586,0.0014715540323925636,0.8870595879951166,0.004034537955043237,activity_2_catboost_tweedie
rolling_rmean28_28_total_ru_area_km2_pastcov_lag-1,0.6415010394507175,0.7106222327110526,0.5084457717395626,0.8075727393701743,0.5344520561127281,0.2502973081043831,0.5702918296873787,0.0062365291732048075,0.005191666412305862,0.0031221439757206813,0.0026461236845993106,0.0028488314392638436,0.0037565483703816183,0.004270149363060649,0.5747404253108568,0.0040102846312195396,activity_2_catboost_tweedie
env_weather_wind_speed_10m_max_futcov_lag2,0.391777010013861,0.9846639102099488,0.7203565064756127,0.13380745261611124,0.11118473068686655,0.11176107043245903,0.25572265603625993,0.004592461507221146,0.003754896271862118,0.004136630648422424,0.004950471994988037,0.0028841443013388757,0.005906933660756319,0.0016404348118898681,0.38703904806730277,0.003980853313782684,activity_2_catboost_tweedie
ewm_ewma14_fin_usd_rub_rate_pastcov_lag-1,0.3267119932877564,0.26631884003521183,0.44560617120317525,0.16182109326814897,0.3398679723594579,1.560127421901653,1.081240384526894,0.002579628464280126,0.002613524754322394,0.003343623967069731,0.00205267841402188,0.003404600186750706,0.008391744548848612,0.0052678725516488,0.5973848395117568,0.003950524698134607,activity_2_catboost_tweedie
act_drone_strike_on_ua_target_lag-6,0.02903339743154345,0.03955384354189844,0.04342435138199046,0.014990712292014744,0.8014497631454517,0.07424376577132283,0.05224310885631081,0.0007160792231851731,0.0023021534467519756,0.0002879369650788943,7.064427513625571e-05,0.023004992256310385,0.0004730259309492002,0.0007686512272475854,0.1507055632029332,0.003946211903522782,activity_2_catboost_tweedie
env_weather_pressure_msl_min_futcov_lag1,1.3341083590410305,0.3638927129575748,0.2725682418285888,0.08918683974769874,0.15063548775415037,0.08629996687791326,0.05389373540929551,0.013710400035849335,0.002802036817633824,0.0034682956735100356,0.002708458787502721,0.0031794637707851956,0.0007408573305704768,0.0008929863869730382,0.3357979062308932,0.0039289284004035184,activity_2_catboost_tweedie
ewm_ewma14_dist_to_nearest_ru_km_pastcov_lag-14,0.4709805479937988,0.9390195815286979,0.8692569633739549,0.5554695496211977,0.7839707158202865,0.4040028420837635,0.7715996944667939,0.00408104480907161,0.0027032601191931517,0.0026005295357315328,0.0033326151776196466,0.008133595626352163,0.001715047297966521,0.004899852594927534,0.6848999849840706,0.003923706451551737,activity_2_catboost_tweedie
darts_enc_fc_cyc_day_sin_futcov_lag0,0.11163333891785052,0.37205679871974395,0.24956044170706193,0.11443310612704657,0.21966772936364115,0.1429470460369664,0.4417693901804672,0.0016612875925525073,0.0032096045175390884,0.0009822618828110973,0.0028587253231636247,0.01279595959802402,0.0013495861019834133,0.004586763207280353,0.23600969300753968,0.0039205983176220155,activity_2_catboost_tweedie
env_weather_wind_gusts_10m_max_futcov_lag5,0.20146109121238134,0.19239647506755883,0.27787130085469186,0.08738537347458514,0.2386757503630117,0.6180099756417533,0.33338586695025313,0.004509673553384985,0.0005840660707040257,0.009001519263506185,6.296172392210586e-05,0.0041363936524370535,0.005325055171176318,0.0037643798189449297,0.27845511908060505,0.003912007036296515,activity_2_catboost_tweedie
ewm_ewma14_dist_to_nearest_contested_km_pastcov_lag-7,0.24758304090094133,0.1586992416019818,0.25015703829007735,0.1774098126176336,0.2501170455905702,0.12678113356303722,0.09689687089830966,0.005635208368101186,0.003191378856159677,0.0021966413834833,0.007475223319199764,0.002905134582876978,0.0022024302689685137,0.0036778486982916416,0.18680631192322153,0.003897695068154437,activity_2_catboost_tweedie
env_weather_wind_gusts_10m_max_futcov_lag1,0.19267223671918782,0.5081141282072068,0.19636821008056315,0.05754549792056594,0.20069939383978433,0.12787674372318034,0.10571316375569564,0.0005330385052080055,0.0012375863696141077,0.0052110633209828,0.0012145444315569743,0.016760413807202744,0.0021901672572401942,-5.180945138825166e-05,0.19842705346374054,0.003870714891488082,activity_2_catboost_tweedie
env_weather_cloud_cover_mean_futcov_lag-2,0.152898231835543,0.2075779648496,0.18871076895562128,0.2654803642854674,0.3487338055060724,0.26095251825826027,0.8854056604820733,0.0034868853485023,0.0021805128827701915,0.002181315073717616,0.002489830882722299,0.005263637159744539,0.0016531027444005807,0.009613092414151892,0.32996561631037685,0.0038383395008584876,activity_2_catboost_tweedie
rolling_rmean28_28_dist_to_nearest_contested_km_pastcov_lag-14,0.1638589298896435,0.1835294384642147,0.24965329695553304,0.09982916421956735,0.10768037011608596,0.17352214868885157,0.3445454227374744,0.0016726893953400213,0.002779944927913336,0.003958639309507905,0.0018194090489211945,0.006798307728649533,0.0040066930366489785,0.005727400281821682,0.18894553872448153,0.0038232976755432357,activity_2_catboost_tweedie
env_weather_cloud_cover_mean_futcov_lag-1,0.6869983707533388,0.10563079229820624,0.5281388979637307,0.20319589237235008,0.17576347419350458,0.5330610712197915,0.20102392343394504,0.00826742568321095,0.002655765184531922,0.004462161340164239,0.003893403009837093,0.0019965396011894397,0.003911857785434192,0.001554538848752185,0.34768748889069523,0.0038202416361600025,activity_2_catboost_tweedie
rolling_rmean28_28_acled_other_rus_shelling_artillery_missile_attack_pastcov_lag-7,0.18946900776261594,0.014883001851063437,0.06797108358883534,0.22483332966412814,0.22450084413752464,0.21046027473774398,0.2550324617438618,0.004749242184562919,8.3454083490353e-05,0.0016359031842601013,0.007040020170548967,0.0035356230314140813,0.005313706912321381,0.0037565190900987755,0.16959285764082474,0.003730638379528082,activity_2_catboost_tweedie
ewm_ewma14_acled_other_ua_armed_clash_pastcov_lag-1,0.05367728516991246,0.2122593492069628,0.14432911871321885,0.06025274044807319,0.2418895557141776,0.29540369212424367,0.2962254662161326,0.002402982562761524,0.002516373437266939,0.0013155439185267293,0.004566259163463471,0.006189477287457823,0.0018432711314699812,0.007033014794953396,0.18629102965610303,0.0036952746136999807,activity_2_catboost_tweedie
darts_enc_fc_cyc_day_sin_futcov_lag-1,0.3113704106367706,0.027410088297738902,0.11672224057651014,0.1416079634965486,0.10779752905898378,0.3356275078575643,0.1577123906996229,0.003786479480058591,0.0006954430899606123,0.00190568670821869,0.008892676145506461,0.003071950512116395,0.005482282661140836,0.0019136419386404757,0.1711783043748199,0.003678308647948866,activity_2_catboost_tweedie
env_weather_wind_gusts_10m_mean_futcov_lag6,0.25115139974491535,0.5781013366696397,0.08824200161865703,0.25192183782755334,0.06495674072876662,0.2401347380034071,0.5209694042324223,0.007077321420336791,0.009369254633931456,0.0006961727382905458,0.0021661638113835034,0.0010149958585303099,0.0028564198788721294,0.0023637678341047242,0.28506820840362307,0.0036491565964927803,activity_2_catboost_tweedie
ewm_expdecay7_total_ru_area_km2_pastcov_lag-1,0.8317040734139765,0.3339639731578619,0.9033409787350379,0.4567217274180547,0.41858377025058247,0.37930774241293425,0.12185125982903773,0.005134207098076815,0.002779721719405348,0.00932622103189007,0.0012185091593315933,0.003542658539323562,0.0032912917952415245,3.203798642834599e-05,0.49221050360249785,0.0036178067613853227,activity_2_catboost_tweedie
ewm_ewma14_act_drone_infra_ua_energy_intent_pastcov_lag-7,0.4859271100275123,0.4313090153580301,0.39172477786639787,0.5227827783724056,0.20865137967912792,0.2702982297483426,0.5690962143357299,0.0025092737177650594,0.004637651761166106,0.0024796060272253228,0.004269069150099503,0.002278750415684305,0.0027005828844586244,0.0062250835424130235,0.4113985007696494,0.0035857167855445635,activity_2_catboost_tweedie
ewm_ewma14_fin_usd_uah_rate_pastcov_lag-14,0.2757244350079463,0.19220308016418142,0.23989694319284405,0.16903086800417846,0.27403347375625836,0.3031200493996704,0.12255685621646337,0.0037580347818799487,0.004812469051168988,0.008154275569295466,0.0015145943695693109,0.0021841515701717775,0.002291233680256588,0.002195021858334334,0.22522367224879175,0.0035585401258109157,activity_2_catboost_tweedie
env_weather_pressure_msl_max_futcov_lag3,0.398453612828816,0.19292098732534163,0.5309498353992317,0.9866147084915708,0.06448307274293746,0.21781478360772627,0.46838446873659617,0.0019252763491118818,0.0018152141056157589,0.00982287637319812,0.008961753739782984,0.0006976745181571208,0.0006591211817026154,0.0008982237105428891,0.40851735273317435,0.0035400199968730526,activity_2_catboost_tweedie
rolling_rmean28_28_acled_other_rus_shelling_artillery_missile_attack_pastcov_lag-1,0.08261186174309605,0.05269317341744458,0.12899937567490033,0.15313762019547905,0.05420800378607061,0.13396410071379136,0.12633570478838416,0.003808102404685454,0.0016821227554936647,0.004226687412762109,0.005743807233079523,0.00447509713925256,0.0022337314306848377,0.0025637380395728605,0.10456426290273803,0.0035333266307901443,activity_2_catboost_tweedie
darts_enc_fc_cyc_day_sin_futcov_lag2,0.2742317994809659,0.21059031278707152,0.3057945421251301,0.21632997833232137,0.2219616790338063,0.17581910585482288,0.3094471979117662,0.0023455632970411644,0.0029658271336114204,0.0014542114930925943,0.0019065071963702217,0.004090425463859649,0.0036826045172816623,0.008093745767621919,0.2448820879322692,0.003505554981268376,activity_2_catboost_tweedie
env_weather_wind_speed_10m_max_futcov_lag-2,0.24874420592975924,0.2737464450017764,0.22996889696069456,0.16020030827673018,0.5339477007503795,0.1834067118032058,0.22478049065320718,0.0028584601850490054,0.009915213765621388,0.0011912968621663022,0.0015196359427301909,0.0053653661952576485,0.002166317054536915,0.0014763281546071427,0.26497067991082185,0.0034989454514240846,activity_2_catboost_tweedie
darts_enc_fc_cyc_dayofyear_sin_futcov_lag4,0.050076001285394196,0.14911613341870514,0.17280962839710423,0.388111198362181,0.2295691952144349,0.24753077563211515,0.18234671871558983,0.00182229744504383,0.004931773007055917,0.0017210490093611864,0.0024963232641124653,0.006018128209852702,0.001440818472031946,0.0058308841774532775,0.2027942358607892,0.003465896226415903,activity_2_catboost_tweedie
env_weather_pressure_msl_max_futcov_lag1,0.34711103571280927,0.6865949308663974,0.17767698309345628,0.26039171614444995,0.3345844485537276,0.15174021651512348,0.014093622804175872,0.00615551069803637,0.008165515329180173,0.0014063946414072826,0.0020547878350705372,0.004968700502743273,0.0011856378927305622,0.00018239467853027326,0.2817418505271629,0.003445563082528353,activity_2_catboost_tweedie
darts_enc_fc_cyc_day_cos_futcov_lag6,0.13271697283126274,0.09254755583231954,0.11105724370569844,0.2116570554427822,0.10414049988010034,0.1629578750850427,0.27967500709679094,0.0014480845092078142,0.0030356108522331393,0.004376932288615532,0.005935550573189241,0.004215313227708961,0.0032530182749749724,0.0017980618775481183,0.15639317283914242,0.0034375102290682543,activity_2_catboost_tweedie
darts_enc_fc_cyc_day_cos_futcov_lag2,0.26709536758983965,0.37069147788117185,0.3353137169575378,0.5163571279889241,0.3237919831063456,0.24492967595852128,0.08055227039890642,0.008713145627348928,0.0039705579285311595,0.0021129471992719973,0.003975577171538958,0.0012150424953927042,0.002274144585274929,0.0015403618460724244,0.3055330885544638,0.0034002538362044427,activity_2_catboost_tweedie
env_weather_wind_gusts_10m_mean_futcov_lag4,0.14928357572836312,0.586401894582714,0.45563451038658387,0.4013481766152792,1.0626297098010382,0.1400692911315574,0.28357484936924965,0.00026280998978982505,0.004601303554590652,0.004574849012889737,0.003715548205619479,0.004573287843701923,0.0022181844639109103,0.0038230457252645287,0.4398488582306837,0.0033955755422524366,activity_2_catboost_tweedie
env_weather_pressure_msl_min_futcov_lag3,0.11151918460815621,0.16002897080449086,1.114615801372874,0.3046158618203764,0.42675672294254785,0.11459579595928687,0.07047808925815156,0.0011192904017212958,0.0014387109988874824,0.009500121353863022,0.0029467376153577305,0.005219751848021858,0.0010349409704222268,0.0023711468760671205,0.32894434668084055,0.0033758142949058194,activity_2_catboost_tweedie
env_weather_cloud_cover_mean_futcov_lag3,0.11385651008589337,0.1327057489827893,0.07613465671354837,0.5810120884519988,0.8789161303825628,0.1260348031161048,0.5282458901917304,0.0015943015689980245,0.003938891150526369,0.002566621863415586,0.006624054804342428,0.0053088293436961646,0.0012337383922270905,0.002245367030171064,0.34812940398923253,0.0033588291647681035,activity_2_catboost_tweedie
ewm_ewma14_fin_usd_uah_rate_pastcov_lag-1,0.2999311803349473,0.3517910145180502,0.13663222135507466,0.06533125405099606,0.4048537266141261,0.35676214482269464,0.4915288249504622,0.00529349337127003,0.0062866979584461635,0.0014399079614769938,0.0008611750042637923,0.0026523443481971444,0.0032286684700319145,0.0037375930171452466,0.3009757666637645,0.003357125732975898,activity_2_catboost_tweedie
env_weather_wind_speed_10m_mean_futcov_lag2,0.1285455971230137,0.35743713851574843,0.40852464633049224,0.23742011977850813,0.07491771959570892,0.0617741229556916,0.11800899675855109,0.004160300303700004,0.004056376763029568,0.004650820636022623,0.002686376139860913,0.001993697397739802,0.0016517108163325745,0.004229749991707843,0.1980897630082449,0.0033470045783419037,activity_2_catboost_tweedie
ewm_ewma14_acled_other_rus_shelling_artillery_missile_attack_pastcov_lag-7,0.18769344400281052,0.2044235776237317,0.3035103281349066,0.252241464826511,0.15330520726611382,0.2657845584968447,0.18559040751123593,0.004377272036468716,0.005922059274661895,0.002221876189581806,0.003388512960977019,0.002662805034031113,0.0030974173780482506,0.0017407327769194182,0.22179271255173633,0.0033443822358126024,activity_2_catboost_tweedie
ewm_expdecay7_act_total_daily_strike_events_pastcov_lag-14,0.2605140721508991,0.2957222744824114,0.15266227496131934,0.393007892812843,0.43474638801270715,1.1263038749679815,0.21366811618357376,0.001322258250579078,0.0021092209863589283,0.005864986979366838,0.002160776381697804,0.0038497455333627918,0.007026332256491874,0.0008723619428694151,0.4109464133673907,0.003315097475818104,activity_2_catboost_tweedie
env_weather_pressure_msl_max_futcov_lag2,0.1333490914324809,0.288862443740107,0.7706465260522968,0.3118041195938163,0.18045855746173406,0.48182640608580884,0.009248421751483807,0.0017309047810174505,0.008210005712399026,0.00745926723838175,0.0020321502730704212,-0.00014085018587537413,0.003806531504576105,6.70342583175998e-05,0.3108850808739611,0.0033092919402695686,activity_2_catboost_tweedie
ewm_expdecay7_dist_to_nearest_contested_km_pastcov_lag-1,0.38346134490891814,0.3849627401242129,0.349998949291731,0.16392627188029502,0.3243951228894717,0.02419900725141595,0.07233589451042212,0.0022244566355748008,0.0025725615893136267,0.0041667741710237575,0.005963555881559524,0.005287296080722403,0.00039967965575797847,0.0025351935507787805,0.24332561869378097,0.0033070739378186957,activity_2_catboost_tweedie
env_weather_wind_speed_10m_max_futcov_lag1,0.9091289864828421,0.7828208378878367,0.20009373913398104,0.0783757245031053,0.21844603039759813,0.15679254523136182,0.406276541715288,0.003727400251193913,0.0033142327155530893,0.004760878916115008,0.0014046783360810223,0.005440370566582442,0.0011285908899911989,0.003120658677978105,0.393133486478859,0.0032709729076421112,activity_2_catboost_tweedie
ewm_expdecay7_fin_usd_rub_rate_pastcov_lag-7,0.45791689214933423,0.047365444759099574,0.16314939936285414,0.37645855603633993,0.3617956047650046,0.39105713509635287,0.38989496710886046,0.0030513491258841842,0.0010729826618679716,0.002502814324978764,0.0053490706365328265,0.004726214463680889,0.0032844099277239192,0.0026733595244760266,0.3125197141825494,0.003237171523592083,activity_2_catboost_tweedie
env_weather_pressure_msl_min_futcov_lag2,0.10423488837070852,1.0105737363777145,0.22778850518834898,0.06994648331404835,0.08083588684856717,0.07196005944629717,0.13510142759091767,0.0009713880187716794,0.012285972153618019,0.0010155607145812874,0.0012660504616034186,0.0023388579774269447,0.0015442096154185902,0.003160056009308665,0.24292014101951467,0.0032260135643898008,activity_2_catboost_tweedie
env_weather_wind_gusts_10m_max_futcov_lag6,0.20202548434114223,0.27320995279184274,0.18232762258521193,0.180804065410602,0.2937679709741261,0.36292241004934667,0.18943836193290212,0.003927195084669433,0.003617732205558455,0.0029851497000527917,0.0044075852899708055,0.0013552137854292879,0.0020034362662488146,0.004130046038571122,0.24064226686931053,0.003203765481500102,activity_2_catboost_tweedie
darts_enc_fc_cyc_day_cos_futcov_lag4,0.10523506803060569,0.0679445507123184,0.21485837900258892,0.28074378321017784,0.11650651867961354,0.2663248562475594,0.11416458887791202,0.004555697290465677,0.004102169158988223,0.0061889754605851666,0.001780077453572715,0.003297536889095354,0.0012701726730266483,0.0011046423272827565,0.16653967782296794,0.0031856101790023626,activity_2_catboost_tweedie
ewm_expdecay7_acled_other_rus_shelling_artillery_missile_attack_pastcov_lag-7,0.14520253062409122,0.35134868121031104,0.04847391025980807,0.05939945317098428,0.3025850081139266,0.12396379490144023,0.11446693741246154,0.0025914047300330534,0.0076295704945602335,0.00037895578162925323,0.004345616720741208,0.002619944206885849,0.002979278660309759,0.0017024562743892745,0.16363433081328901,0.0031781752669355185,activity_2_catboost_tweedie
env_weather_pressure_msl_max_futcov_lag4,1.2312467041556083,0.09511574803663114,0.19538660513547576,0.1500372875982057,0.4889880889830303,0.2392701953133964,0.3246387859272176,0.009938304931034713,0.0005545617226848431,0.0008281114381606836,0.003858956061843788,0.005195463726500149,0.001920814794254766,-0.00011514515293369332,0.38924048787850934,0.0031687239316493215,activity_2_catboost_tweedie
env_weather_wind_speed_10m_max_futcov_lag4,0.13551587091530118,0.33062336110233825,0.2012525624765454,1.214156351139912,0.6239356280569024,0.133931450893008,0.2211333689709446,0.0015439400530546043,0.0034628375921037734,0.0019199420673447376,0.0009518827317252177,0.005358207578805762,0.005644290062040524,0.003256660538278133,0.4086497990792788,0.0031625372319075357,activity_2_catboost_tweedie
ewm_ewma14_fin_usd_uah_rate_pastcov_lag-7,0.2103000798089667,0.2325039424398019,0.21156257140136947,0.12911540229324445,0.09576855055068055,0.4717951212890998,0.19730399861490577,0.002068298606740604,0.007940101055600234,0.006608707089420895,0.0007694139348577433,0.0009679233008635935,0.002660233871706441,0.0008007920969220539,0.22119280948543837,0.003116495708015938,activity_2_catboost_tweedie
ewm_ewma14_fin_usd_rub_rate_pastcov_lag-7,1.0257504286677919,0.46102537304650854,0.01686690536187001,0.11608572056460427,0.041290278176143086,0.39393714165862503,1.8679924329715756,0.004872389069987904,0.0033392640710189657,-0.0002875677319389647,0.0014464731396200304,0.002485263605313803,0.002435088833592869,0.007465282764055048,0.560421182921017,0.003108027678807093,activity_2_catboost_tweedie
env_weather_wind_gusts_10m_max_futcov_lag4,0.15213972447615248,0.1906493382511297,0.19042894622212708,0.3644746034189812,0.5233858447476077,0.2677201957982506,0.041491290544413986,0.0015992972494479174,0.0035554115706402543,0.0030099019705067897,0.0020583986241599515,0.0034741282481275614,0.007067588436737137,0.0009879206629233028,0.2471842776369518,0.0031075209660775594,activity_2_catboost_tweedie
darts_enc_fc_cyc_month_sin_futcov_lag6,0.1803607132390701,0.048787841057448836,0.08384497677833112,0.09241291449493917,0.11600559446015653,0.16401138749161048,0.22088300674428957,0.00399409708834948,0.000664647832246823,0.0003907783226362316,0.0032396224654186235,0.005023093395366329,0.0034809068809272146,0.0048181727888036985,0.12947234775226368,0.0030873312533926285,activity_2_catboost_tweedie
env_weather_wind_gusts_10m_max_futcov_lag0,0.7088766192266358,0.16165569239930278,0.19457195134920693,0.3937132178223229,0.1860886520291074,0.18932490267544544,0.06676394814852074,0.0018379901414264932,0.002843793081431101,0.0005604953174026317,0.012188404825113386,0.0019257522087563928,0.001742211911352176,0.00037108550425366536,0.2715707119500774,0.003067104712819406,activity_2_catboost_tweedie
darts_enc_fc_cyc_dayofyear_sin_futcov_lag3,0.21297588314823943,0.2508345555658692,0.19396147103838351,0.21893690994771012,0.24414561769343945,0.17004303038200905,0.08447549819160377,0.004824604478580885,0.006100692620150427,0.003552567812007257,0.002811043667803026,0.0011876799574425557,0.0016689391202998171,0.0012057491652973872,0.19648185228103637,0.0030501824030830507,activity_2_catboost_tweedie
ewm_expdecay7_acled_other_ua_disrupted_weapons_use_pastcov_lag-14,0.5497273706032629,1.1843786653865913,0.3043655047964401,0.3974027602032378,0.12172053132173814,0.14665015459410397,0.2551489825661175,0.004754994096485321,0.002993457239787678,0.002701385320585259,0.0031709804338113214,0.0009838852132588061,0.004209444675792406,0.002480037267110724,0.42277056706735594,0.003042026320975931,activity_2_catboost_tweedie
darts_enc_fc_cyc_dayofyear_sin_futcov_lag5,0.03737222953891709,0.2171336184222763,0.12509867271856434,0.08038772796497902,0.20463252993958048,0.35826328671197427,0.12754525337011452,0.00022848418303862418,0.004604321916731236,0.0027313487361143363,0.001559336232096098,0.004261108823823023,0.00432641584954081,0.003452642244494908,0.1643476169523437,0.00302337971226272,activity_2_catboost_tweedie
rolling_rsum7_7_acled_other_rus_shelling_artillery_missile_attack_pastcov_lag-7,0.028824118181651353,0.1488418993486709,0.04268409714985005,0.1348551941345703,0.1342415316949236,0.11116078112929352,0.02708825317437669,0.0005897593640623811,0.0046443400980149315,0.003792677002008493,0.003239235870019308,0.004629464320722687,0.003748758280357012,0.00041994359554120564,0.08967083925904806,0.003009168361532289,activity_2_catboost_tweedie
ewm_ewma14_acled_other_ua_armed_clash_pastcov_lag-7,0.2587784069262762,0.2588039325222547,0.09356880837402204,0.07515201939228083,0.13566291332940617,0.05816831239247095,0.0957452868943757,0.002374343016994196,0.003528696375892948,0.0045157181573788115,0.001902088517836975,0.004966591783432927,0.0010543144770307044,0.002637950182698434,0.13941138283301235,0.002997100358752142,activity_2_catboost_tweedie
ewm_expdecay7_acled_other_rus_shelling_artillery_missile_attack_pastcov_lag-14,0.09314147126523821,0.18891247166224961,0.32563652978902174,0.08570825692946084,0.0480898502965589,0.08900757662139358,0.09276471028551488,0.0030684947897761106,0.0031741368032290663,0.011229903604565283,0.0014608995404662207,0.001452332207304141,0.0001902764249457567,0.00022318455769887446,0.13189440954991968,0.0029713182754264925,activity_2_catboost_tweedie
ewm_ewma14_act_drone_strike_on_rus_in_rus_nofpv_pastcov_lag-14,0.7062045479520694,0.5123028111561284,0.40978084372194795,0.4402841066822163,0.4191378560892573,0.7271497060189824,0.5466057304120736,0.0038573924137076387,0.0021080345213038585,0.0012993814514068447,0.0022790164703678116,0.0028186764721124026,0.0043887215624183185,0.003829158144058975,0.5373522288618108,0.0029400544336251216,activity_2_catboost_tweedie
darts_enc_fc_cyc_dayofyear_sin_futcov_lag0,0.17735684558360423,0.16671092824462871,0.2226438680618937,0.0311628826253057,0.27606190860787655,0.2357874075947268,0.15920450373658354,0.004767764079567471,0.0026047127401866987,0.004125911022887729,0.0008567077796955535,0.0027029819580669523,0.002472095259650131,0.0027823786809984654,0.18127547777923134,0.002901793074436143,activity_2_catboost_tweedie
env_weather_wind_speed_10m_mean_futcov_lag3,0.19500438305223275,0.2226983019836439,0.18095267724135602,0.6305176530713276,0.12860678308861329,0.16015450895477404,0.1179781263987098,0.001756966680270544,0.004886052145734921,0.001644618503002171,0.002540860206363238,0.0014790933201881628,0.0012467801208258412,0.006715041292441359,0.2337017762558082,0.0028956303241180342,activity_2_catboost_tweedie
env_weather_wind_speed_10m_mean_futcov_lag4,0.11961622783602692,0.3955636699221058,0.19636797922688767,0.18118609283507608,0.5776793051976478,0.12973606999094958,0.09372180684514828,0.00014151505006143594,0.00496423227451861,0.004175409008291853,0.0014391626001911018,0.004492618100216483,0.0009184136479935212,0.004104234657125461,0.24198159312197745,0.0028907979054854952,activity_2_catboost_tweedie
darts_enc_fc_cyc_dayofweek_sin_futcov_lag3,0.364941933210021,0.19636373249543668,0.20133573273467043,0.45036541698091104,0.2855812352168978,0.28626220432636074,0.3189713598196731,0.004477804956842446,0.0003248646698779334,0.0014748351952371674,0.004193400260925806,0.0027929926397797233,0.0028553035721144314,0.004014736983198208,0.30054594496913867,0.002876276896853674,activity_2_catboost_tweedie
ewm_ewma14_act_drone_strike_on_rus_in_rus_nofpv_pastcov_lag-1,0.2979155415978819,0.5872959626997226,0.4710582220214275,1.1554224035766376,0.453635508208102,0.609288186379365,0.837933039005962,0.002536517320729836,0.002472704949024451,0.0010195672473612527,0.002563169058133008,0.0026415698848708978,0.003785565920211842,0.004898263058482644,0.6303641233555854,0.002845336776973419,activity_2_catboost_tweedie
darts_enc_fc_cyc_dayofyear_cos_futcov_lag5,0.16545889089067506,0.20265704019825534,0.3264402889409508,0.42862212091152724,0.21254425883902592,0.31641825778901383,0.3939939539019421,0.0028590962348597816,0.003670683363713412,0.0025736850762648313,0.0039413894225407645,0.00226902122174395,0.0016425844311219074,0.0028698786692330945,0.29230497306734143,0.002832334059925392,activity_2_catboost_tweedie
env_weather_wind_gusts_10m_mean_futcov_lag2,0.30731996678519397,0.15008141789220533,1.2329507686223267,0.049808024591195536,0.21375373416937202,0.10265490549417945,0.14630866788058108,0.00231753861226891,0.0019402734850160418,0.005330874872816649,0.00019431816630353094,0.0031560384280233445,0.005190640385201162,0.001634257579481746,0.31469678363357917,0.002823420218444484,activity_2_catboost_tweedie
darts_enc_fc_cyc_month_sin_futcov_lag-1,0.1198434725147522,0.12558690661973398,0.13252907904513314,0.1434284263723276,0.14888942310733272,0.1674439335342282,0.11963209571843703,0.002992390321277738,0.0038338297026315527,0.0016287388472609131,0.0031548845811369295,0.0037999929457730674,0.0020052725271188622,0.0023264032341745898,0.1367647624159921,0.0028202160227676653,activity_2_catboost_tweedie
rolling_rsum14_14_dist_to_nearest_ru_km_pastcov_lag-1,0.24374104868339583,0.331168781573796,0.35263102848414224,0.3278115600495941,0.19284092814570322,0.17280527634943854,0.442575155399276,0.003416342458506394,0.002142455629144724,0.0020900483811896464,0.00389204010579709,0.003146482401302042,0.002289033820825237,0.0027633962902865903,0.29479625409790655,0.0028199712981502464,activity_2_catboost_tweedie
region_statcov_target_act_drone_strike_on_ua,0.033770304070840584,0.28624197420084585,0.20229500535964043,0.07934634843057392,0.24688686686110434,0.02871301863755016,0.18629974782481923,0.0013009789524055736,0.005250435586015656,0.002318050536127547,0.004727515297029505,0.003571905863627367,0.0004359905504518924,0.0017086976744713934,0.1519361807693392,0.002759082065732705,activity_2_catboost_tweedie
darts_enc_fc_cyc_week_sin_futcov_lag4,0.3341367810126082,0.15710712515581784,0.20049513291044302,0.19813542769731635,0.23757514123188667,0.16036770454852714,0.25247943406655865,0.003566761837196486,0.002394018368193507,0.002864045622340794,0.0028638245954395016,0.003849938634599437,0.002324566738763778,0.0012890151315957832,0.22004239237473686,0.002736024418304184,activity_2_catboost_tweedie
ewm_expdecay7_fin_usd_rub_rate_pastcov_lag-14,0.5199180064656593,0.17443065831773977,0.08605492878999496,0.3182023855521632,0.14162811500010639,0.44254280522258577,0.7368265232813395,0.0030079022495680175,0.002685375551437175,0.0018853889613858366,0.005194408621215696,0.0005598297489749715,0.003316615413814983,0.0022380068981913137,0.34565763180422693,0.002698218206369713,activity_2_catboost_tweedie
env_weather_wind_gusts_10m_mean_futcov_lag0,1.404025875078294,0.057800018908417204,0.10748034844918214,0.0403902122292526,0.15983682698276688,0.20785051639883353,0.0157539150358832,0.009416593572126476,0.0012645866493989021,0.0007804378065948914,0.0024841213218830703,0.0018487625314641543,0.001995186892169798,0.0008898283206630664,0.2847339590118042,0.002668502442042909,activity_2_catboost_tweedie
rolling_rsum14_14_dist_to_nearest_contested_km_pastcov_lag-7,0.2437036998785502,0.27786765579082345,0.1390058444332577,0.2568230316155837,0.11258608953270409,0.09004851058935864,0.0701548921683638,0.004515069752121392,0.0013521300735060305,0.0017019888700029462,0.006313470429302526,0.0018234744039972383,0.0017222562786005202,0.0011065062105347634,0.17002710342980595,0.0026478422882950593,activity_2_catboost_tweedie
ewm_expdecay7_total_ru_area_km2_pastcov_lag-14,0.28880208538566526,0.3563602334142453,0.8758716631724748,1.2585719093033048,0.28332289041586095,0.6177618048511779,0.062027895168641906,0.0035845868343613364,0.0017113027797666103,0.0038581074359389953,0.002193670878167864,0.002497140406988052,0.00428797362312836,0.0003201729954847465,0.5346740688159101,0.0026361364219765664,activity_2_catboost_tweedie
env_weather_wind_gusts_10m_mean_futcov_lag-1,0.2990169628587828,0.08826233368174612,0.056040915914397346,0.08565451147919621,0.16789954846280516,0.08905269219968973,0.1283335975855216,0.006531886270106613,0.0005935107362443848,0.0056583514745855105,0.0008472192619577657,0.0016862583709486457,0.0016004331364607883,0.0013076398452900317,0.13060865174030556,0.002603614156513392,activity_2_catboost_tweedie
rolling_rsum14_14_act_drone_strike_on_rus_in_rus_nofpv_pastcov_lag-14,0.4304752884079663,0.5860148005581274,0.2790983176564828,0.22798978286085822,0.28018311314490074,0.4582261406712346,0.4341151183295475,0.005062998103043559,0.002642653427455022,0.0020433499903739216,0.0005644107781050955,0.0020032639592864276,0.0040181086707868465,0.0018579017141019838,0.3851575088041596,0.0025989552347361225,activity_2_catboost_tweedie
darts_enc_fc_cyc_day_sin_futcov_lag-2,0.08944942454764472,0.1258120305080048,0.2497751693433328,0.27706580235064165,0.24853796960598404,0.24811020650988772,0.19854096184611372,8.757070027283209e-05,0.006487088021710319,0.004422542874113811,0.002349150395211841,0.002349264722931066,0.001182763052497693,0.0012622642990133936,0.20532736638737278,0.002591520580821565,activity_2_catboost_tweedie
ewm_ewma14_dist_to_nearest_ru_km_pastcov_lag-1,0.11243961549476186,0.5477157246076458,0.5189357207809843,0.6426047894617817,0.29680835710546355,1.010580342567501,0.40757679677521275,0.000630966936369326,0.0019391178946264853,0.0018304535419876532,0.003557165218974245,0.0020717224924100552,0.0052801994582009956,0.0026973616692562265,0.505237335256193,0.0025724267445464267,activity_2_catboost_tweedie
ewm_ewma14_act_drone_strike_on_rus_in_rus_nofpv_pastcov_lag-7,0.4619918639228412,0.503001535591633,0.9262803545265813,0.8660980114099613,0.48867178147191825,1.1595158683548308,0.7458853512394978,0.0021446671033787056,0.0031847383842125154,0.0048664551299554045,0.0012066750773786605,0.001298164656392342,0.0034148809142700463,0.0018735820681846428,0.7359206809310377,0.0025698804762531884,activity_2_catboost_tweedie
darts_enc_fc_cyc_week_cos_futcov_lag3,0.2693831254167757,0.20213209746367233,0.43208287439188436,0.3210126406623363,0.12398252199739529,0.26545127008092995,0.1332307417243966,0.004586310457662468,0.00118815074314238,0.0022903683039029897,0.0029840959720999426,0.0020864034263230026,0.0029700103212733308,0.0018543049855107574,0.2496107531053415,0.002565663458559267,activity_2_catboost_tweedie
darts_enc_fc_cyc_dayofyear_cos_futcov_lag2,0.40393190361999526,0.34124224700130423,0.21876863726085535,0.4804432944643383,0.511391886539289,0.18107777810356643,0.21279687795261612,0.004253078395076914,0.002190741391439888,0.0011947995680243518,0.0031376188782234584,0.0029630952124500842,0.0013850277497431617,0.0025908363250552345,0.33566466070599493,0.0025307425028590134,activity_2_catboost_tweedie
env_weather_pressure_msl_min_futcov_lag0,0.37994223955264694,0.3705796127475946,0.03543992112412551,0.3350076429624099,0.13609712172661118,0.2534118292763593,0.07420355817538075,0.00046848004137096667,0.00744891034102908,0.0005515604537992047,0.004281482487584398,0.002472055420607111,0.0020323040292802076,0.000434197907655709,0.22638313222358977,0.002526998668760954,activity_2_catboost_tweedie
env_weather_wind_speed_10m_mean_futcov_lag-2,0.1472586380652189,0.11998327312329381,0.09744276516910137,0.40682834901353443,0.187634694322222,0.27521641405548836,0.39279479766483316,0.0019569898277960853,0.0042997337973420535,0.0009206940688809562,0.004331425425136514,0.0017373376826880006,0.0013795990992844897,0.002920956848352896,0.23245127591624173,0.002506676678497285,activity_2_catboost_tweedie
darts_enc_fc_cyc_week_sin_futcov_lag0,0.37807400134558017,0.2093433658093828,0.267076278859361,0.09871077911050287,0.14574228670068284,0.031317209619604665,0.234331630013817,0.006514539611489556,0.0015371121424760936,0.0021949956155720594,0.002853125633943643,0.0019225163249159349,0.00018054971013290456,0.002322568932999336,0.19494222163699018,0.0025036297102185036,activity_2_catboost_tweedie
env_weather_pressure_msl_max_futcov_lag-1,0.33076882421239107,0.1744937352912772,0.835777158275914,0.27921317237883314,0.10202029660655992,0.0734244208824598,0.3064736800527595,0.00445336674816339,0.0016386576881302294,0.004216527377732082,0.00025734335505622763,0.0027585832180804237,0.0011787291171073688,0.0029987872476163746,0.30031018395717063,0.0025002849645551564,activity_2_catboost_tweedie
darts_enc_fc_cyc_day_cos_futcov_lag-2,0.1276516561496827,0.2613515711072586,0.2318214129905943,0.12893669087542645,0.18894065981293548,0.08904357269263694,0.18819496681059306,0.0014809874844578853,0.0032221298779643304,0.0018777583837783496,0.0012374388976711837,0.0020217229128667745,0.0019921888410405542,0.005457853317573669,0.1737057900627325,0.002470011387907535,activity_2_catboost_tweedie
darts_enc_fc_cyc_week_cos_futcov_lag1,0.19241453180752763,0.07061381769386334,0.33273521936147715,0.3923758213902559,0.3028664056327447,0.26188470669899555,0.2800073811719736,0.0016046019849429217,0.0006044866226481372,0.0037449216237277483,0.002502040462330024,0.003733395448790211,0.002111950343640201,0.002978831902671697,0.2618425548224054,0.0024686040555358486,activity_2_catboost_tweedie
env_weather_wind_gusts_10m_mean_futcov_lag-2,0.1317975931866398,0.38171637914607576,0.08203689211525111,0.12101134228632367,0.06585194390268427,0.228563489606362,0.15981950348123056,0.0014640225931189966,0.009020969846047788,0.0008138856549799511,0.0006797082324738523,0.0013080460531693428,0.000965051189455135,0.0029047472588932034,0.16725673481779532,0.0024509186897340384,activity_2_catboost_tweedie
rolling_rsum7_7_com_diplo_bluesecondary_ua_pastcov_lag-1,0.04572862234391269,0.035836086438354176,0.10497671379380202,0.09525761592118397,0.19367358640209628,0.37692850236298264,0.2898392246332049,0.00034916353763707607,0.0016544592803733106,0.0006154739852382241,0.0012556320182060432,0.004095422875784971,0.004255619269773825,0.00488562682258824,0.1631771931279338,0.002444485398514527,activity_2_catboost_tweedie
rolling_rsum14_14_dist_to_nearest_ru_km_pastcov_lag-7,0.19952055850724487,0.1651861005507817,0.6558645167974054,0.04517965814834867,0.42259853101934525,0.5422616628219173,0.40068744708114507,0.0010572317504871308,0.0012258259986899444,0.0008300894564240435,0.00359445846509483,0.005165776302644009,0.0018285775035824735,0.00291317428043405,0.34732835356088404,0.0023735905367652113,activity_2_catboost_tweedie
env_weather_pressure_msl_max_futcov_lag-2,0.11964903414464863,0.6122363093376849,0.2382655213287232,0.13296153371217656,0.09201921586183708,0.1713069983704551,0.4798248705322454,0.001385160243639727,0.0039059063311812415,0.0021851152615493196,0.0017495980129951239,0.0006202455027049635,0.0015000190916278466,0.005244091755469649,0.2637519261839673,0.0023700194570239813,activity_2_catboost_tweedie
ewm_expdecay7_com_aid_humanitarian_pastcov_lag-14,0.20955961793584368,0.09765893927833617,0.3781019491910023,0.22861376749758672,0.23762962698172868,0.12936958620367764,0.06193417770050009,0.0015736587001578205,0.0009731186176304751,0.0052997664918229105,0.00511567713855221,0.002702265100681567,0.0005321239534739286,0.00026278005991977607,0.1918382378269536,0.0023513414374626692,activity_2_catboost_tweedie
ewm_expdecay7_com_aid_humanitarian_pastcov_lag-1,0.03676968764795393,0.2460360565452956,0.258948697486312,0.08499718065131472,0.08411039216344417,0.14570060128497728,0.7701073331985167,0.0003428143951135887,0.0022135967151852842,0.0021200153896092644,0.001977055943009498,0.0018590183599304978,0.0014581134667955408,0.006381269493259079,0.23238142128254488,0.0023359833947003933,activity_2_catboost_tweedie
darts_enc_fc_cyc_dayofweek_sin_futcov_lag2,0.12794487361863724,0.12385097523942779,0.18749306850565622,0.2926908002098818,0.17073330043853274,0.3145570789779191,0.10314892465215891,0.002095233190525092,0.0034340636567101513,0.001943805069753668,0.0016998781017236952,0.00350395510743986,0.0019018807640152735,0.0015628313597405795,0.18863128880603056,0.00230594960712976,activity_2_catboost_tweedie
ewm_ewma14_com_diplo_bluesecondary_ua_pastcov_lag-14,0.25735652023010563,0.05043670688320347,0.41034313446706155,0.15097149252504144,0.20470166669369683,0.2058856267980837,0.1356343091617852,0.003027110379665099,0.0005268006125658253,0.002819866660984083,0.002696741413822923,0.002811826631285763,0.002297512545386682,0.0017826328549346514,0.20218992239413972,0.0022803558712350034,activity_2_catboost_tweedie
rolling_rsum7_7_acled_other_rus_shelling_artillery_missile_attack_pastcov_lag-1,0.038900431707801324,0.04307206313087788,0.09587915522942315,0.00857892999986096,0.06406701707472151,0.06749081387551391,0.10957353129712304,0.003009736902196436,0.0019309958249355663,0.0005967714360936461,0.0009259211316749117,0.0035691487735020067,0.0033587453650534504,0.002459187265904905,0.0610802774736174,0.0022643580999087034,activity_2_catboost_tweedie
darts_enc_fc_cyc_dayofyear_sin_futcov_lag1,0.20237246938065967,0.11795570839458488,0.3619705875593543,0.19689810750543835,0.16184793097982,0.19955399016455555,0.08287982035365792,0.0008543649869291236,0.0021513943061520326,0.0021754254935192783,0.0029360398249635767,0.004002031786736549,0.0021815323777294006,0.0013702863500558494,0.18906837347686722,0.002238725018012259,activity_2_catboost_tweedie
ewm_ewma14_acled_other_rus_shelling_artillery_missile_attack_pastcov_lag-14,0.03262283685768288,0.17855959078939151,0.05538149779475473,0.09695808499500055,0.19813902861621135,0.1458627553914876,0.03820853172796239,0.0020180931532230552,0.0021154455636049007,0.0013271622692558438,0.0045711905306969666,0.0038263180326260303,0.0016156857295933635,0.00016007564314433065,0.106533189453213,0.0022334244174492127,activity_2_catboost_tweedie
darts_enc_fc_cyc_month_sin_futcov_lag5,0.12771389387145596,0.14762894084298256,0.17590969974315365,0.15916104348937699,0.15775256939618615,0.13633537576817747,0.11536886839498747,0.0018460669976466005,0.0026453097012561376,0.002869423856556508,0.0018249464261851367,0.0030731123033331587,0.001109595363300464,0.00217887454799226,0.14569577021518862,0.002221047028038609,activity_2_catboost_tweedie
ewm_ewma14_com_diplo_bluesecondary_ua_pastcov_lag-7,0.04955854143103561,0.1443372683123663,0.10039316426141395,0.11819156709272559,0.10923335075911804,0.189297252617017,0.10032023040668288,0.0007835889140306307,0.0029462593777623836,0.001961670205380939,0.00047574010714510615,0.0017083275234217154,0.004592229183119123,0.003003654086730556,0.11590448212576564,0.0022102099139414935,activity_2_catboost_tweedie
ewm_ewma14_dist_to_nearest_ru_km_pastcov_lag-7,0.4356651200151529,0.4999211983508364,0.5942097202162675,0.2928759771289586,0.6020277635745536,0.2566761345343364,0.6380976126402463,0.0036053371750465633,0.0016712228108739292,0.0007425387465729739,0.0019917006484271526,0.0021888466518691363,0.0018979295739408597,0.003238448147422113,0.47421050378005025,0.0021908605363075324,activity_2_catboost_tweedie
darts_enc_fc_cyc_dayofyear_sin_futcov_lag-1,0.16816980109253962,0.15021577088932778,0.14948654839724246,0.1652602283515744,0.07429321828557049,0.07672290919455664,0.23019043015260726,0.0052095130029374825,0.0012706577870252645,0.0017580434401179845,0.0007513699352056369,0.001615651383931338,0.000308270946172029,0.004344274731324082,0.14490555805191693,0.002179683032387688,activity_2_catboost_tweedie
rolling_rsum14_14_act_drone_strike_on_rus_in_rus_nofpv_pastcov_lag-1,0.1652443386928653,0.34547815252223796,0.52277865907168,0.297694218258607,0.7446789596772349,0.03445837910321008,0.47131262493006865,0.00022464272590443367,0.00390518123630883,0.0037756969008283293,0.0018448887888403043,0.003123689577652344,0.00024362441205729723,0.0019418742179914794,0.36880647603655775,0.002151371122797574,activity_2_catboost_tweedie
darts_enc_fc_cyc_dayofweek_sin_futcov_lag-2,0.0740579955955122,0.10495629213224761,0.22244013687915234,0.19633247503488926,0.08804624727368289,0.2913437359703225,0.13266541531289877,0.000807283236164702,0.000916642643799892,0.0017348021489900667,0.0017944185563774306,0.001357099948308149,0.0054794207457278254,0.0028341672208383574,0.15854889974267225,0.0021319763571723467,activity_2_catboost_tweedie
env_weather_wind_speed_10m_mean_futcov_lag0,0.6109992526596961,0.26928200943078223,0.3020622243282587,0.037968158676018625,0.1533400422197894,0.06714147430332443,0.16060933086474824,0.00449375224854689,0.003951736255203464,0.001832777916563022,0.002067667709285792,0.0010976141251148874,0.0006942121687978364,0.0007613276629028443,0.22877178464037398,0.0021284411552021055,activity_2_catboost_tweedie
env_weather_soil_moisture_0_to_100cm_mean_futcov_lag1,0.30398604661421413,0.4224922729187277,0.25190142015596206,0.05821922730247758,0.021421748472070443,0.20385746769774862,0.33907199238634667,0.0016542785971065844,0.0033637777301934292,0.002877779357890531,0.0014720110782661556,0.00019615731450315366,0.0008481103887934216,0.004423515303648595,0.2287071679353639,0.0021193756814859815,activity_2_catboost_tweedie
env_weather_wind_gusts_10m_mean_futcov_lag1,0.24931517716094972,1.1709250365161883,0.16565634041506305,0.169003467519316,0.05565936273066255,0.04378940043488568,0.0802833663345154,0.0018758219344265025,0.0005055116761228051,0.0025070948255101477,0.0026672244752231843,0.004881536566666145,0.0017185462358402903,0.0006681835056776108,0.2763760215873687,0.0021177027456380977,activity_2_catboost_tweedie
env_weather_pressure_msl_max_futcov_lag0,0.42879809255125384,0.07624791147528237,0.19616341084571456,1.2837964899135232,0.15544455384469716,0.07160085132077577,0.1126033140197111,0.0055932319424343065,0.0021382760955069415,0.00020078045325009342,0.003326560725968597,0.0017054069553585683,0.0008416281901513889,0.0009808950838255948,0.3320935177101369,0.00211239706378507,activity_2_catboost_tweedie
env_weather_soil_moisture_0_to_100cm_mean_futcov_lag2,0.3078371260938044,0.4510961999531854,0.3060552563012358,0.1927761969101696,0.4520447634729377,0.38985544134583305,0.434126794523709,0.0018448328372346668,0.00208026124376004,0.002590283626599965,0.0005695475785123083,0.0037344580022962816,0.002257990419533051,0.0016423096113275415,0.3619702540858393,0.0021028119027519795,activity_2_catboost_tweedie
darts_enc_fc_cyc_week_sin_futcov_lag6,0.23512754147950132,0.2975354374618299,0.2022327196692241,0.02083202407604355,0.1157414673395835,0.22773911121805268,0.0221153539492275,0.0036492747553094284,0.004910211964706446,0.001380340076090092,0.00027435819613228494,0.0019043625250410035,0.0017686704183800472,0.0008179357936682674,0.1601890935990661,0.0021007362470467955,activity_2_catboost_tweedie
env_weather_pressure_msl_min_futcov_lag-1,0.231636753189808,0.07226882823605672,0.04977950308922487,0.156667086910509,0.10524185842597532,0.2162759042069119,0.12404356960096068,0.0036882023615775195,0.005243138705155359,0.0014797159889361033,0.0004166723389882776,0.0012869371691851539,0.0010061527998929786,0.001530756764169494,0.13655907195134948,0.0020930823039864124,activity_2_catboost_tweedie
rolling_rsum14_14_dist_to_nearest_contested_km_pastcov_lag-1,0.2323846508537255,0.29274809106694993,0.12440559234594763,0.171186770820752,0.05736713428622133,0.24445845934524615,0.2554870828372414,0.0022921062730315357,0.0021277489971457397,0.0019253794850486727,0.002955929375353561,0.001709776825429099,0.0010551958864767786,0.0025152417341100185,0.19686254022229774,0.0020830540823707725,activity_2_catboost_tweedie
env_weather_soil_moisture_0_to_100cm_mean_futcov_lag3,0.3800520269774435,0.21993094242157377,0.32110315292586633,0.45611886002929203,0.1736631801093737,0.18795761943510716,0.17674596922663172,0.0019491596021608659,0.0004785128191352461,0.0027874134473323763,0.003681186842819373,0.0012338232679909966,0.0016406581944930164,0.002721600748811692,0.27365310730361264,0.0020703364175347952,activity_2_catboost_tweedie
env_weather_soil_moisture_0_to_100cm_mean_futcov_lag6,0.3794877103385095,0.3332785489905404,0.15435283816981268,0.5827095129817244,0.47016540142493213,0.17760380154103309,0.44426455276353344,0.0020452181128319813,0.002049912757756789,0.0013597150655626944,0.0029892772023217386,0.001942494985968768,0.002672183683039497,0.0012751681555066563,0.3631231951728694,0.002047709994712589,activity_2_catboost_tweedie
ewm_ewma14_com_diplo_bluesecondary_ua_pastcov_lag-1,0.19161419694680507,0.27108539971022133,0.2534083768428541,0.09341676843927929,0.23916819927332678,0.25044113304568605,0.14106177876008533,0.0015725155403063518,0.0022926293906963434,0.0016331060661945562,0.0012183851432069793,0.0018355124849377847,0.004071742338461348,0.0013436862584595755,0.205742264716894,0.001995368174608991,activity_2_catboost_tweedie
rolling_rmean28_28_acled_other_rus_shelling_artillery_missile_attack_pastcov_lag-14,0.11103557903238338,0.03837030762075189,0.06807997673562317,0.0501355857313365,0.06530973748008469,0.3449259646148637,0.5408399096782711,0.00029707347534446704,0.0006387470762929226,0.00025027282934519945,0.0017756109053180592,0.002851973864856738,0.004764740302233705,0.0033269835544924575,0.17409958012761637,0.001986486001126221,activity_2_catboost_tweedie
darts_enc_fc_cyc_day_cos_futcov_lag-1,0.3432900952072804,0.18354598485872475,0.19380189501626702,0.17359642853516774,0.09987411371673152,0.30109614694308323,0.08441618129299332,0.0021109336491741404,0.0025793285616566354,0.0010192088848269387,0.0023093233680065105,0.0015315177481014298,0.002516797113865499,0.0018241312762811157,0.19708869222432113,0.001984462943130324,activity_2_catboost_tweedie
rolling_rsum14_14_dist_to_nearest_contested_km_pastcov_lag-14,0.14301217766112326,0.029617466691322033,0.15523205068160512,0.15447434444752536,0.1661644019441311,0.10886710192772404,0.018192281915404312,0.002645832058457409,0.00081762463773134,0.0009785851563111736,0.003314997601292502,0.0041709325672453,0.0016260198199549158,0.00018527554079050823,0.11079426075269075,0.0019627524831118785,activity_2_catboost_tweedie
darts_enc_fc_cyc_dayofyear_cos_futcov_lag3,0.23724725684704234,0.37033162224063804,0.34390084448976793,0.1260544563924747,0.13413130568777143,0.1658733616210967,0.2145640285255861,0.0005932116878126559,0.0032050599641504584,0.002609873179396005,0.001146775456825222,0.0015424828489876141,0.0017351314027456155,0.0028785525999425856,0.22744326797205391,0.0019587267342657364,activity_2_catboost_tweedie
darts_enc_fc_cyc_day_cos_futcov_lag1,0.489759702455051,0.2813198743648515,0.26929560798508345,0.056586663662574074,0.0028425120880312,0.08463081139994238,0.12627507735119647,0.0022067756325432784,0.0060092021601086286,0.0021049247142835847,0.0008237754723913193,0.0002538589467644847,0.000865932090559296,0.0014125136081231116,0.18724432132953286,0.0019538546606819576,activity_2_catboost_tweedie
darts_enc_fc_cyc_week_cos_futcov_lag6,0.3525012156527507,0.24511302216341632,0.14458839488364375,0.07254212751666397,0.13463601317287036,0.08549703261161436,0.23566761685993107,0.003465971335320961,0.002588781220527148,0.0009025751349152289,0.0018835710267773198,0.0015353095632391288,0.0008798706240973342,0.0021568546809277002,0.18150648898012722,0.001916133369400689,activity_2_catboost_tweedie
rolling_rsum14_14_act_drone_strike_on_rus_in_rus_nofpv_pastcov_lag-7,0.12164448411279186,0.243522679453787,0.03698119542191096,0.6449195375895067,0.2018770781022431,0.7465479146052824,0.44496562865861405,0.0011607095313462378,0.0009922030349369005,-0.00017338839616414247,0.0019467291225776285,0.003875207564409644,0.00402457668023295,0.0012815698359555316,0.34863693113487654,0.0018725153390421073,activity_2_catboost_tweedie
rolling_rmean28_28_dist_to_nearest_contested_km_pastcov_lag-1,0.19117988926776663,0.12775322849927354,0.25885860134376176,0.17296014260367532,0.26686460447901844,0.2375088758182261,0.18111858416812768,0.0016947274406938773,0.0021820401664468967,0.0014708108113892226,0.002220419375667326,0.0009522732959300839,0.0016874118193356048,0.002365950111202708,0.20517770373997848,0.0017962332886665314,activity_2_catboost_tweedie
darts_enc_fc_cyc_dayofweek_cos_futcov_lag-1,0.1811828132318831,0.5488650449005293,0.0773581919055415,0.06215125405715093,0.12881282597734484,0.09288256614040198,0.07528272554321876,0.002146219835290464,0.004906248344615283,0.0013734785701321472,0.0015005508465794515,0.0007572654219661246,0.0005432670298457954,0.0013180073985357365,0.16664791739372434,0.001792148206709286,activity_2_catboost_tweedie
darts_enc_fc_cyc_dayofweek_cos_futcov_lag6,0.030085671295287265,0.4292269748826704,0.04607410795736923,0.04281025737392045,0.13514473932809926,0.0,0.10103034785453044,0.0008755399045417445,0.0041612151436811965,0.0005996923872297443,0.0016706174768128302,0.0018732993767214712,0.0,0.0033081090702117956,0.11205315695598243,0.001784067622742683,activity_2_catboost_tweedie
darts_enc_fc_cyc_week_cos_futcov_lag0,0.309106988182692,0.4926560782570525,0.22983166489722484,0.24529948697860435,0.12222950786092819,0.142801469807714,0.34058454336764565,0.0012625313269490235,0.003898792062000189,0.001717555880181143,0.0022073351356462156,-3.983369804021475e-05,0.0006360277998157082,0.0022958351211654015,0.2689299627645516,0.0017111776611024952,activity_2_catboost_tweedie
act_drone_strike_on_ua_target_lag-2,0.006335282892974126,0.10548712002631556,0.006640575324864811,0.1654297909038901,0.027346422820216508,0.06708577181325848,0.03253185853678735,-2.849261638588896e-05,0.003692456552893808,-8.008666705028311e-06,0.0015886359255220083,0.0012672523705077987,0.004685067271052579,0.0007098089339306445,0.05869383175975813,0.0017009599672594172,activity_2_catboost_tweedie
darts_enc_fc_cyc_day_sin_futcov_lag6,0.05428955731693065,0.15801690525831946,0.20527874932888832,0.205087818857118,0.27242417724204143,0.061631585067004245,0.12524984122462557,0.0005859631468234427,0.0012799807024210352,0.002229539119431534,0.001797189562809587,0.002053963114567714,0.0011546742145009282,0.0025486817813415107,0.15456837632784684,0.0016642845202708217,activity_2_catboost_tweedie
darts_enc_fc_cyc_dayofweek_sin_futcov_lag-1,0.09625319196055941,0.1459954410583843,0.20540313361339468,0.34836338911353676,0.12368507552482787,0.15165412410545165,0.15089374807694259,0.002775389425483743,0.00027652480153257387,0.0010499597249213454,0.0026575835983499775,0.0012091601198196856,0.0020878953381798793,0.0015822273560885058,0.17460687192187102,0.001662677194910816,activity_2_catboost_tweedie
rolling_rsum7_7_acled_other_rus_shelling_artillery_missile_attack_pastcov_lag-14,0.09418992956424249,0.050656555602855195,0.04360319232143014,0.03929183734719341,0.16346694871564554,0.06929114627130753,0.07724002174877113,0.0026427881744417016,0.0003379922467556806,0.0004439379142193056,0.0024409268542747277,0.001851127049329393,0.0011617258230618877,0.002755961851161404,0.07681994736734934,0.0016620657018920145,activity_2_catboost_tweedie
darts_enc_fc_cyc_week_sin_futcov_lag-2,0.31603530865620993,0.2702109957532651,0.24166969729536428,0.24708364436450694,0.013232517228680017,0.010758723410212072,0.22791009333977338,0.0023066736728750924,0.00205131309745743,0.0010031418170953765,0.0017293183866076145,-1.725244201276066e-05,7.544657612015281e-05,0.004220474645118566,0.18955728286400167,0.0016241593933230675,activity_2_catboost_tweedie
act_drone_strike_on_ua_target_lag-3,0.1483666358671645,0.05169885802116863,0.16238760169850236,0.0010495203781716773,0.04628741480431475,0.01381598440824758,0.00125481995985674,0.004471906235538614,0.0008741100153941029,0.0025753705530769944,-1.553764486939002e-06,0.0032512384879783917,0.0001477635299950375,3.4268342548049446e-06,0.060694405019632316,0.0016174659845358582,activity_2_catboost_tweedie
rolling_rsum7_7_com_diplo_bluesecondary_ua_pastcov_lag-14,0.050368969589148375,0.20569394008346684,0.06295500164221984,0.1925459034118704,0.4638939084039276,0.3811608668397525,0.1597333026789666,0.0013912642754622339,0.0012651683802350267,0.0007328866042788151,0.0011759108076787816,0.0038095796143542415,0.00170745935122667,0.0011783304627029478,0.21662169894990746,0.001608657070848388,activity_2_catboost_tweedie
darts_enc_fc_cyc_day_cos_futcov_lag0,0.43342939169115435,0.1215148853263328,0.018487033406348236,0.06613700599133816,0.20724303880423836,0.06747721293939202,0.1256180430707338,0.005524953550549961,0.0014736932546918658,8.070287800636678e-05,0.00013005119566471545,0.0017117060182922695,0.0016423724245021142,0.0006504290665602985,0.14855808731850542,0.0016019869126096557,activity_2_catboost_tweedie
env_weather_pressure_msl_min_futcov_lag-2,0.05436631470536394,0.08665777860344576,0.04673932965940002,0.029726005945099134,0.02301877227739728,0.2271324418992895,0.220257434150357,0.003869816395489223,0.0013943036981006519,0.0008823051036895401,0.0007808963404283498,0.000205915674478363,0.0018678654151323526,0.002194074232484655,0.09827115389147893,0.0015993109799718765,activity_2_catboost_tweedie
darts_enc_fc_cyc_week_sin_futcov_lag5,0.09058316953488915,0.08117140805419915,0.05926571633305455,0.24257051188667583,0.01758718434194692,0.08680679824647465,0.06013124738467306,0.005346691549658678,0.0022720532562958916,0.0005413249097949935,0.0017293275280093612,0.0003060903589019004,0.00027269390796649253,0.0006669053057450248,0.09115943368313047,0.0015907266880531917,activity_2_catboost_tweedie
darts_enc_fc_cyc_dayofyear_sin_futcov_lag6,0.054170775555075566,0.058157214052477625,0.08590281176736224,0.13599436482516453,0.07224680399000799,0.08984145590292988,0.08751263233254898,0.002896538304316687,0.000948239155815278,0.0020637070621148277,0.0013853134535808166,0.0014951229001874066,0.0010614886624963128,0.001133555337128378,0.08340372263222384,0.001569137839377101,activity_2_catboost_tweedie
darts_enc_fc_cyc_week_sin_futcov_lag1,0.09531885289917769,0.09657491314375927,0.33572276804704493,0.1221839345952292,0.04205258559493189,0.20119847428047843,0.21741754305449748,0.0017805833512653413,0.0015608888791865283,0.00199072760178729,0.0008956815900732051,0.0003287208515576845,0.0014426726946697777,0.002980831691892738,0.15863843880215983,0.0015685866657760808,activity_2_catboost_tweedie
darts_enc_fc_cyc_week_sin_futcov_lag2,0.1052356576502778,0.06302429917794782,0.19981948011269282,0.10461599003607697,0.13820163936777885,0.3432138681277882,0.08377465041960397,0.0017591705039883498,0.0008702333352357706,0.0036039160969558283,0.001178290978579488,0.0007304556474754476,0.0023357226059352643,0.0004908374460335541,0.14826936927030948,0.0015669466591719577,activity_2_catboost_tweedie
darts_enc_fc_cyc_week_sin_futcov_lag3,0.19803006946039448,0.06408967832338212,0.1272874487952665,0.15858770280791795,0.23403090624569348,0.14688565810757268,0.11576064183790062,0.0025913479826055407,0.0009499955325737331,0.0010107453198953565,0.001226336019894836,0.0028625678122250918,0.0014111455333850609,0.0008160538562056452,0.14923887222544682,0.0015525988652550376,activity_2_catboost_tweedie
ewm_expdecay7_dist_to_nearest_contested_km_pastcov_lag-7,0.09507618755334245,0.6776269554808834,0.12151751586581104,0.07775963066270528,0.3640796810670145,0.0549525760419031,0.1129175827415408,0.00045422270407422525,0.0035908151938365495,0.00016445315471156353,0.0008258865526643788,0.0027160101364703815,0.0008524096620634358,0.0021984525391526067,0.21484716134474294,0.0015431785632818772,activity_2_catboost_tweedie
darts_enc_fc_cyc_week_cos_futcov_lag-1,0.2906636199471288,0.23436818971595336,0.2525271932020682,0.20895212606555777,0.22391958185044986,0.17540144267544114,0.3648327658653726,0.001876464664688071,0.001312862814787774,0.0019521029245254118,0.001179449835843127,0.0010635429257852991,0.0009702103309828347,0.0023559875329668633,0.2500949884745674,0.00153008871851134,activity_2_catboost_tweedie
env_weather_soil_moisture_0_to_100cm_mean_futcov_lag0,0.27490466425100113,0.25932556156548103,0.17672851669747872,0.08874142180379317,0.11457865974102004,0.3309303663034283,0.16849329195434803,0.0024655365344758316,0.001716259244052476,0.0009620141541455407,0.00104674721278617,0.0020940587778866425,0.001589551240273246,0.0007814915887021989,0.20195749747379294,0.0015222369646174436,activity_2_catboost_tweedie
darts_enc_fc_cyc_day_sin_futcov_lag3,0.04441880674881785,0.2090396990635448,0.13702514838687926,0.006449378481088291,0.06956710699473952,0.21668731942231823,0.2973959279541476,9.573605842576605e-05,0.001819115960011697,0.0007354854804226152,7.871900253124675e-05,0.00014223217550015654,0.0028269405105158405,0.004839495928206072,0.14008334100736222,0.0015053893022304848,activity_2_catboost_tweedie
darts_enc_fc_cyc_dayofweek_sin_futcov_lag4,0.025983754638580943,0.2636291019130613,0.10021618908767961,0.02839405813285472,0.2977547396303935,0.02361202426306997,0.12054319193600306,0.0009206194736454121,0.003408641545156099,0.000861427803624748,0.0012763512351412043,0.0016878753328102292,0.00019581509528390217,0.002092883324497752,0.1228761513716633,0.001491944830022764,activity_2_catboost_tweedie
rolling_rmean28_28_dist_to_nearest_contested_km_pastcov_lag-7,0.09147695112433311,0.024420570123032483,0.10465793128143129,0.22494886434366515,0.0634792634678834,0.1062793582343914,0.042316703139232054,0.0016247409774986065,-4.887290413340129e-05,-2.149935266408942e-05,0.0024353362193135107,0.003743041175689088,0.002386501249579109,0.00030874742661930467,0.09393994881628129,0.001489713541700304,activity_2_catboost_tweedie
env_weather_wind_speed_10m_mean_futcov_lag-1,0.17161879125266802,0.11831014385964836,0.21514913840690522,0.11729116170972773,0.17549286976798997,0.17837618267240923,0.11346161288134658,0.0007327176274139147,0.0007947819120340816,0.003830833238635978,0.0013947592298687805,0.0008858005284200666,0.0006005416143430642,0.0019182910408415798,0.155671414364385,0.0014511035987939235,activity_2_catboost_tweedie
env_weather_soil_moisture_0_to_100cm_mean_futcov_lag5,0.15812760007369456,0.3636024998091721,0.22820070153118732,0.08296280016849336,0.26166894257584955,0.18611383990603095,0.3440602228844112,0.001093388752224822,0.0016830656479267514,0.0011617425214818678,0.0009096755858873706,0.0024126876463399726,0.0015027556737627012,0.0013539628671985326,0.23210522956411986,0.0014453255278317168,activity_2_catboost_tweedie
darts_enc_fc_cyc_day_sin_futcov_lag4,0.029262203490049384,0.08664368693071925,0.35611855503196255,0.07073384512941402,0.08977116700994814,0.20777866659076122,0.1624635725369719,0.0005499831091019258,0.0008295648019465585,0.0019954132881556674,0.00023046626866087827,0.0010666507073573196,0.0014773604265387653,0.0037620986733470697,0.14325309953140378,0.0014159338964440263,activity_2_catboost_tweedie
darts_enc_fc_cyc_dayofyear_cos_futcov_lag1,0.16726352498352973,0.09220062020383603,0.5050486717756947,0.058770534815230514,0.07901090227013974,0.327668067666011,0.32515794135329856,0.0015821197554600763,0.0010332277516043931,0.0026269735231675417,0.00010065986667295856,6.957907542344266e-05,0.0021071181242620753,0.0022471869047384187,0.22216003758110575,0.0013952664287612722,activity_2_catboost_tweedie
ewm_ewma14_act_drone_infra_ua_residential_intent_pastcov_lag-14,0.7021108507514878,0.16149868666431275,0.060323236592378586,0.14730441241432102,0.0979799832167824,0.02432107934306668,0.18298166402486568,0.003363136258947419,0.0004913242090791581,0.0011278338844644908,0.0014336978671079415,0.002081697902099089,0.0010077705081709353,0.0001343756172745625,0.19664570185817354,0.0013771194638776566,activity_2_catboost_tweedie
ewm_ewma14_act_drone_infra_ua_residential_intent_pastcov_lag-1,0.17059267142154835,0.09891441416052862,0.2151035134787106,0.18479012455151664,0.2863410208399312,0.10930279805903398,0.1444409604623371,0.0009169075121960857,0.001153066360743793,0.0020246408205095044,0.001160141304062634,0.0021761898655775712,0.00035830678983002074,0.0016489493725946104,0.1727836432819438,0.0013483145750734602,activity_2_catboost_tweedie
darts_enc_fc_cyc_week_cos_futcov_lag5,0.24741926525734148,0.23465073618654933,0.05508450769878617,0.1365272895728589,0.24187664546644486,0.22951281792767905,0.09421691610270586,0.0021238285335394734,0.0023820256335280064,0.0011763160379233638,0.0009146816471687913,0.0013858369168524344,0.0005774867386871385,0.0007878729274525487,0.1770411683160522,0.0013354354907359652,activity_2_catboost_tweedie
rolling_rmean28_28_total_ru_area_km2_pastcov_lag-14,0.692791471724459,0.7969800152497559,0.8562548208729389,0.5370813997618598,0.33463639766619757,0.7346942415564855,1.011015054127381,0.0010244349907078342,0.0012108156016724214,0.0018404012145716963,0.001978204012636242,0.00022615701028836366,0.0005163244111527244,0.002520943822922561,0.7090647715655826,0.0013310401519931205,activity_2_catboost_tweedie
darts_enc_fc_cyc_dayofyear_cos_futcov_lag-2,0.1423596164730958,0.13464165654963964,0.2107140440874669,0.443769549102738,0.1755069781263937,0.32699899519802855,0.3353890845040266,0.0014196232677131215,0.0007774871377322912,0.0016583405864160738,0.0024251280590956714,0.0005191928378271759,0.0016883835888773513,0.000817553850543673,0.2527685605773414,0.0013293870468864797,activity_2_catboost_tweedie
darts_enc_fc_cyc_month_sin_futcov_lag3,0.043504820873130734,0.11608200986653443,0.20866160887605736,0.08332910774033626,0.10038949967750292,0.06748769907465252,0.08219291852253262,0.0001861001946710239,0.000851213959558117,0.004052694405012036,0.0013537428384127193,0.0009087623890282615,0.0014067565692928996,0.00043885372113678934,0.10023538066153527,0.0013140177253016924,activity_2_catboost_tweedie
darts_enc_fc_cyc_dayofweek_sin_futcov_lag1,0.03083006728798178,0.2488119409158726,0.09126097515610573,0.180488940646382,0.06961696071650239,0.17449206707937467,0.11464642669324482,0.00022401102666451677,0.0026385292562410177,0.0005786870613569306,0.001065358693316676,0.0016821009783808184,0.0015771106620469544,0.0013162107016528423,0.13002105407078055,0.0012974297685228223,activity_2_catboost_tweedie
darts_enc_fc_cyc_month_cos_futcov_lag-1,0.199641124523337,0.029279181069901038,0.07451034059938459,0.05933718542803635,0.07579296078191608,0.0474475506632883,0.03956643696935506,0.0026570665842371223,0.0009211145122384412,0.0007621320740688997,0.0010971198802275373,0.001531418884900848,0.00016745166473526308,0.0012142134630141355,0.07508211143360263,0.001192931009060321,activity_2_catboost_tweedie
ewm_expdecay7_dist_to_nearest_contested_km_pastcov_lag-14,0.09975183042292761,0.1673395424923907,0.20586156376913883,0.18990523672519322,0.2709610454079407,0.20880907435353016,0.15027017106291626,0.0015253370667503096,3.6505956642307603e-05,0.0006493482838639597,0.0020874662777786933,0.0011086428469759824,0.001109140057758129,0.0015713090571974452,0.1846997806048625,0.0011553927924238324,activity_2_catboost_tweedie
env_weather_soil_moisture_0_to_100cm_mean_futcov_lag4,0.2708620750931065,0.09913616846739187,0.22347926022005707,0.1970764972038202,0.2628830334920433,0.36477598252004734,0.266684289315303,0.0015606604362732091,0.00021916637096008884,0.000800418493536914,0.0011756186628872679,0.001752142100356502,0.0008440479808875301,0.0017310661964997863,0.24069961518739563,0.0011547314630573281,activity_2_catboost_tweedie
darts_enc_fc_cyc_week_sin_futcov_lag-1,0.03413016412872767,0.18259321330761807,0.04366336834204867,0.023516437930442575,0.01623100379999293,0.023354201382863267,0.03326620113967439,0.0018304699150641923,0.0029565836130150515,0.0008787997520574242,0.000472447244911689,0.00015456324839921987,0.0006464843334743397,0.0011337129214515462,0.0509649414330525,0.0011532944326247804,activity_2_catboost_tweedie
darts_enc_fc_cyc_day_sin_futcov_lag5,0.1984292286764807,0.11822202300578512,0.20356916092852437,0.23198657137904924,0.0028352382037152863,0.18895279304770057,0.06090951267957389,0.0011920170399967844,0.0007046516958999049,0.0008657321416714713,0.0018904278608670832,7.80487528560414e-05,0.0015588809679155879,0.0015702344362773734,0.14355778970297559,0.001122856127926321,activity_2_catboost_tweedie
env_weather_soil_moisture_0_to_100cm_mean_futcov_lag-2,0.2531959626966388,0.22782267118477653,0.44179756254924873,0.39087892760700715,0.128233594865229,0.16945520428687894,0.04649701046292812,0.0007711485209314084,0.0008645254151968373,0.0008879184253793194,0.0014992300281121862,0.000839332268993176,0.0022535283047178554,0.0006605013041205643,0.23684013337895818,0.0011108834667787639,activity_2_catboost_tweedie
darts_enc_fc_cyc_dayofweek_cos_futcov_lag1,0.044695360693269244,0.04608072516779571,0.0329365393120485,0.288957619779554,0.0561375645752216,0.16192343566205408,0.16408365483202117,0.0008641297276765769,-0.0002371374130381021,0.0011467076655117038,0.00247306147238231,0.00038566470945646805,0.0013717976775418084,0.0017137016231629776,0.11354498571742347,0.0011025607803848204,activity_2_catboost_tweedie
darts_enc_fc_cyc_dayofweek_sin_futcov_lag6,0.08435811865361935,0.18803916416602864,0.21048599401206172,0.17804125986609057,0.18562706136060023,0.13930849258516673,0.14657153443162027,0.0009569894417820413,0.001401042862135027,0.0011942221842837996,0.0011561596916981553,0.0004742123533300058,0.0008813358808622329,0.0013111249726751816,0.1617759464393125,0.0010535839123952061,activity_2_catboost_tweedie
darts_enc_fc_cyc_dayofweek_cos_futcov_lag2,0.2044657565212272,0.14271438329183703,0.10861969776571564,0.04283152851891523,0.11677127782081383,0.12343507334706387,0.08775293539615438,0.0025444241987804704,0.0001414340184827445,0.00016180907141667423,0.0011909336083235854,0.00042681830166297897,0.0013272201605954547,0.0015064646358438738,0.11808437895167531,0.001042729142157969,activity_2_catboost_tweedie
darts_enc_fc_cyc_dayofyear_cos_futcov_lag4,0.0,0.02263728960573234,0.4624877590516553,0.1145105811000611,0.07303485806124403,0.3234567474058119,0.5051452825918876,0.0,-8.632797307603913e-05,0.002303372519764668,0.0004322502768388414,0.0002049880209910926,0.0014661485063496293,0.0029518910694473544,0.2144675025451989,0.0010389032029022207,activity_2_catboost_tweedie
darts_enc_fc_cyc_week_cos_futcov_lag-2,0.11363405521371713,0.14347394454773804,0.06540123251992813,0.11131321863797371,0.1915946305403692,0.12998474454498754,0.12975287693567833,0.0009259265197311794,0.0017374686394718176,0.0006514908147809528,0.00015160765663975174,0.0013925325399413602,0.0007829177978892377,0.0013081424683243138,0.12645067184862743,0.0009928694909683733,activity_2_catboost_tweedie
env_weather_soil_moisture_0_to_100cm_mean_futcov_lag-1,0.4225532881126273,0.05645271112321444,0.1903828337918553,0.14033277399904273,0.06230871130059146,0.09846563673960983,0.17092329384273455,0.0025961507025704213,0.00025776061329267906,0.0008440143030793212,0.001017859598429105,0.0008288674830426058,0.00039989225082810443,0.000752782034792987,0.16305989270138224,0.0009567609980050319,activity_2_catboost_tweedie
darts_enc_fc_cyc_dayofyear_cos_futcov_lag0,0.2552147505833296,0.04645002385028067,0.10932019526669962,0.08258025729690237,0.2896643851911175,0.03474447041173367,0.21523276136481231,0.0032629929023473723,0.0001253303824371832,-3.1862187065057056e-05,0.00013919973207394688,0.0005830753633302877,0.0005935896559609022,0.002017367240259471,0.14760097770926797,0.0009556704413348724,activity_2_catboost_tweedie
darts_enc_fc_cyc_dayofyear_cos_futcov_lag-1,0.08375391353616246,0.14186489815492226,0.15720178238696836,0.13268059316338848,0.20804175029557714,0.14413973992438883,0.120223836210668,0.0002498204969794582,0.0011370139513602994,0.0005711490188995416,0.0008569299688659937,0.0012424321158899464,0.001924252090044276,0.0005641663478338499,0.14112950195315363,0.0009351091414104808,activity_2_catboost_tweedie
darts_enc_fc_cyc_month_sin_futcov_lag-2,0.08151356017870481,0.04969970604666593,0.22484959439161195,0.06193337045533259,0.12301883457663719,0.2045806442970731,0.197812942700508,0.00019081800966227468,-0.00025049721782979264,0.000955776765431926,-0.0004578430315550497,0.0014892954189394513,0.0016915014264056838,0.00212679038362793,0.1347726646637905,0.0008208345363832035,activity_2_catboost_tweedie
darts_enc_fc_cyc_dayofweek_cos_futcov_lag5,0.09298163383006489,0.044266312590177395,0.20659148831761376,0.030950507086831978,0.03892557724362505,0.05177928915818325,0.07426176212991982,0.0009908181881656875,1.7307434671987032e-05,0.0021543161997299443,0.000375451105079172,0.0004372377270770222,0.00081997447480191,0.0007166038646791772,0.07710808147948803,0.0007873869991721286,activity_2_catboost_tweedie
darts_enc_fc_cyc_month_cos_futcov_lag-2,0.052346376279218156,0.19333857696183052,0.16154047247227846,0.18058720585316604,0.0047288000912319396,0.003384839170780954,0.03320839995791004,0.00116942994721827,0.0017633375960821374,0.0006022968499715287,0.0008738241208397169,0.00048263829689443316,9.045874009894206e-05,0.0005087829273383804,0.08987638154091657,0.000784395496920487,activity_2_catboost_tweedie
darts_enc_fc_cyc_week_cos_futcov_lag4,0.11685507521746391,0.21509913409194756,0.24711510056187486,0.397695807003942,0.3937829081195857,0.31555294755737195,0.2351474728610658,0.00011301175156523957,0.0016459915223621113,0.0005874040345201336,4.480725860320778e-05,0.0008124201823594968,0.0009629904396405875,0.0013008827997042839,0.27446406363046455,0.0007810725698221514,activity_2_catboost_tweedie
darts_enc_fc_cyc_month_cos_futcov_lag0,0.039617005977710916,0.12011428221956401,0.22182278595800684,0.06124368107012454,0.12879880083585946,0.021681460179348917,0.06526910183923686,0.0013587052065319404,-2.287449265190311e-05,0.0007588735905822652,0.0009630205355354749,0.0012082069735122269,0.00024465293437987424,0.0009396208799422156,0.09407815972569308,0.0007786008039760135,activity_2_catboost_tweedie
darts_enc_fc_cyc_month_cos_futcov_lag1,0.059230794331796725,0.13381757513068565,0.2128594896101799,0.1336056059318518,0.11858449636535373,0.17079595055441202,0.07042554446169429,0.0013243981676372973,0.00071265605010431,0.0014699870989871577,0.000800307451142035,0.00030282277752498034,0.0005741440246420648,0.000192193525083173,0.12847420805513915,0.0007680727278744313,activity_2_catboost_tweedie
darts_enc_fc_cyc_dayofyear_cos_futcov_lag6,0.2388698125172931,0.2616999526919783,0.16676393869218872,0.19726132422576526,0.3974762411955075,0.475451134544497,0.22860254027303673,4.952037368268769e-05,0.0020989462259554336,0.00047767790819406295,-0.0005470050440598229,0.001165859541075731,0.0016300864925895774,0.0003953231489999709,0.2808749920200381,0.000752915520919663,activity_2_catboost_tweedie
darts_enc_fc_cyc_month_cos_futcov_lag6,0.12433060891056255,0.213552373599137,0.012969348095795674,0.09304910400170242,0.1429243806456722,0.12207136373421053,0.12752993177911384,0.0008917833647443807,0.00267188022971685,-2.0420389603703626e-07,0.0011674014808242816,0.0005059202925650653,-0.00011660820241019554,0.0001285794910435012,0.11948958725231347,0.0007498217789411209,activity_2_catboost_tweedie
darts_enc_fc_cyc_dayofweek_sin_futcov_lag5,0.09153434729497545,0.03266683462396098,0.07871373370880073,0.09005763474233756,0.06619063788057092,0.08754041624549135,0.0450561847657634,0.0013778218613130333,0.000697560869951519,0.0009185040198691485,0.0004510840388047166,0.0007272493965438497,0.00033883196916284497,0.0005648462545143173,0.07025139846598577,0.0007251283443084899,activity_2_catboost_tweedie
darts_enc_fc_cyc_dayofweek_cos_futcov_lag3,0.06268756384421405,0.12920145568515234,0.059736799079752,0.12297024034941412,0.0,0.08050168483996463,0.059968954680674924,0.0009159480953778943,0.0006119973200321427,0.000140251542867742,0.0012283769184887605,0.0,0.0016969075718860304,0.00035291033077293753,0.073580956925596,0.0007066273970607867,activity_2_catboost_tweedie
darts_enc_fc_cyc_week_cos_futcov_lag2,0.22055619757299463,0.09608011567996985,0.41605572327339047,0.3111430932265305,0.08565945318597269,0.21348699354099554,0.053653851161119176,0.0014777670802851085,6.389585280035526e-05,0.0015003874353070267,0.001277025834729706,0.00032746232291962495,0.0007527001449618264,-0.0007416474408438844,0.19951934680585323,0.000665370175737109,activity_2_catboost_tweedie
darts_enc_fc_cyc_month_cos_futcov_lag2,0.02734846625142858,0.23099346019617006,0.017103264468829163,0.3154936793970476,0.08301158002791413,0.12061265142398678,0.02944388886890625,0.00047365615568288887,0.0007495189091727861,0.0003774648674447434,0.0016120784668098187,0.00014944750921495054,0.0009625334956829378,0.0003116975989795101,0.11771528437632607,0.0006623424289982335,activity_2_catboost_tweedie
darts_enc_fc_cyc_dayofweek_cos_futcov_lag0,0.07953751665933338,0.0633523405919231,0.30061878331919517,0.1509740872302168,0.11561194491728836,0.1522705995756319,0.003203608827483828,0.0007154257345110881,0.0007209293330422417,0.0009097678776930796,0.0002213373298331378,0.0005015210990809039,0.0016859283269598402,-0.00013022668013553673,0.12365269730301036,0.000660669002997822,activity_2_catboost_tweedie
darts_enc_fc_cyc_dayofweek_sin_futcov_lag0,0.08806395382116687,0.02113879463462511,0.12386432444817093,0.12573381381267817,0.029748045810825602,0.07953610047598687,0.06135965027054262,0.0005525747439666162,7.170303542682887e-05,0.0013237971220557033,0.001140177936650466,0.0006124930404775908,-0.00010756958847000231,0.0009974865128433708,0.07563495475342803,0.000655808971850082,activity_2_catboost_tweedie
darts_enc_fc_cyc_month_cos_futcov_lag3,0.17533353412383154,0.015884152149511856,0.09929688332019676,0.0,0.06604245009300286,0.18128422290114032,0.08831339645553948,0.0015936712422330412,0.0008732234439437159,0.00034078484067410206,0.0,0.0007548055212654558,0.0004516820211794226,0.000370300500630627,0.0894506627204604,0.0006263525099894807,activity_2_catboost_tweedie
darts_enc_fc_cyc_dayofweek_cos_futcov_lag-2,0.1812100681555527,0.0,0.13612661324952233,0.018931050779805586,0.0,0.07880570327028381,0.0,0.0009433227221125717,0.0,0.0024417158170727538,0.00011475933040001607,0.0,0.0008036290049526107,0.0,0.059296205065023484,0.0006147752677911361,activity_2_catboost_tweedie
darts_enc_fc_cyc_month_cos_futcov_lag4,0.06486090182473513,0.1282355817439307,0.040843940356336525,0.04665484993461197,0.04292361047964036,0.03142493557096275,0.09873121227151149,0.0006952609837387547,0.0010278005075983864,0.0004617780364787327,0.0006433081791309636,0.0003357093950791423,0.00017604158379671552,0.0009090614765604466,0.06481071888310415,0.0006069943089118773,activity_2_catboost_tweedie
darts_enc_fc_cyc_dayofyear_sin_futcov_lag2,0.06990536121366282,0.05816078649568344,0.06217068088567912,0.13523601751039807,0.05070663328740353,0.06212947645495187,0.02737220293550244,0.00016693874716906533,0.0013954027526402956,0.00016798219383609147,0.00036328258729763087,0.0010972323683532625,0.0005817927313050087,0.0003002097414951832,0.06652587982618305,0.000581834446013791,activity_2_catboost_tweedie
darts_enc_fc_cyc_month_sin_futcov_lag1,0.021585217300687312,0.08243239965342646,0.05296168903814957,0.0,0.026266877288560423,0.2236201201739155,0.010252916906239418,8.172547942431052e-05,0.0016305179535268666,0.0002449450862413993,0.0,0.0006357762056981465,0.0011435107696780022,0.0003085367829927854,0.059588460051568384,0.0005778588967945014,activity_2_catboost_tweedie
darts_enc_fc_cyc_dayofweek_cos_futcov_lag4,0.0,0.010501553703341465,0.13297595674805207,0.0,0.04224780905355632,0.02732967927691035,0.04968318134500489,0.0,0.00020950058855910835,0.0006999184152501447,0.0,0.0009851788290516916,0.0013592624020259292,0.0005215539804140246,0.037534025732409305,0.0005393448879001283,activity_2_catboost_tweedie
ewm_ewma14_act_drone_infra_ua_residential_intent_pastcov_lag-7,0.08801087628680568,0.0,0.06730121750822782,0.15622051172240128,0.03513587246977315,0.09929196739021776,0.14690766880145795,0.0002463173526998652,0.0,0.0018002560045808913,-1.6926431012542765e-05,0.0005612818568122346,0.0008677080577031537,-5.7568800030161075e-06,0.08469544488269766,0.0004932685658257979,activity_2_catboost_tweedie
rolling_rmean28_28_dist_x_clash_pastcov_lag-7,0.03767376633771013,0.04034925774730617,0.03932022784938585,0.023655466597643022,0.007021838201382269,0.0079183514527099,0.001571100578478491,0.0009017359163064897,0.0004337642167561162,0.00023395480201315877,4.335040449976457e-05,3.988999422066541e-06,1.542099668967456e-05,1.5966390418675757e-07,0.022501429823516546,0.0002331964285130653,activity_2_catboost_tweedie
rolling_rmean28_28_dist_x_clash_pastcov_lag-1,0.009997742499789014,0.007003303663977255,0.035392684434793896,0.036763203548043855,0.0005863823245499059,0.004830165017802404,0.0071865873613137935,8.648940934508076e-05,4.548426404378247e-05,0.0004664757658262797,0.0006092440610423244,2.0203215500780304e-06,1.5628261690747712e-05,4.337527172393329e-06,0.014537152692895735,0.00017566851581009808,activity_2_catboost_tweedie
darts_enc_fc_cyc_month_cos_futcov_lag5,0.08598733515234917,0.14488663353680725,0.263508443719985,0.17256186684284988,0.1206736733324991,0.05471542199363128,0.053791512677603015,1.0625162712218916e-05,0.0005358533875270188,0.0006988593506001672,0.0004297009895179116,-0.000440094091683374,0.000124874878369563,-0.0002887295935506184,0.1280178410365321,0.0001530128690704124,activity_2_catboost_tweedie
rolling_rmean28_28_dist_x_clash_pastcov_lag-14,0.0011094370752641807,0.00028640973709973184,0.0015745386075967178,0.0010353585501631528,0.0,0.0,0.0,2.7983721658730864e-05,2.568358227428291e-07,1.1624910584018267e-05,1.6120511858530585e-05,0.0,0.0,0.0,0.0005722491385891119,7.997997132003221e-06,activity_2_catboost_tweedie
Activity_Level_statcov_target_act_drone_strike_on_ua,0.0,0.0,0.0,0.0,0.0,0.0,0.0,0.0,0.0,0.0,0.0,0.0,0.0,0.0,0.0,0.0,activity_2_catboost_tweedie
region_statcov_target_act_drone_strike_on_ua,47548.146137714386,44376.22594547272,43239.81210279465,45276.65504693985,44763.138476371765,44370.493059158325,46099.70997476578,0.2793073204037748,0.2691948929338298,0.2571508530901603,0.2605560599541533,0.25769547601377196,0.2593789137324974,0.27141876627152484,45096.31153474535,0.2649574689142446,activity_3_lightgbm_poisson
rolling_rmean28_28_act_total_daily_strike_events_pastcov_lag-7,22808.559760570526,65296.77676105499,16046.168221235275,15491.967734336853,28003.946623802185,35870.214482307434,170.72702980041504,0.0711702195456635,0.18669797884549127,0.030901185250858408,0.022325408858818376,0.06078742091709897,0.102663210395145,0.0002560529569962666,26241.194373301096,0.06782878239572454,activity_3_lightgbm_poisson
rolling_rmean28_28_act_total_daily_strike_events_pastcov_lag-14,7620.824910640717,19336.160395622253,38471.780844688416,35609.29355382919,16928.21995663643,5053.405764102936,1899.699384689331,0.034306471205733005,0.045055178788152975,0.09491976824104284,0.1369144703233735,0.06140217512042567,0.010156481405892027,0.000418469711546976,17845.626401458467,0.054739002113738146,activity_3_lightgbm_poisson
rolling_rmean28_28_act_total_daily_strike_events_pastcov_lag-1,4783.9005336761475,2958.9334037303925,50662.449964761734,41537.50043106079,23894.45427584648,10919.608921527863,13954.118281364441,0.006241592769682147,0.004137172420888735,0.1351119149705713,0.10366555134469009,0.05412312237159633,0.022238669614506733,0.020980072569164298,21244.42368742398,0.04949972800872852,activity_3_lightgbm_poisson
ewm_ewma14_act_total_daily_strike_events_pastcov_lag-1,4654.710669517517,214.25727891921997,31.63081979751587,0.0,9570.170385360718,28849.379853725433,67597.61539554596,0.017886992920490362,0.0004233028955143769,0.00013421528316290843,0.0,0.0378949774086053,0.10261651925260842,0.1726905304155632,15845.394914695195,0.0473780768822778,activity_3_lightgbm_poisson
act_drone_strike_on_ua_target_lag-6,415.98803067207336,92258.82130718231,12633.210247516632,883.3963913917542,801.7368106842041,4823.464487075806,302.9286193847656,0.000297334328932819,0.19091277863493966,0.04857179734758377,0.0028016088975131304,0.0048766765043184,0.014500703539134574,0.00047366328596298857,16017.077984843936,0.037490651791197906,activity_3_lightgbm_poisson
act_drone_strike_on_ua_target_lag-3,2812.721353530884,82.90966987609863,214.12437868118286,471.7824614048004,91558.42515802383,13197.050082206726,790.1759691238403,0.009124054840486128,0.00027167840499215946,0.0007731092274986473,0.0004562809985311445,0.20185855705828498,0.04743437988053514,0.0022414613435877582,15589.598438978195,0.037451360250559416,activity_3_lightgbm_poisson
act_drone_strike_on_ua_target_lag-2,203.75996923446655,4382.039066314697,157.83965969085693,187.9165596961975,840.7003312110901,97810.64639759064,12159.749153137207,0.00048371649186789155,0.014377326536785296,0.0002394909907275311,0.001335115171384227,0.0012719794536482087,0.18914289725464375,0.05291397108704525,16534.664448125022,0.037109213855157454,activity_3_lightgbm_poisson
act_drone_strike_on_ua_target_lag-5,264.94812202453613,295.7872610092163,91928.84066724777,11998.963718414307,849.4328355789185,1024.3719606399536,5505.218078136444,0.0009186476418033829,0.00030356603021617354,0.18446656803731815,0.053628291470851554,0.0020783330340111484,0.0063623161797392355,0.011921980034368151,15981.080377578735,0.03709710034690111,activity_3_lightgbm_poisson
act_drone_strike_on_ua_target_lag-4,273.80009031295776,44.76563048362732,513.5140309333801,91611.50333404541,13147.709312438965,723.4845499992371,1263.789020061493,0.00045690922201369055,0.00036268071484824027,0.0012116606421844977,0.1837432384903747,0.057336456334448414,0.002561736675758719,0.0062348083546595046,15368.366566896439,0.03598678434775539,activity_3_lightgbm_poisson
act_drone_strike_on_ua_target_lag-7,82335.16455674171,11876.677014350891,693.7269902229309,1009.504524230957,4759.088664054871,285.7289295196533,1121.1508135795593,0.18595209113615163,0.041110398498459565,0.0021849136541916003,0.005786628352303392,0.011575087672519335,0.0007609703623902009,0.0014832552900494456,14583.005927528653,0.03555047785229502,activity_3_lightgbm_poisson
ewm_ewma14_act_drone_infra_ua_residential_intent_pastcov_lag-1,3733.183135509491,7489.866433620453,5213.36167383194,4016.254782676697,9815.237868785858,9370.466665029526,8594.441350460052,0.01652195943343915,0.037980828824547584,0.022738653715722878,0.01651562956424275,0.051954998701081466,0.03830669951046941,0.03743452435184591,6890.401701416288,0.03163618487162131,activity_3_lightgbm_poisson
rolling_rsum14_14_act_drone_strike_on_rus_in_rus_nofpv_pastcov_lag-7,1939.3798003196716,2674.371416091919,7048.063660144806,19532.415217876434,22076.692291736603,9520.010153770447,1590.3981022834778,0.002779446862159607,0.0031247994663297085,0.007596846875113949,0.03883497166084624,0.07006461215196302,0.057260379870795,0.01069520158574,9197.33294888905,0.027193751210421075,activity_3_lightgbm_poisson
act_drone_strike_on_ua_target_lag-1,516.6823544502258,106.70825004577637,4066.75474357605,170.96142983436584,78.72255086898804,335.78552865982056,95909.30140066147,0.0008068660449555898,0.00011786492466976383,0.010213720997356379,0.0001978129878210444,0.0002888174467947202,0.00018702897955238384,0.17773510789638516,14454.988036870956,0.027078174182505004,activity_3_lightgbm_poisson
ewm_ewma14_act_total_daily_strike_events_pastcov_lag-7,66332.53827142715,2195.1111545562744,1115.886857509613,155.85340118408203,551.8659377098083,9.318960189819336,2909.1077942848206,0.1760658768579441,0.0013995888710410132,0.003370132299485862,0.000553452985514169,0.0017521306723782492,7.0970135773507085e-06,0.004037092484888016,10467.097482408795,0.026740767312118392,activity_3_lightgbm_poisson
rolling_rsum14_14_act_drone_strike_on_rus_in_rus_nofpv_pastcov_lag-14,5580.852620124817,7986.125321865082,8847.455436229706,6964.25794172287,10268.691563606262,2049.3377475738525,309.2949481010437,0.027095464372226097,0.05066843895476754,0.07120004157892168,0.006487894713277642,0.018624766793825763,0.006872242265118201,0.0006176000409073845,6000.859368460519,0.025938064102720617,activity_3_lightgbm_poisson
ewm_ewma14_act_drone_infra_ua_residential_intent_pastcov_lag-14,3355.1759099960327,3626.7184381484985,3015.958484172821,3441.553382396698,3417.800085067749,2768.9059500694275,1648.9846620559692,0.021361232828924836,0.03045681869695176,0.023481584099335116,0.030248663720180737,0.04050908698235804,0.02463794826244481,0.00974491378649387,3039.2995588438853,0.025777178339527026,activity_3_lightgbm_poisson
ewm_ewma14_act_drone_infra_ua_residential_intent_pastcov_lag-7,8036.813987255096,3833.166461467743,4568.96132850647,5527.049903392792,1582.2183904647827,2287.1750096082687,4302.788022041321,0.0446153237641048,0.01470011537742275,0.020534564963178226,0.03392842376596097,0.006042868242841814,0.013382260708627114,0.019925144065785272,4305.453300390925,0.02187552869827442,activity_3_lightgbm_poisson
rolling_rsum14_14_act_total_daily_strike_events_pastcov_lag-7,37502.64305973053,20238.7548456192,1016.5166945457458,12142.971461772919,11611.349811553955,6159.732849121094,320.0325174331665,0.057841637411919763,0.028771377525824017,0.001519735029575342,0.014088375233791917,0.01709632790218061,0.013659483956502516,0.0010310545455730845,12713.143034253802,0.01914399880076675,activity_3_lightgbm_poisson
ewm_expdecay7_act_total_daily_strike_events_pastcov_lag-14,2687.1350240707397,848.1377909183502,1727.8306488990784,337.59550952911377,816.9654895067215,2942.12761259079,796.702157497406,0.019498194334919727,0.004213151160739748,0.01984421527998932,0.0015568929666887276,0.0029992769122286767,0.050623796096999255,0.004295466076832533,1450.9277475731712,0.01471871326119971,activity_3_lightgbm_poisson
ewm_ewma14_act_drone_strike_on_rus_in_rus_nofpv_pastcov_lag-14,3285.5602221488953,1434.3040108680725,757.8585886955261,268.31200075149536,3965.0502557754517,2214.6979656219482,10080.807209014893,0.00805703989020401,0.011549843101733659,0.006184497126927391,0.0015309201359855918,0.024218020664129435,0.004317108678516068,0.0272530687790987,3143.7986075537547,0.01187292833951355,activity_3_lightgbm_poisson
rolling_rsum14_14_act_total_daily_strike_events_pastcov_lag-14,150.42724800109863,1892.8750739097595,3615.5504875183105,1013.0450987815857,7334.484121799469,4712.93336725235,10824.239848613739,0.0005652201573321137,0.007136714669472055,0.011098075461485979,0.0006047489544228846,0.005913956386808828,0.006262977039622619,0.0512607963637494,4220.507892268045,0.01183464129041341,activity_3_lightgbm_poisson
ewm_ewma14_fin_usd_uah_rate_pastcov_lag-1,1163.708515405655,2418.989203453064,4335.675187587738,1751.9875001907349,2057.401081800461,4865.717552661896,828.9601373672485,0.0035827859833114538,0.01078635320263761,0.011798441894216149,0.002523977761985252,0.006737159026232153,0.02776655649685953,0.005669415718941995,2488.919882638114,0.009837812869169165,activity_3_lightgbm_poisson
ewm_expdecay7_total_ru_area_km2_pastcov_lag-1,931.3591816425323,5551.281885147095,406.8868131637573,7054.112058162689,8210.045047283173,834.5618209838867,899.5347924232483,0.0016376331575018942,0.00798816652601957,0.0026645310484836537,0.03108918037039825,0.020416187712469492,0.0011488977941085166,0.001654794280402161,3412.5402284009115,0.009514198698483361,activity_3_lightgbm_poisson
ewm_ewma14_fin_usd_uah_rate_pastcov_lag-14,1795.435314655304,829.5624170303345,804.015570640564,744.2146711349487,1479.0652856826782,1163.9022965431213,4007.431563138962,0.012792629219524999,0.004629896044408088,0.003031078923044039,0.003222089017784757,0.00383561037071769,0.009445706204123128,0.029242432405776796,1546.232445546559,0.00945706316933993,activity_3_lightgbm_poisson
ewm_ewma14_act_total_daily_strike_events_pastcov_lag-14,17.240750312805176,6959.28731918335,335.3838882446289,281.5578808784485,1683.194037437439,8009.404058456421,2960.3703031539917,0.00016271116824677633,0.011286027328292958,0.0016955362476981594,0.0023449130558044428,0.005770636362250947,0.021776460995573864,0.019329229866180818,2892.348319666726,0.00890935928914971,activity_3_lightgbm_poisson
rolling_rsum14_14_act_total_daily_strike_events_pastcov_lag-1,207.10969018936157,189.28459930419922,7014.941955566406,563.9780693054199,85.48727035522461,2156.037193775177,36235.984976768494,0.0016569062684179015,0.00047609057025936873,0.004100911680991604,0.0006049243175346053,0.0001494438894436456,0.007494399494396365,0.045880369132025776,6636.117679323469,0.00862329219329561,activity_3_lightgbm_poisson
ewm_ewma14_act_drone_infra_ua_energy_intent_pastcov_lag-1,1441.996915102005,1391.95907497406,310.5498676300049,3417.0721473693848,2438.6281447410583,1731.8391704559326,2558.968081712723,0.0038607417814789046,0.0037729157178645334,0.0004793079078515117,0.01306015423609983,0.00940834804005899,0.006702851113298558,0.011597916846915645,1898.7162002835955,0.006983176520509711,activity_3_lightgbm_poisson
ewm_ewma14_act_total_damage_events_pastcov_lag-14,1106.0747537612915,6.087480068206787,1556.2358570098877,320.94172191619873,334.2898602485657,275.66574001312256,330.1141700744629,0.011261691720201283,-5.2380726623502126e-06,0.017605150263582427,0.003347744777059125,0.006552033931221257,0.0044993118531912344,0.00470103975051579,561.3442261559622,0.006851676317586966,activity_3_lightgbm_poisson
ewm_ewma14_fin_usd_rub_rate_pastcov_lag-1,310.74779891967773,1585.2423090934753,1266.8294824361801,123.42612028121948,1067.2724900245667,1566.3153462409973,1552.6387796401978,0.0009224800478922823,0.0025281196252034065,0.007408465814323617,0.00018650457435711587,0.008594929779336935,0.0115687819206876,0.014436537515904124,1067.4960466623306,0.00652083132538644,activity_3_lightgbm_poisson
ewm_expdecay7_act_total_daily_strike_events_pastcov_lag-7,370.8555188179016,3769.3128991127014,603.2477669715881,161.70744943618774,628.4691581726074,455.0160803794861,687.3894352912903,0.000982661156724629,0.03109012520614729,0.0009445325967045948,0.0011490174289343845,0.00536009978687928,0.0013204149143959398,0.004776049153745676,953.7140440259661,0.006517557177647398,activity_3_lightgbm_poisson
ewm_expdecay7_total_ru_area_km2_pastcov_lag-7,1762.001320362091,342.5428400039673,2794.0243911743164,645.1400198936462,444.67634975910187,9249.222738265991,2471.4602217674255,0.006919061956654815,0.002865952595509302,0.007541565687616547,0.004423155500496679,0.0006862845778981663,0.013400262813528107,0.009344460254271358,2529.8668401752197,0.00645439191228214,activity_3_lightgbm_poisson
rolling_rmean28_28_total_ru_area_km2_pastcov_lag-7,7197.148208618164,6135.270214080811,1581.4380249977112,6439.215090751648,2730.9821553230286,1530.2635316848755,8199.675909996033,0.011636017438033108,0.005240408886273906,0.0029098292680031167,0.007502590693252475,0.0017126018879527471,0.002638159256162065,0.010846035512687414,4830.570447921753,0.006069377563194976,activity_3_lightgbm_poisson
ewm_ewma14_act_drone_strike_on_rus_in_rus_nofpv_pastcov_lag-7,206.65934133529663,55.99564981460571,123.9693489074707,74.066978931427,10427.873233795166,32785.852935791016,1042.0611066818237,0.0011966960912411118,6.989799364407468e-05,0.0001416955852478363,0.0002691857375102247,0.006260187885026425,0.03293090865477355,0.0009829170724362068,6388.0683707509725,0.005978784145697061,activity_3_lightgbm_poisson
ewm_ewma14_fin_usd_uah_rate_pastcov_lag-7,511.4357089996338,599.6501035690308,1156.2525544166565,4406.616633892059,1805.2449970245361,1156.193515777588,1450.9324178695679,0.0030845612772089303,0.000983193080022282,0.005095224063851722,0.017218668998338838,0.005930637604702626,0.0031766814892397743,0.006276293706290503,1583.7608473641533,0.005966465745664953,activity_3_lightgbm_poisson
ewm_ewma14_fin_usd_rub_rate_pastcov_lag-7,1420.747325539589,228.98367071151733,1109.50137758255,1820.0186142921448,303.5580892562866,729.5464754104614,1099.0650181770325,0.018592962097086163,0.0009501202099498451,0.0018780637239613983,0.011117419623221792,0.0007916969423803488,0.0019453553233782284,0.005710459169542515,958.7743672813688,0.00585515386993147,activity_3_lightgbm_poisson
ewm_ewma14_act_drone_infra_ua_energy_intent_pastcov_lag-7,1593.944899559021,2438.2422938346863,3101.251241207123,172.08513069152832,71.61903047561646,343.4880681037903,330.44005155563354,0.008012071417097899,0.010525522293574152,0.014452773721572987,0.0002737627438499146,0.00020138098302013852,0.00033512265840014434,0.0007488568025630693,1150.1529593467712,0.004935641517154045,activity_3_lightgbm_poisson
rolling_rmean28_28_fin_usd_rub_rate_pastcov_lag-14,832.6395263671875,1739.8243169784546,2001.5151841640472,1217.3115730285645,475.27023124694824,537.5691294670105,155.41313982009888,0.0008496906023613526,0.007324935384447962,0.008496659478199687,0.008611008709334267,0.00735275657006369,0.00040048962698078225,0.0007132322504471266,994.2204430103302,0.004821253231690696,activity_3_lightgbm_poisson
rolling_rsum7_7_act_total_daily_strike_events_pastcov_lag-1,15.993109703063965,250.37459087371826,1697.7296142578125,3197.099859237671,5356.401526927948,1321.3473691940308,657.9708776473999,4.952736988039774e-05,0.00037709621049266675,0.004081556473738979,0.009922168166099254,0.016745052360434932,0.0017848620514134606,0.0007242131581481903,1785.2738496916634,0.004812067970029698,activity_3_lightgbm_poisson
rolling_rsum14_14_act_drone_strike_on_rus_in_rus_nofpv_pastcov_lag-1,3295.6918902397156,14341.783309936523,6682.29300403595,6700.108741760254,41.573569774627686,137.71218919754028,151.04884958267212,0.010842143974228313,0.012236262917455965,0.004365109927634126,0.0038443224731660843,0.00016954094000076747,0.0005017882422959641,0.0014157133828288427,4478.601650646755,0.004767840265372866,activity_3_lightgbm_poisson
rolling_rsum7_7_acled_other_rus_shelling_artillery_missile_attack_pastcov_lag-1,206.46689295768738,227.28252601623535,678.8742923736572,1872.7458534240723,1293.8898878097534,958.7268300056458,390.4146590232849,0.0006913295979863232,0.0005661527188372429,0.0045574153448151525,0.008658727587470572,0.010354310230662089,0.005548492363626001,0.002250932950777651,804.0572773729052,0.004661051542025003,activity_3_lightgbm_poisson
ewm_expdecay7_dist_to_nearest_contested_km_pastcov_lag-1,857.7607440948486,979.5853600502014,1046.4197897911072,572.5017018318176,405.9263586997986,298.3088393211365,335.4082808494568,0.004619504135875552,0.004637951595093481,0.0075197229619413,0.0048322142936078945,0.004923307752008554,0.0020649952075239677,0.001838078395256848,642.2730106626238,0.004347967763043943,activity_3_lightgbm_poisson
ewm_expdecay7_act_total_daily_strike_events_pastcov_lag-1,970.5973877906799,511.67844915390015,442.19584226608276,145.10013055801392,197.50871896743774,557.490710735321,353.9960904121399,0.017036595306250547,0.004711987012843766,0.0008485329634398298,0.0007343645516530994,0.0021752710844946455,0.0015949445641603387,0.0014372115750508562,454.0810471262251,0.004076986722556154,activity_3_lightgbm_poisson
ewm_ewma14_acled_other_ua_armed_clash_pastcov_lag-14,1652.826966047287,1253.9441766738892,733.446319103241,2354.0086793899536,1407.4491891860962,2322.242980480194,1124.0685353279114,0.004989156728017341,0.0028038420701165024,0.005311304223397517,0.004309543950173378,0.003100680083138063,0.0050390779658238795,0.0022404628977350516,1549.7124066012245,0.003970581131200248,activity_3_lightgbm_poisson
ewm_expdecay7_act_total_damage_events_pastcov_lag-7,234.81980895996094,125.183030128479,168.76335096359253,322.6617193222046,333.82352018356323,185.53770923614502,1696.4862883090973,0.0007236887124697944,0.00046770390473214183,0.001006225872126354,0.005391783794944649,0.0011428302647145338,0.0007323702158505086,0.017351146520813442,438.18220387186324,0.003830821326521632,activity_3_lightgbm_poisson
env_weather_cloud_cover_mean_futcov_lag5,339.7568111419678,987.9990010261536,947.7825074195862,200.9036989212036,388.25269985198975,568.115936756134,370.4312057495117,0.0015554564407278316,0.00431108493453849,0.011290652950454927,0.0002759807650127621,0.0013378392651990588,0.006120547351741612,0.00132732280886938,543.3202658380781,0.003745554930934866,activity_3_lightgbm_poisson
env_weather_cloud_cover_mean_futcov_lag3,1341.705239892006,267.3069701194763,172.51844120025635,1141.3548588752747,683.8766417503357,529.158097743988,321.1541004180908,0.01196072890765878,0.0012188870800714958,0.0003795698835327377,0.005804903177954368,0.002064426529080965,0.0019433373312600422,0.002041972611888321,636.7249071427754,0.0036305465030638156,activity_3_lightgbm_poisson
env_weather_wind_gusts_10m_mean_futcov_lag0,2670.009162902832,313.6249895095825,106.87596082687378,119.21716976165771,143.29093027114868,490.5956106185913,206.52094078063965,0.01621424796232398,0.000280992626981913,0.0006192748068513998,0.0006258877569021104,0.0008513219749975542,0.005542669866133498,0.0002858562145085397,578.5906806673322,0.0034886073155284275,activity_3_lightgbm_poisson
rolling_rmean28_28_acled_other_rus_shelling_artillery_missile_attack_pastcov_lag-1,1697.03187417984,630.8567371368408,1567.6683197021484,1189.3649225234985,404.2485942840576,647.8540601730347,419.54350662231445,0.005410651729559346,0.003693470063239701,0.005661082326764699,0.004017519518223866,0.0014024142289391418,0.0023388935797463263,0.001258950044946694,936.6525735173907,0.0033975687844885393,activity_3_lightgbm_poisson
ewm_expdecay7_dist_to_nearest_contested_km_pastcov_lag-7,297.09899711608887,754.0210428237915,3315.051520347595,331.95881843566895,906.6304178237915,303.40850925445557,248.02500104904175,0.0006944758935541362,0.004331083459270224,0.009641773729945614,0.0015177376241842567,0.00504226972602857,0.0011111688083260463,0.0009585642043145493,879.4563295500619,0.0033281533493747712,activity_3_lightgbm_poisson
rolling_rmean28_28_dist_to_nearest_contested_km_pastcov_lag-14,654.2967009544373,400.12936782836914,1418.3249425888062,870.9596428871155,1000.2726082801819,1344.463505744934,1769.2084846496582,0.000942683745805839,0.0005188102710951936,0.003221993161053205,0.002487266729856019,0.003807366268940071,0.004581280996418147,0.007565595387181401,1065.3793218476433,0.003303570937192839,activity_3_lightgbm_poisson
ewm_expdecay7_acled_other_ua_disrupted_weapons_use_pastcov_lag-1,363.6430196762085,591.0926706790924,246.69067239761353,771.0234885215759,601.2816281318665,97.65642929077148,95.14244842529297,0.0016242167697021915,0.003905674165822015,0.002169558727755816,0.007590545664751214,0.006444463429421021,0.000941423650437856,0.000316025105448281,395.2186224460602,0.0032845582161911994,activity_3_lightgbm_poisson
env_weather_wind_speed_10m_max_futcov_lag6,217.89720010757446,650.7999892234802,322.1121072769165,58.20319986343384,620.7799201011658,141.49279975891113,2046.267560005188,0.0004470023376853538,0.006420021603305437,0.0010871531925785495,0.00013769451755352158,0.005242934868255067,0.0007310328725145699,0.008844714786701324,579.6503966195243,0.0032729363112276887,activity_3_lightgbm_poisson
ewm_ewma14_acled_other_ua_disrupted_weapons_use_pastcov_lag-7,1381.5004453659058,1191.5577244758606,592.9556083679199,745.53746342659,1020.6631350517273,243.9152593612671,320.2638602256775,0.011861416650842149,0.002675808362829679,0.0029098434356271243,0.0016615513969677309,0.0020530911018305175,0.0011212759905668834,0.0006237351658916701,785.1990708964212,0.003272388872079393,activity_3_lightgbm_poisson
rolling_rsum7_7_act_total_daily_strike_events_pastcov_lag-14,92.74968910217285,2227.007005929947,1933.8149914741516,409.52372550964355,878.8267612457275,777.3309116363525,606.9225006103516,0.0006664539133964586,0.005201477118540044,0.005923689214101513,0.0004995577144214502,0.0011875846689475722,0.0041910113923992135,0.005034362988626517,989.4536550726209,0.003243448144347538,activity_3_lightgbm_poisson
env_weather_wind_speed_10m_max_futcov_lag5,916.9904432296753,191.84018993377686,43.7757887840271,641.2679166793823,209.09952020645142,1987.1379346847534,220.20939016342163,0.009037270197192537,0.0007101845229215975,0.00011421073601647347,0.0048979392956733925,0.0005793848936306301,0.006870162771602395,0.000417075598618033,601.4744548116412,0.003232318287950723,activity_3_lightgbm_poisson
ewm_ewma14_fin_usd_rub_rate_pastcov_lag-14,468.16346979141235,703.7878723144531,715.4937133789062,156.5562915802002,77.07900953292847,819.7720465660095,390.2528500556946,0.005684355268510144,0.002715698473434536,0.0017364991743478164,0.000513251799781922,0.0002553218259527368,0.009421528539356539,0.002239441472223902,475.87217903137207,0.003223728079086799,activity_3_lightgbm_poisson
env_weather_cloud_cover_mean_futcov_lag0,1088.0281887054443,279.49350094795227,336.44240951538086,291.7361617088318,250.6504888534546,527.315661907196,328.7823100090027,0.010491538259118815,0.0009753925930213736,0.000979157136609965,0.0019139380260504656,0.0009454819126277325,0.005204218305535346,0.00187378927118238,443.2069602353232,0.003197645072020868,activity_3_lightgbm_poisson
ewm_expdecay7_fin_usd_rub_rate_pastcov_lag-7,1455.9122133255005,1186.264199256897,505.96815824508667,470.5932807922363,618.6618189811707,754.3261427879333,1106.8147234916687,0.005822769457091592,0.0023818206275823873,0.0010746125511070126,0.0015944589178987112,0.002090364899285979,0.005451151986581549,0.003608096512268744,871.2200766972134,0.00314618213597371,activity_3_lightgbm_poisson
env_weather_cloud_cover_mean_futcov_lag4,1001.3577585220337,720.6227097511292,113.43878030776978,256.990581035614,836.5374271869659,360.46785163879395,319.2577314376831,0.007474115094303113,0.004513339636271674,0.00047183961753820557,0.0009847133594761415,0.0064549482372470825,0.0010754873384172248,0.0005159428752151251,515.524691411427,0.003070055165495509,activity_3_lightgbm_poisson
env_weather_cloud_cover_mean_futcov_lag6,728.7408211231232,151.3444800376892,827.0757746696472,755.940149307251,33.76737022399902,189.94937992095947,1076.4826393127441,0.0025452007571109547,0.0006667136592796608,0.005366043459988923,0.006363620763917432,6.0526730667942454e-05,0.0007098176283862667,0.005718016282084704,537.6143735136304,0.0030614198973479834,activity_3_lightgbm_poisson
ewm_ewma14_act_drone_infra_ua_energy_intent_pastcov_lag-14,2024.750464439392,2186.086042881012,2366.4412112236023,2667.1286759376526,1480.8410153388977,2429.173408508301,2552.8019394874573,0.0027272323902497674,0.0028294700298078456,0.00288364992156902,0.0034849581187443635,0.002013966705841952,0.0034897757155552657,0.0036795908789824415,2243.8889654023305,0.0030155205372500936,activity_3_lightgbm_poisson
ewm_expdecay7_total_ru_area_km2_pastcov_lag-14,1356.2138180732727,975.0649981498718,910.3571901321411,2309.966540336609,3036.85266828537,3406.7929883003235,284.51823472976685,0.0016387466185403764,0.0033522864796067474,0.0007900645670076978,0.003989546907027153,0.0023161974887205617,0.008492904579801185,0.00019597614897137738,1754.252348286765,0.002967960398525014,activity_3_lightgbm_poisson
env_weather_wind_gusts_10m_mean_futcov_lag6,437.2801308631897,205.99172973632812,162.0993103981018,64.11722898483276,51.49102973937988,98.48555946350098,3136.0426909923553,0.001443163859993768,0.0003090460554706631,0.000993767055347372,0.0003715805937652084,0.00024089574061938456,0.0002852536080487633,0.01700163447494114,593.6439543110984,0.0029493344840266144,activity_3_lightgbm_poisson
ewm_expdecay7_acled_other_ua_disrupted_weapons_use_pastcov_lag-7,104.57634973526001,127.1252794265747,598.9231462478638,1678.5466413497925,283.30101776123047,416.0428214073181,222.73726105690002,0.00022328002232236966,0.0003837090998181303,0.0032969023679273236,0.011853965866857963,0.0010280025321486308,0.002638764376006586,0.0008764203668234271,490.1789309978485,0.0029001492331292046,activity_3_lightgbm_poisson
env_weather_wind_gusts_10m_mean_futcov_lag3,91.79848909378052,119.8084397315979,123.23702955245972,3141.331359386444,594.3082408905029,115.53781986236572,231.9547791481018,0.0003789508195542135,0.000342721032598603,0.00019036081490142465,0.017043142240214904,0.0011357206043332234,0.00043143633289814963,0.0007683059980671647,631.1394510950361,0.0028986625489382405,activity_3_lightgbm_poisson
env_weather_wind_gusts_10m_mean_futcov_lag1,107.97802019119263,2654.2204768657684,685.9136781692505,114.71451044082642,202.6150074005127,182.39843130111694,504.5902786254883,0.00034635111033216593,0.012119270867087107,0.0011748735637223452,0.000927591362637692,0.000777665893594226,0.000743629970688664,0.003701387349127594,636.0614861420223,0.0028272528738842563,activity_3_lightgbm_poisson
rolling_rsum7_7_act_total_daily_strike_events_pastcov_lag-7,455.4069004058838,831.6770780086517,25.483699798583984,1053.7890729904175,72.71970987319946,34.596519947052,2905.41063785553,0.0007631240375678194,0.006050239315359307,6.549404047713203e-05,0.002496404398735752,8.878790031561224e-05,0.00012060890050631378,0.010143414730506506,768.4405169827597,0.00281829618906692,activity_3_lightgbm_poisson
ewm_expdecay7_fin_usd_rub_rate_pastcov_lag-14,809.2766680717468,1724.4509477615356,187.49235081672668,628.6442995071411,1667.478464603424,799.1816294193268,514.5679395198822,0.0069728341507677705,0.0021128905261654563,0.0003424294295578001,0.0009617619630360563,0.0046274059106614866,0.0030686266709866183,0.0011755705914789471,904.4417570999691,0.0027516456060934476,activity_3_lightgbm_poisson
ewm_ewma14_acled_other_rus_armed_clash_pastcov_lag-1,1634.0940897464752,846.8750357627869,646.4849691390991,1179.7233834266663,1534.0070810317993,1409.2644968032837,1652.5873856544495,0.0017421214576617272,0.0018279987553985854,0.0007468699643974564,0.0027305156190822856,0.0037813706796972157,0.004349022378137013,0.0037064364520750016,1271.8623487949371,0.0026977621866356126,activity_3_lightgbm_poisson
env_weather_cloud_cover_mean_futcov_lag1,247.39118814468384,964.3850512504578,574.4696290493011,323.6015520095825,408.2666528224945,233.47252988815308,794.0149307250977,0.0007849114018686487,0.005634688765505569,0.0015335217188332307,0.0007141199031555967,0.0020367028197792346,0.000901666412266211,0.007244685053355959,506.51450484139576,0.002692899439252064,activity_3_lightgbm_poisson
ewm_ewma14_acled_other_rus_disrupted_weapons_use_pastcov_lag-1,972.0727372169495,2542.305609226227,4127.918471336365,1347.55357837677,736.065357208252,1207.9076194763184,527.3930394649506,0.0018035683346257602,0.003734921205703956,0.006085470604260013,0.002591882643926269,0.001302399574620705,0.0012967371233024271,0.0007790525678013527,1637.3166303294045,0.0025134331506057833,activity_3_lightgbm_poisson
env_weather_cloud_cover_mean_futcov_lag-2,272.7237706184387,189.7234697341919,288.53883123397827,657.7012286186218,668.5302000045776,47.043699741363525,292.48271131515503,0.0007168016110619124,0.0007746275827311466,0.0010375080206132647,0.008432138417655045,0.004627865671023778,0.00014059985279439856,0.0013568376254467606,345.2491301809038,0.0024409112544751866,activity_3_lightgbm_poisson
env_weather_pressure_msl_min_futcov_lag0,1059.770412683487,998.0648641586304,108.90501034259796,142.963721036911,88.91667938232422,199.85012102127075,135.32033967971802,0.005408327561842219,0.00851634707557456,0.0002652118662127556,0.0003985572454406006,0.0006851816042720893,0.0006729053049101096,0.0004856864809484218,390.5415926149913,0.0023474595913143934,activity_3_lightgbm_poisson
env_weather_cloud_cover_mean_futcov_lag-1,365.2131791114807,425.7619593143463,347.303870677948,300.7727403640747,835.2790994644165,431.9288697242737,109.1383900642395,0.0011653537493387712,0.0008689062874659648,0.0014311973396710532,0.0005617187229447929,0.009331823052245313,0.0027808751788632067,0.00012577786363554555,402.1997298172542,0.0023236645991663784,activity_3_lightgbm_poisson
ewm_ewma14_act_total_damage_events_pastcov_lag-7,258.0105195045471,283.39148139953613,63.446749210357666,1204.5543055534363,314.5900001525879,79.34378099441528,809.3367857933044,0.0017660180775290301,0.0008445255319081025,0.00018975355424097896,0.003582168554493381,0.001367964986227843,0.0019154868477873732,0.006499830862998146,430.38194608688354,0.0023093926307406936,activity_3_lightgbm_poisson
env_weather_pressure_msl_min_futcov_lag5,118.12167048454285,113.63831996917725,902.4994888305664,208.67513990402222,148.01552081108093,1118.079449415207,608.1268682479858,0.00013361647631251471,0.00025298366587269696,0.0029739182881064474,0.000696339790956535,0.0010599523043401948,0.006637204999662583,0.004335730932776505,459.5937796660832,0.0022985352082896394,activity_3_lightgbm_poisson
rolling_rmean28_28_total_ru_area_km2_pastcov_lag-14,2969.9417037963867,489.9864020347595,6943.228467464447,1601.2695608139038,76.8520917892456,977.2082991600037,1309.8695950508118,0.003683727731750586,0.0006746787335246918,0.007440181521051947,0.0010804024269598146,0.00026996831463608204,0.0010955368422709722,0.0017765243629439542,2052.622302872794,0.0022887171333054353,activity_3_lightgbm_poisson
env_weather_pressure_msl_min_futcov_lag2,57.53766965866089,40.75228977203369,1078.18443441391,616.1153116226196,248.39306020736694,195.06472826004028,69.46255016326904,0.00010287429473276877,0.0002185184044196653,0.008104513776616428,0.005891297177184507,0.0009252673402387445,0.0005398807301048025,0.00017913924075960708,329.3585777282715,0.0022802129948652178,activity_3_lightgbm_poisson
env_weather_pressure_msl_min_futcov_lag3,289.0430507659912,81.41029071807861,101.61444091796875,1423.920518875122,642.2157406806946,155.09207010269165,77.54016923904419,0.0011035179219556213,0.00015426039069983412,0.00028957442258581434,0.009346423570844475,0.003921392030124182,0.0004864460307594243,0.00034754986002125674,395.8337544713701,0.002235594889570087,activity_3_lightgbm_poisson
ewm_expdecay7_acled_other_rus_shelling_artillery_missile_attack_pastcov_lag-1,294.0042622089386,675.0386147499084,596.8786425590515,122.75109195709229,161.06315088272095,598.9340915679932,856.2014424800873,0.0012333843198862216,0.0018065837943296303,0.004274427008054094,7.674264796300178e-05,0.0004572156173170194,0.0017592889493775576,0.005932314079945189,472.1244709151132,0.002219993773838959,activity_3_lightgbm_poisson
rolling_rmean28_28_dist_x_clash_pastcov_lag-1,594.3807926177979,398.390362739563,68.4816198348999,158.79511833190918,496.8522877693176,366.1305193901062,168.7977204322815,0.0056991401899830095,0.0036210283546217028,0.00041955030473892483,0.0012959637469312612,0.002016606979403357,0.0013259960509832025,0.0010229519447937595,321.689774445125,0.002200176795922174,activity_3_lightgbm_poisson
env_weather_cloud_cover_mean_futcov_lag2,309.0273697376251,237.3663511276245,684.8930401802063,366.02723121643066,428.35144090652466,561.603931427002,259.3766407966614,0.00188139547473003,0.0009252329880220067,0.00521948442478608,0.0014166637581282115,0.0012411948553802121,0.0031194130445630465,0.001516141660154835,406.66371505601063,0.002188503743680632,activity_3_lightgbm_poisson
env_weather_pressure_msl_min_futcov_lag4,74.62706995010376,301.94774866104126,115.5216703414917,191.54519939422607,1234.7536602020264,737.295741558075,62.60177993774414,0.00016671289168854742,0.0012948334410749717,0.00018828237423327288,0.0010706868729111196,0.0069528265876984685,0.004644326971542934,0.0001631914895001696,388.3275528635298,0.0020686943755213547,activity_3_lightgbm_poisson
ewm_ewma14_acled_other_rus_shelling_artillery_missile_attack_pastcov_lag-1,49.731340408325195,623.7840557098389,1689.6351017951965,286.14712858200073,387.5045418739319,428.784140586853,346.6038603782654,8.796979107950076e-05,0.0031440825134160465,0.005455476290066308,0.0003658449054409818,0.001666988297499694,0.0019719048074235525,0.0013149129622679113,544.5985956192017,0.0020010256524562848,activity_3_lightgbm_poisson
env_weather_pressure_msl_min_futcov_lag6,130.0341992378235,159.12075805664062,97.66400051116943,281.05323028564453,198.51350831985474,526.5335092544556,1301.9470610618591,0.0004313093069505225,0.0006992617744406183,0.00018467187066888434,0.001401207198711152,0.0003747953077943178,0.00214404903212273,0.0086385731752737,384.98089524677823,0.001981981095137418,activity_3_lightgbm_poisson
ewm_ewma14_act_total_damage_events_pastcov_lag-1,66.43330097198486,129.9003415107727,183.93558025360107,416.2025499343872,657.7708115577698,878.0375752449036,185.1213207244873,0.00011088161468215673,0.00012067040234664539,0.0007592141058491153,0.0007063518170030703,0.00631937628101138,0.0055063617053483505,0.00010847704306071737,359.6287828854152,0.0019473332813287766,activity_3_lightgbm_poisson
rolling_rmean28_28_dist_x_clash_pastcov_lag-14,348.8081531524658,187.72224044799805,353.44918060302734,547.1386094093323,324.73813104629517,327.57516956329346,395.2190589904785,0.0018869946777265278,0.0003904218236536083,0.00282905745069284,0.004115876628528592,0.001211630691412724,0.0019358855698952792,0.0011687415133071256,354.95007760184154,0.0019340869078880993,activity_3_lightgbm_poisson
rolling_rmean28_28_dist_x_clash_pastcov_lag-7,92.66417980194092,219.79062747955322,235.28256130218506,61.84180974960327,168.24540853500366,522.4018840789795,515.0806984901428,0.0004914867918313526,0.0013007534078436577,0.0009252456135488529,0.0005012842606541224,0.0018558327468932267,0.004299522160121172,0.00413710077583358,259.3295956339155,0.0019301751081037093,activity_3_lightgbm_poisson
ewm_expdecay7_acled_other_rus_shelling_artillery_missile_attack_pastcov_lag-7,729.0973052978516,295.8358702659607,476.41807079315186,235.98775005340576,2292.4321961402893,500.91920590400696,213.05476093292236,0.00316731666070027,0.0006003112305434044,0.0012292238498141871,0.0010666289837922393,0.005397989904311329,0.0014417259722686593,0.0004903496403174445,677.6778799125126,0.001913363748821076,activity_3_lightgbm_poisson
env_weather_wind_gusts_10m_mean_futcov_lag2,63.26535987854004,55.33021879196167,2456.771374464035,606.363447189331,114.43010091781616,202.7813606262207,102.90185070037842,0.0002446925565882774,5.491558737000801e-05,0.010729026670657959,0.0010497853947963875,0.00040222810516137296,0.0004285173933144204,0.0004006594260544505,514.549101795469,0.001901403590563268,activity_3_lightgbm_poisson
ewm_expdecay7_com_aid_humanitarian_pastcov_lag-1,838.8242583274841,1583.2923612594604,239.6330008506775,203.99309062957764,366.1216821670532,47.134939670562744,54.336129665374756,0.002107303968311669,0.008141820259102728,0.0005754264988326208,0.000671833154403334,0.0011088992048974733,0.00018552643844591544,0.0002344381736929524,476.1907803671701,0.0018607496710980993,activity_3_lightgbm_poisson
ewm_ewma14_acled_other_rus_armed_clash_pastcov_lag-7,1121.5325498580933,458.6366102695465,1127.2799787521362,1323.7653036117554,891.3244905471802,324.6994686126709,384.61780619621277,0.002098793624237927,0.0010413257338110383,0.002372410513914813,0.004194307369054529,0.0011298348590307761,0.0007522300319625641,0.0012672827822289845,804.5508868353708,0.0018365978448915187,activity_3_lightgbm_poisson
env_weather_wind_speed_10m_mean_futcov_lag4,242.207998752594,39.95057010650635,237.4635968208313,205.3887906074524,1818.3467102050781,312.19468784332275,147.77099084854126,0.000665677348126481,0.00014669587762399238,0.0015975338544830687,0.0003469918438580022,0.009146668689405769,0.0003823926399796784,0.0004934310311971446,429.04619216918945,0.0018256273263820195,activity_3_lightgbm_poisson
ewm_ewma14_acled_other_ua_armed_clash_pastcov_lag-1,1186.0663537979126,1181.244565486908,1737.4270114898682,991.4175987243652,3756.463481426239,1149.6575450897217,1716.1622109413147,0.0011779876114621501,0.0013949582081159706,0.0020075592192857704,0.0011277574064868733,0.0032735019723399983,0.0019065696435304647,0.0018864179072235697,1674.0626809937614,0.0018249645669206856,activity_3_lightgbm_poisson
ewm_expdecay7_act_total_damage_events_pastcov_lag-1,547.4411382675171,477.61732149124146,398.66095900535583,156.3857307434082,200.57355070114136,361.28192043304443,257.86033296585083,0.0016357041899483615,0.0043178752669336355,0.0034585025218543787,0.0003686945088228422,0.0005493440284115358,0.0013202473298767447,0.0009461441593519692,342.8315648010799,0.0017995017150284952,activity_3_lightgbm_poisson
env_weather_pressure_msl_min_futcov_lag1,49.87555932998657,1124.6324715614319,588.6015305519104,117.22708034515381,102.2245602607727,102.27426862716675,78.73061037063599,0.00023531389891984222,0.006196472654449092,0.0045508440698226686,0.0003900842760239387,0.00033955126666425085,0.00038200990039287673,0.0003950371587534862,309.0808687210083,0.0017841876035751651,activity_3_lightgbm_poisson
env_weather_wind_direction_10m_dominant_futcov_lag1,210.8167691230774,319.13984966278076,260.6203944683075,292.64487051963806,173.62270832061768,484.5882511138916,1206.715428352356,0.0005899916092573454,0.0015870327287499375,0.0015425893562376557,0.0009043973896939228,0.0012375125329489034,0.003885242314436077,0.0026701838304786117,421.16403879438127,0.0017738499659717792,activity_3_lightgbm_poisson
ewm_expdecay7_act_total_damage_events_pastcov_lag-14,1298.4298479557037,139.02784061431885,354.117431640625,238.73654985427856,532.4031729698181,231.1634578704834,63.27776002883911,0.00444046108761278,0.0005588695725033954,0.0035139120188798943,0.0011184318907748515,0.0011733800180399045,0.0010145855273591131,0.000296735312661589,408.16515156200956,0.0017309107754045036,activity_3_lightgbm_poisson
ewm_ewma14_com_diplo_bluesecondary_ua_pastcov_lag-7,279.096791267395,126.6426510810852,107.99506902694702,219.14512968063354,415.4518871307373,260.48724126815796,939.6364068984985,0.0010331120893378731,0.00075697381275448,0.00029563270768038217,0.0009239262271144355,0.0017099793535491736,0.001185181947079661,0.00603258822837256,335.4935966219221,0.001705342052269795,activity_3_lightgbm_poisson
env_weather_wind_speed_10m_mean_futcov_lag6,495.2787790298462,283.4987711906433,247.40725135803223,102.54301977157593,355.9910445213318,199.78897953033447,1209.6018023490906,0.0020191534434566673,0.0005508454618657233,0.0010361013163566746,0.0004773587698093662,0.002743540994894977,0.000480300539521572,0.004523112386235195,413.44423539297924,0.0016900589874485963,activity_3_lightgbm_poisson
darts_enc_fc_cyc_dayofweek_cos_futcov_lag-1,65.63116121292114,2248.195674419403,963.6331281661987,117.92712020874023,303.3560094833374,1009.6246995925903,506.09319829940796,0.00016495197238934888,0.005649354489256053,0.001572042816144048,0.000293779461828958,0.0006642936594100979,0.002891547578258624,0.000504396095613302,744.9229987689426,0.0016771951532714904,activity_3_lightgbm_poisson
ewm_ewma14_dist_to_nearest_contested_km_pastcov_lag-7,982.635500907898,212.77903079986572,492.2000689506531,823.8651413917542,588.8015892505646,515.9703736305237,1346.6483750343323,0.0011081086509046934,0.00023394415578044115,0.0006125379530126151,0.0017140387437281968,0.0014354996451084068,0.0031678061738638296,0.003176502291487715,708.9857257093702,0.0016354910876979854,activity_3_lightgbm_poisson
ewm_expdecay7_fin_usd_rub_rate_pastcov_lag-1,2509.046625852585,388.17266035079956,1064.518913269043,327.7029175758362,564.1450777053833,370.99526047706604,1013.9359574317932,0.0033615210825396423,0.0008891540993326785,0.0010843318918930312,0.0009929267384364948,0.0013582447344450133,0.001775245861985364,0.0018653121023417762,891.2167732375009,0.0016181052158534288,activity_3_lightgbm_poisson
env_weather_wind_direction_10m_dominant_futcov_lag0,66.97538089752197,399.8969421386719,291.5949807167053,231.7266953587532,557.5271697044373,1200.9130296707153,158.65661907196045,0.00017149805154677012,0.002203864995072369,0.0008183109527496013,0.0013724059493972485,0.004132312404740856,0.0023106672106128377,0.0002081834710373487,415.3272596512522,0.001602463290736719,activity_3_lightgbm_poisson
env_weather_wind_gusts_10m_mean_futcov_lag5,456.4854691028595,42.71846961975098,68.50824069976807,59.61587905883789,55.94441080093384,2571.1227831840515,628.8337931632996,0.0010273859516148232,0.00027520644208509635,0.0004977965898753211,0.00031215805950755013,0.00020676081375443635,0.007983894479203646,0.0008232176315118745,554.7470065185001,0.0015894885667932497,activity_3_lightgbm_poisson
ewm_ewma14_com_diplo_bluesecondary_ua_pastcov_lag-14,555.7122497558594,510.8208246231079,352.7497501373291,142.65556001663208,56.58133840560913,449.50315952301025,454.9189467430115,0.0022619790100496086,0.00270612744963028,0.0010951223535676125,0.0005812998926961299,0.0003639388990889003,0.002419731310164419,0.0015896400100105623,360.420261314937,0.0015739769893153587,activity_3_lightgbm_poisson
env_weather_wind_gusts_10m_mean_futcov_lag4,81.17500925064087,160.9051012992859,70.05510902404785,96.23453092575073,2308.617489337921,589.1991171836853,100.22468972206116,0.000330254064674218,0.0005682378339984418,0.00026582756180946185,0.00013950858458704473,0.007980858318696549,0.0010872668330040192,0.0006059865745127845,486.6301495347704,0.001568277110183217,activity_3_lightgbm_poisson
env_weather_wind_speed_10m_mean_futcov_lag3,12.507949829101562,516.7842473983765,226.5610613822937,1307.7421407699585,356.47841238975525,149.4106297492981,151.0556902885437,7.51832190642121e-05,0.0024848179649225033,0.0005061944864402478,0.006045394781289448,0.0005412291517336909,0.0006511504463228901,0.0005946271261446645,388.6485902581896,0.0015569424537025221,activity_3_lightgbm_poisson
env_weather_wind_gusts_10m_max_futcov_lag0,1361.3002343177795,310.9056816101074,73.66636037826538,458.03782987594604,202.70214939117432,341.06875944137573,159.2519097328186,0.004484600354437851,0.0008880986526995649,0.00018745356696496794,0.001635947855205977,0.0011224681395684444,0.0020761112939155614,0.000416377646845989,415.276132106781,0.0015444367870911936,activity_3_lightgbm_poisson
rolling_rsum7_7_com_diplo_bluesecondary_ua_pastcov_lag-7,24.155579566955566,47.16815948486328,387.6430811882019,406.9096703529358,619.0728416442871,367.0050296783447,264.7209692001343,6.786502868012523e-05,0.00014384180260125224,0.0016239161557894733,0.0013864981842817814,0.003161788468428628,0.0020206286791528915,0.002336458169176869,302.3821901593889,0.0015344280697301457,activity_3_lightgbm_poisson
env_weather_wind_speed_10m_mean_futcov_lag2,252.49444770812988,355.69555616378784,1543.1883759498596,249.48325967788696,206.2845015525818,136.8154697418213,81.29791986942291,0.0013347873973982515,0.00046938479500775455,0.007006151305160202,0.00045930090502461774,0.0005772830495674563,0.0005136152925617754,0.0003198538039315579,403.60850438049863,0.0015257680783788022,activity_3_lightgbm_poisson
env_weather_wind_speed_10m_max_futcov_lag3,140.62892985343933,606.2508912086487,102.05788087844849,1401.3916726112366,77.7999005317688,106.75042986869812,207.630619764328,0.0004435001006737327,0.0025601321834130665,0.00029685620165380565,0.005363528797589989,8.522186325723435e-05,0.00035484368844529435,0.001518183928467165,377.5014749595097,0.0015174666805000414,activity_3_lightgbm_poisson
ewm_ewma14_act_drone_strike_on_rus_in_rus_nofpv_pastcov_lag-1,72.44867897033691,23.207950115203857,6310.244443893433,2117.2116441726685,65.5745096206665,152.98083972930908,42.61553955078125,8.087653726043253e-05,3.684071488234686e-05,0.00691610435940746,0.0022696457693510475,0.00022148901795631114,0.0005835182267966976,0.0004847335976319478,1254.8976580074855,0.0015133154604694637,activity_3_lightgbm_poisson
env_weather_wind_speed_10m_max_futcov_lag4,331.1742215156555,13.725239753723145,438.02756929397583,168.35923862457275,1755.6881194114685,156.06954216957092,138.8989099264145,0.001188620111340666,1.9807308328911866e-05,0.0026930620560365213,0.000533654605718925,0.005322230629395674,0.00036110402686428955,0.00043794918182249454,428.8489772421973,0.0015080611313582118,activity_3_lightgbm_poisson
rolling_rmean28_28_total_ru_area_km2_pastcov_lag-1,2637.4893889427185,1663.3023357391357,104.99133014678955,1943.0472116470337,852.0923547744751,420.89924907684326,2351.3325045108795,0.0025051022021481684,0.0009527983105522608,0.00015552789254602573,0.001991576476048329,0.0019252367423955973,0.0002444827054297827,0.0024915750687678705,1424.7363392625537,0.0014666141996982907,activity_3_lightgbm_poisson
env_weather_wind_direction_10m_dominant_futcov_lag-1,404.6180377006531,389.60400998592377,312.1794891357422,362.3953900337219,1106.8783292770386,177.5810308456421,133.13375854492188,0.0019454230277922812,0.0011705775913243067,0.0011170699220968139,0.0017941864597637025,0.003307375785054667,0.0005492110012769169,0.0003193319928860294,412.3414350748062,0.0014575965400278168,activity_3_lightgbm_poisson
env_weather_wind_speed_10m_max_futcov_lag2,584.4263792037964,263.27486991882324,1414.7724936008453,90.94043064117432,90.18812942504883,230.86251020431519,123.6678295135498,0.0031724598460386665,0.0012735531241505394,0.0034250789020818127,0.00026153195276601426,0.0001846018012447992,0.0013226036491650328,0.0005185049760342731,399.73323464393616,0.0014511906073544484,activity_3_lightgbm_poisson
ewm_expdecay7_com_aid_humanitarian_pastcov_lag-7,60.32206058502197,648.3661246299744,202.74086165428162,487.5956711769104,77.1604208946228,177.3340711593628,147.13414001464844,0.0001419729725832042,0.003202262475184181,0.0009008511159881216,0.004127779475804472,0.0002604982685975754,0.0003867159959006772,0.0007437276015991534,257.23619287354603,0.0013948297008081981,activity_3_lightgbm_poisson
env_weather_wind_gusts_10m_max_futcov_lag2,225.86880731582642,295.9892797470093,1275.1276712417603,180.86892890930176,59.287089824676514,206.4178490638733,230.1434572339058,0.001501044839138821,0.0018392463605540366,0.003504841713320439,0.0004399878522612699,0.00014130743362514853,0.0013206902991053538,0.0010015439566284589,353.38615476233616,0.0013926660649476467,activity_3_lightgbm_poisson
env_weather_pressure_msl_max_futcov_lag6,649.7184672355652,397.62064933776855,69.21442031860352,162.65476989746094,296.2514705657959,406.41446447372437,452.3483510017395,0.002071408250785134,0.002699336361249971,0.00021966600030434157,0.0007004417768475158,0.001646434993027679,0.0010634967450377619,0.0012900245398272058,347.746084690094,0.0013844012381542298,activity_3_lightgbm_poisson
env_weather_wind_speed_10m_mean_futcov_lag5,375.400511264801,138.80999994277954,67.22471976280212,275.92968130111694,84.99643993377686,1706.2442455291748,161.2599811553955,0.0007156748681352409,0.000426536646662079,0.00027683161697826807,0.0017101615680124693,0.00010894425193874735,0.006339568357068437,9.576004750073696e-05,401.40936841283525,0.0013819253366137113,activity_3_lightgbm_poisson
env_weather_wind_gusts_10m_max_futcov_lag5,168.76742887496948,604.2518911361694,95.73504161834717,254.2251114845276,154.58617973327637,985.7528185844421,231.11219882965088,0.0007046409734465132,0.004158147660915534,0.0002683831684761051,0.0003338705034460432,0.00041626452790721746,0.003240105161587281,0.0005027854314215485,356.34723860876903,0.001374885346742892,activity_3_lightgbm_poisson
darts_enc_fc_cyc_dayofweek_cos_futcov_lag-2,652.2288045883179,323.4877471923828,39.686710834503174,263.7812886238098,1823.3233294487,572.587459564209,19.023070335388184,0.0022227213166075453,0.0012187546445042718,0.0001317500113910075,0.0006924492616955158,0.004659343898675594,0.0006102779871473895,7.614709828063226e-05,527.7312015124729,0.0013730634597574221,activity_3_lightgbm_poisson
env_weather_wind_speed_10m_max_futcov_lag1,393.0158004760742,1811.1504271030426,35.47300910949707,48.93615961074829,93.69864046573639,213.98372983932495,359.7973065376282,0.002158916003505329,0.004739932310349149,0.00014843052369191146,0.0001419635749976722,0.0004757704035280419,0.0008752705637003144,0.0010451362248347306,422.29358187743594,0.0013693456578010212,activity_3_lightgbm_poisson
ewm_expdecay7_acled_other_rus_shelling_artillery_missile_attack_pastcov_lag-14,216.82975006103516,328.8256553411484,274.2782025337219,127.17148876190186,331.7858805656433,560.1463813781738,889.989518404007,0.00037770232330180953,0.0009305056853912586,0.000760946532511686,0.0005368918853283722,0.0010240430619758768,0.0018459924315735732,0.004049725210375943,389.8609824350902,0.0013608295900655028,activity_3_lightgbm_poisson
env_weather_wind_speed_10m_max_futcov_lag0,1326.0122547149658,40.991610050201416,87.33586025238037,700.5419692993164,141.1040391921997,220.11856937408447,153.22153043746948,0.0044499538527109864,0.00013838376792800754,0.0001631748973202507,0.0028127173749327382,0.0006271435442853468,0.0008731338503527475,0.0004166942893466974,381.3322619029454,0.0013544573681252537,activity_3_lightgbm_poisson
ewm_ewma14_acled_other_ua_disrupted_weapons_use_pastcov_lag-14,213.2943410873413,739.0713195800781,257.83391857147217,187.61263847351074,135.8380308151245,157.44178199768066,713.7361218929291,0.0006509951752205368,0.00341619195981131,0.0009656328829641403,0.0010034117530025588,0.0007698341226799466,0.0002084176002215221,0.0023136298488014794,343.54687891687666,0.0013325876203859278,activity_3_lightgbm_poisson
env_weather_wind_speed_10m_mean_futcov_lag1,183.32216787338257,1462.694278717041,91.48074078559875,134.63570261001587,356.7443194389343,117.10634958744049,308.13197088241577,0.0006160591866770648,0.004028873066423766,0.00020720099360140853,0.0005600612705110919,0.0018692975012619684,0.0005566407383608585,0.0014474386980309006,379.15936141354695,0.0013265102078381513,activity_3_lightgbm_poisson
env_weather_wind_gusts_10m_max_futcov_lag-2,145.5520510673523,476.02878999710083,360.1276116371155,426.3009810447693,69.639319896698,222.756938457489,226.48290014266968,0.000607415617078999,0.0032067514272179796,0.0018727733457653216,0.0017216338857502177,0.00025325098305957195,0.0010929896808862028,0.00044744577783280005,275.26979889188493,0.0013146086739415847,activity_3_lightgbm_poisson
env_weather_wind_direction_10m_dominant_futcov_lag-2,174.83930200338364,188.31881165504456,605.1134715080261,682.5464758872986,157.64840841293335,13.949440002441406,219.50758981704712,0.0007601295479245706,0.001109064169148466,0.0031225713232177375,0.0027509781573214374,0.0004770295767775767,4.738017361181068e-05,0.0009223877976720196,291.7033570408821,0.0013127915350962312,activity_3_lightgbm_poisson
darts_enc_fc_cyc_dayofweek_sin_futcov_lag0,167.5024094581604,854.3251709938049,148.6223611831665,151.41951036453247,1521.1842150688171,186.49476957321167,47.92404890060425,0.0006030089521473992,0.002367920585799865,0.0001271409556254266,0.000691629572320851,0.00468549845638504,0.0005153721590419158,5.142746864883474e-05,439.6389265060425,0.0012917140214241901,activity_3_lightgbm_poisson
ewm_ewma14_acled_other_rus_disrupted_weapons_use_pastcov_lag-7,576.8659663200378,597.2080616950989,376.3135414123535,3311.141909122467,590.5327672958374,1019.6080961227417,934.9767894744873,0.0010488030796913738,0.001092042438781382,0.0010624384397946995,0.0024494293774557363,0.0006134211641574128,0.0017738764660607976,0.0009530713844925432,1058.0924473490034,0.0012847260500619922,activity_3_lightgbm_poisson
ewm_expdecay7_acled_other_ua_disrupted_weapons_use_pastcov_lag-14,616.863920211792,123.62870121002197,354.2642800807953,121.81513118743896,205.06078958511353,487.362108707428,824.3764662742615,0.003585829880271052,0.0002328527781301215,0.0008455573600685939,0.0003548657537407518,0.0004903155062105258,0.0006144119169755769,0.002613043886128108,390.48162817955017,0.0012481252973606755,activity_3_lightgbm_poisson
ewm_ewma14_acled_other_rus_armed_clash_pastcov_lag-14,1100.0430221557617,657.3032026290894,888.4689753055573,491.27700662612915,586.4638736248016,708.6371273994446,489.8538808822632,0.0016098738657082333,0.0012325014526330946,0.0015784965935125238,0.0006694784672488074,0.000881263558345835,0.0016245156239353964,0.0010184726651676578,703.1495840890067,0.0012306574609359355,activity_3_lightgbm_poisson
env_weather_wind_speed_10m_mean_futcov_lag-2,229.3328995704651,215.92170906066895,186.74707984924316,154.25346183776855,22.53974986076355,718.5286691188812,115.35774946212769,0.0016169480869410835,0.0006963880210397288,0.0013192088004585934,0.0007303363672906515,5.818263731052209e-05,0.003952235612020049,0.00023755212444425132,234.66875982284546,0.001230121664214983,activity_3_lightgbm_poisson
env_weather_wind_speed_10m_mean_futcov_lag0,1502.0294404029846,46.84877014160156,182.61615133285522,216.65453815460205,43.2429404258728,51.46872901916504,75.49001121520996,0.006205073908071923,0.00012134834668398042,0.0008910799069865583,0.0006817193735203286,0.00017263051908706918,0.00023148768598457714,0.0002674228240233001,302.6215115274702,0.0012243946520511053,activity_3_lightgbm_poisson
env_weather_wind_gusts_10m_max_futcov_lag4,392.78234028816223,96.14985990524292,92.40511989593506,182.74823093414307,1237.9779033660889,255.9213089942932,101.95549011230469,0.0021348620859740876,0.000265815493601651,0.00027216306369257646,0.0006890977470802139,0.004481474781930417,0.0003819502484029735,0.00027091757136756824,337.1343219280243,0.0012137544274356412,activity_3_lightgbm_poisson
darts_enc_fc_cyc_dayofweek_sin_futcov_lag-2,101.81532001495361,188.10447025299072,1018.6448588371277,463.7425203323364,127.87983131408691,69.51158928871155,1364.8792448043823,8.083348972540705e-05,0.0005040542344441512,0.001930050022179497,0.001243793328980325,0.0002495811750037102,0.00014995753973274796,0.004184305562059287,476.36826212065563,0.001191796478875018,activity_3_lightgbm_poisson
env_weather_wind_gusts_10m_max_futcov_lag-1,132.35556983947754,151.23151016235352,444.6341427564621,262.84944200515747,396.92453145980835,108.56993961334229,305.4166603088379,0.00043550984036961894,0.0004725294200943253,0.002067658029781372,0.0016103646812034357,0.0015446613962336153,0.0004224659895505134,0.0016648979613909543,257.4259708779199,0.0011740124740891192,activity_3_lightgbm_poisson
ewm_ewma14_dist_to_nearest_contested_km_pastcov_lag-14,1098.3982110023499,823.3835196495056,458.2295961380005,1270.596893787384,1192.2852005958557,774.462887763977,971.7601861953735,0.002087616223703659,0.001162530114479532,0.00036076468253931626,0.0014227703379266154,0.0016146728206616779,0.0006452635428282783,0.0008876426208856758,941.3023564474923,0.0011687514775749648,activity_3_lightgbm_poisson
env_weather_wind_direction_10m_dominant_futcov_lag2,213.64149022102356,375.9083194732666,141.0633602142334,448.99033069610596,236.87737774848938,142.86890125274658,359.69367027282715,0.0008688288864620253,0.0007211307365458496,0.0004940594233267647,0.0016069402537862265,0.0007819253272410176,0.0009370198467012925,0.00269865989175444,274.1490642683847,0.0011583663379739451,activity_3_lightgbm_poisson
ewm_ewma14_dist_to_nearest_contested_km_pastcov_lag-1,1648.7119822502136,680.4993133544922,49.020570278167725,429.567409992218,20.78439998626709,208.57090044021606,270.02604961395264,0.005039239788662187,0.0011075463278635844,7.26670294379117e-05,0.0009142046023494554,3.6824291832160405e-05,0.0005164317890054004,0.0003720071158743288,472.45437513078963,0.001151274420717861,activity_3_lightgbm_poisson
darts_enc_fc_cyc_dayofweek_sin_futcov_lag-1,66.68656015396118,124.94879007339478,258.3080816268921,1877.4134950637817,113.86130857467651,195.4640703201294,32.86460018157959,0.00012702492437344226,0.0005576557720061492,0.001016806235576917,0.005618201749212015,0.0002612136060910819,0.0002544594427493996,0.0002217154195880644,381.3638437134879,0.00115101102137101,activity_3_lightgbm_poisson
env_weather_wind_speed_10m_mean_futcov_lag-1,156.55014896392822,119.74535083770752,259.1743187904358,241.5150203704834,286.64259123802185,142.73608016967773,633.226288318634,0.00029217051597068,0.0005033354547487213,0.001026024194316033,0.0008714110805764008,0.0009597393354050965,0.0007448333255794636,0.0035383450215919154,262.7985426698412,0.0011336941325983303,activity_3_lightgbm_poisson
ewm_ewma14_acled_other_ua_armed_clash_pastcov_lag-7,588.808688044548,1093.5376963615417,1136.474483013153,394.8047194480896,742.330235004425,555.4038767814636,756.8072748184204,0.000902146348589783,0.0014058443312781055,0.0018259218788987176,0.0006094821853116494,0.0013698675738434529,0.0010044729888988523,0.0008023539588130069,752.5952819245202,0.0011314413236619381,activity_3_lightgbm_poisson
env_weather_wind_gusts_10m_max_futcov_lag1,187.0374698638916,843.8378477096558,368.9889702796936,35.007569789886475,300.59319734573364,127.14037990570068,354.30831003189087,0.0011706358321746935,0.002114161770749412,0.0007116219693423132,0.0002974172610652914,0.0014804280429656202,0.000534853744049646,0.0015423260205445154,316.7019635609218,0.0011216349486987845,activity_3_lightgbm_poisson
rolling_rsum14_14_dist_to_nearest_ru_km_pastcov_lag-1,1097.247088432312,754.0155096054077,138.69466400146484,56.57204008102417,122.43160057067871,94.89644145965576,143.16986083984375,0.004389546341568562,0.0019427320824002559,0.00010549716993910608,0.0001548315011829393,0.0001281974954370435,0.00021716333155625823,0.0006692533266404288,343.861029284341,0.001086745892674942,activity_3_lightgbm_poisson
env_weather_wind_gusts_10m_max_futcov_lag6,196.33383989334106,108.40207004547119,501.7441282272339,38.338069915771484,146.84337043762207,13.920070171356201,1059.0725321769714,0.0008201808938063327,0.0003775695187967276,0.003517921238570576,8.904898689301443e-05,0.00027061582918583846,1.02500610165146e-05,0.0025101774017126655,294.9505829811096,0.0010851091328545242,activity_3_lightgbm_poisson
env_weather_wind_gusts_10m_mean_futcov_lag-1,491.1292176246643,192.30592918395996,238.8425488471985,96.51190042495728,476.38443756103516,206.55326986312866,424.40150928497314,0.0010170332589076515,0.0008228729092703447,0.0008805958949411608,0.0004998522648414383,0.0020559110558799887,0.0005463103437145289,0.0017451180885731167,303.73268754141674,0.001081099116589747,activity_3_lightgbm_poisson
env_weather_wind_gusts_10m_mean_futcov_lag-2,157.38488852977753,386.22974157333374,84.98840951919556,209.5550012588501,137.9363498687744,834.2114124298096,114.7115707397461,0.0008421363911737867,0.0011924605176276471,0.0004635290786176416,0.0012082605978127382,0.0003352316078458095,0.0030223991818306927,0.0004979239651001999,275.0024819884981,0.001080277334286931,activity_3_lightgbm_poisson
rolling_rsum14_14_dist_to_nearest_ru_km_pastcov_lag-14,1592.8610820770264,1360.2000441551208,1080.7619829177856,1460.7336058616638,990.9377837181091,1409.2942852973938,1530.838029384613,0.0006687101267809359,0.0009580864034443914,0.0005282079115490834,0.0010106055954832937,0.0004893693615682481,0.002382442118311978,0.0013412321742352518,1346.5181162016731,0.0010540933844818833,activity_3_lightgbm_poisson
ewm_expdecay7_dist_to_nearest_contested_km_pastcov_lag-14,348.92966890335083,452.54366397857666,197.53223133087158,419.70460414886475,485.9108943939209,327.2316656112671,139.7710108757019,0.0008821857130924648,0.0024129535737074993,0.0002992820575528521,0.0008128921839811954,0.001996660972299713,0.0007066229985010386,0.00023022648312949202,338.8033913203648,0.001048689140323465,activity_3_lightgbm_poisson
env_weather_pressure_msl_min_futcov_lag-1,533.5814986228943,218.24609756469727,169.20474123954773,142.40739965438843,302.0849618911743,8.949860334396362,24.910999298095703,0.004850210744944783,0.0006575962391487611,0.00035160502906561586,0.0005000840787198868,0.0008604657520678183,2.121865030990655e-05,5.9082815608224595e-05,199.91222265788488,0.0010428947585521423,activity_3_lightgbm_poisson
env_weather_wind_gusts_10m_max_futcov_lag3,110.12524843215942,56.65697145462036,139.47165060043335,1149.567708492279,524.281587600708,47.19059991836548,242.53695011138916,0.0002474754062936624,0.00013584453283679298,0.0009099962469145018,0.003373336091213641,0.0010287766106031881,0.00029582378200334605,0.001219577346568479,324.2615309442793,0.0010301185737762303,activity_3_lightgbm_poisson
env_weather_pressure_msl_max_futcov_lag0,129.8803791999817,297.0756125450134,91.30069923400879,324.02894020080566,19.123300552368164,197.69433069229126,285.715868473053,0.0003730195929557478,0.0025950964393715915,0.00015908808017479626,0.0019439942535222742,2.4588854227047817e-05,0.000576644937104076,0.001502113851660991,192.117018699646,0.001024935144145218,activity_3_lightgbm_poisson
ewm_ewma14_acled_other_ua_disrupted_weapons_use_pastcov_lag-1,448.47651958465576,282.1566324234009,534.501088142395,258.7122416496277,356.38869285583496,52.30809020996094,112.3826093673706,0.0018261898941668076,0.001116437544956317,0.0023277992511331557,0.000678750100648684,0.0004528022590792657,0.0001880332064299939,0.0005441432496457122,292.13226774760653,0.0010191650722942767,activity_3_lightgbm_poisson
rolling_rmean28_28_dist_to_nearest_contested_km_pastcov_lag-7,646.6823840141296,962.92209815979,603.4505090713501,153.56565761566162,422.10033082962036,143.76257801055908,538.5694799423218,0.0011896015828250616,0.0020715178222732167,0.0010451088175898794,0.0002769444814734623,0.0008137954087191534,0.0001680512800031675,0.0014994296857357536,495.8647196633475,0.001009207011231385,activity_3_lightgbm_poisson
env_weather_pressure_msl_max_futcov_lag-1,355.7494101524353,39.99772930145264,248.8242609500885,99.29491090774536,328.5320191383362,153.76156902313232,112.43468952178955,0.0031001581522980713,9.101908223041466e-05,0.0016548321414119771,0.0001279806198073219,0.0006666248286838928,0.0006801822212255005,0.0006792241812648258,191.22779842785425,0.001000003032417429,activity_3_lightgbm_poisson
env_weather_pressure_msl_max_futcov_lag3,211.67578840255737,199.2321901321411,241.5087890625,376.5710413455963,318.1657519340515,139.41046857833862,133.3630394935608,0.0009085304718241983,0.0008926629243837913,0.0012946048811188992,0.0013110022250035103,0.0014066025372087454,0.0003785862949328811,0.0007447866521226532,231.41815270696367,0.0009909679980849542,activity_3_lightgbm_poisson
env_weather_wind_speed_10m_max_futcov_lag-1,84.18075847625732,129.14990854263306,309.3513398170471,135.5957293510437,867.9821355342865,62.317310094833374,119.45282030105591,0.00047763252258390396,0.0007643119915169861,0.0008198103543013202,0.00033167732048917654,0.0036089042103191415,0.0002479647529253004,0.0006703600680985078,244.0042860167367,0.000988665888604905,activity_3_lightgbm_poisson
rolling_rsum7_7_com_diplo_bluesecondary_ua_pastcov_lag-14,250.4881992340088,497.68387269973755,254.42079043388367,87.36929965019226,82.75700044631958,175.4930181503296,177.8093614578247,0.001181820428585456,0.0023061529211118037,0.0007994064139744683,0.00034805015844767694,0.0005815131773278415,0.0008817070733091459,0.0006510029903645353,218.00307743889945,0.0009642361661601326,activity_3_lightgbm_poisson
rolling_rsum14_14_dist_to_nearest_contested_km_pastcov_lag-14,385.617751121521,466.77345037460327,274.95015144348145,208.262610912323,194.84725046157837,633.2362859249115,529.9568409919739,0.0005329219570845645,0.0004034318225806466,0.00039933413877797365,0.0005335676047955263,0.0004948750602845831,0.0017503971487715432,0.002588236808968536,384.80633446148465,0.0009575377916090533,activity_3_lightgbm_poisson
env_weather_wind_speed_10m_max_futcov_lag-2,230.46249866485596,309.1118812561035,109.19887113571167,334.81069231033325,116.10589027404785,209.94876956939697,196.68579053878784,0.00047442215435231636,0.0012021073592471288,0.0006958790173636986,0.001736952076418774,0.0004657992017019774,0.0009698924299752498,0.0010788194096985394,215.18919910703386,0.0009462673783939549,activity_3_lightgbm_poisson
ewm_expdecay7_com_aid_humanitarian_pastcov_lag-14,400.9310088157654,205.67659950256348,316.7730300426483,952.0641129016876,153.3566393852234,88.51066970825195,198.552020072937,0.0020465663572463598,0.0010866003346029051,0.0005242981477164843,0.0016968676513499758,0.00037809376521882323,0.000219357309345658,0.0005709317264818603,330.83772577558244,0.0009318164702802953,activity_3_lightgbm_poisson
env_weather_wind_direction_10m_dominant_futcov_lag3,63.16915988922119,343.5844612121582,381.13953971862793,441.16673588752747,245.20314168930054,322.52211904525757,117.79701948165894,0.00027213008584363595,0.0009739675766496259,0.0005740633001714013,0.0015876351573830716,0.0013402820736280851,0.0008343625450168534,0.0008494711916912978,273.511739560536,0.0009188445614834245,activity_3_lightgbm_poisson
ewm_ewma14_act_drone_infra_ua_health_intent_pastcov_lag-7,316.48596239089966,145.0376491546631,460.00763511657715,948.9866852760315,194.71060609817505,247.00574016571045,331.11907958984375,0.0003923399616524659,0.00030017583044230636,0.0007093550382350156,0.00363946935091104,0.0005524702232001966,0.000475701002672535,0.00026703468964928145,377.62190825598583,0.0009052208709661202,activity_3_lightgbm_poisson
ewm_ewma14_dist_to_nearest_ru_km_pastcov_lag-7,1091.7633180618286,346.8131470680237,111.78956079483032,407.1922278404236,387.1455612182617,770.8748412132263,1061.1863751411438,0.003144607172220737,0.001489928430872567,5.652555145954086e-05,0.00024935633985454506,0.00026074857194924306,0.00035522738554705224,0.0007484648646841174,596.680718762534,0.000900694045226829,activity_3_lightgbm_poisson
env_weather_pressure_msl_max_futcov_lag-2,75.76802921295166,114.61960935592651,146.55418825149536,277.6568293571472,200.92123937606812,406.14232110977173,446.3570818901062,0.00016105593726323253,0.000488901856408841,0.00041545909346458744,0.0011640464719106624,0.0010683222751967536,0.0017573900762077655,0.0012012284809928887,238.28847122192383,0.0008937720273492471,activity_3_lightgbm_poisson
rolling_rmean28_28_dist_to_nearest_contested_km_pastcov_lag-1,328.98678970336914,345.25631761550903,85.8629207611084,435.3401098251343,475.05394172668457,569.2122592926025,717.3954768180847,0.0006992403977512218,0.0007432951617168948,0.00038350689582624666,0.0014822797347147532,0.0004971564897061187,0.0010862032036802027,0.0012081605057841615,422.44397367749895,0.0008714060555970858,activity_3_lightgbm_poisson
env_weather_pressure_msl_max_futcov_lag1,237.44653010368347,229.59416007995605,139.58593082427979,70.6132001876831,241.4269700050354,30.049739837646484,88.43489027023315,0.001000872027463684,0.0015533614629926972,0.0009723365842611686,9.722552809350304e-05,0.001778830825638611,0.00012175718281584035,0.0004065283264630626,148.16448875835962,0.0008472731339612239,activity_3_lightgbm_poisson
ewm_ewma14_dist_to_nearest_ru_km_pastcov_lag-1,637.8048701286316,531.6680855751038,1020.7503371238708,298.1805477142334,165.67306280136108,110.43099164962769,739.5118999481201,0.0010506526842700037,0.0013294524062512857,0.0010070492447782353,0.0003879404006932319,0.0001470659126489915,0.0005481333919039822,0.001381004965753152,500.5742564201355,0.0008358998580426975,activity_3_lightgbm_poisson
ewm_ewma14_acled_other_rus_shelling_artillery_missile_attack_pastcov_lag-7,647.2153224945068,118.59356117248535,252.98554182052612,130.86928367614746,90.33982944488525,137.86348867416382,12.505000114440918,0.0021040300640285505,0.00033563809032732816,0.0017166465090196815,0.0008392243639724573,0.00038924070304371396,0.0004199379747043874,4.021245001701867e-05,198.6245753424508,0.0008349900221590198,activity_3_lightgbm_poisson
env_weather_pressure_msl_min_futcov_lag-2,242.90760946273804,316.03708124160767,271.32563042640686,366.5909399986267,61.38947057723999,140.13253092765808,184.25307035446167,0.0008140927417865206,0.0010966392880844777,0.0010937045871090012,0.0012929614654606514,0.0001012487125618966,0.0009238407992880893,0.000521983895807776,226.090904712677,0.0008349244985854876,activity_3_lightgbm_poisson
ewm_ewma14_act_drone_infra_ua_health_intent_pastcov_lag-1,467.9437699317932,858.3411469459534,1251.7122893333435,996.111777305603,997.8771471977234,758.0675168037415,597.5435194969177,0.00020310677039512282,0.0010264176580310868,0.0006885518174324145,0.0005139701451579937,0.0010643279661443962,0.0012832837692000388,0.0010612700987193912,846.799595287868,0.0008344183178686349,activity_3_lightgbm_poisson
env_weather_pressure_msl_max_futcov_lag4,146.9554100036621,216.16746711730957,253.52922916412354,266.4002413749695,218.32834911346436,111.601891040802,31.27785015106201,0.00043916837535227236,0.0007851655089476494,0.0011812822282751157,0.001373784992115179,0.0011618819285235337,0.00021775068633473894,7.350315998968515e-05,177.7514911379133,0.0007475052685054535,activity_3_lightgbm_poisson
ewm_ewma14_dist_to_nearest_ru_km_pastcov_lag-14,1349.1270093917847,914.4841456413269,1583.350826740265,1577.849066734314,1078.5524415969849,1123.3193430900574,1008.9258871078491,0.0009318275606021942,0.00041023679132630165,0.0006706427533774706,0.0007829115339333282,0.000942332231800913,0.0008943658302071666,0.000520660279591989,1233.6583886146545,0.0007361395686913376,activity_3_lightgbm_poisson
env_weather_pressure_msl_max_futcov_lag5,136.221670627594,134.23266887664795,336.5548400878906,63.677950382232666,363.9337811470032,218.34622955322266,147.37978076934814,0.00017839481844432735,0.0006390089171165236,0.0010212424610130054,0.0004402968285416753,0.0015382032169674932,0.0006520548370805956,0.0003478505690555966,200.04956020627702,0.000688150235459888,activity_3_lightgbm_poisson
env_weather_wind_direction_10m_dominant_futcov_lag6,98.94581985473633,176.70459127426147,251.6620192527771,43.0899395942688,226.2916498184204,332.75002908706665,137.44007015228271,0.0004386598885433024,0.0010875353273168686,0.001044797450047774,0.00015893033192988516,0.000580305840317985,0.0010580631710179977,0.0004325355659026142,180.98344557625907,0.000685832510725204,activity_3_lightgbm_poisson
env_weather_wind_direction_10m_dominant_futcov_lag5,281.6952304840088,216.69299983978271,38.585569858551025,300.51347160339355,323.75738739967346,152.2940592765808,109.74645948410034,0.0006813143126557896,0.0013235874874267361,0.00012009467004714391,0.0006007277436647751,0.001276102077761343,0.00029908199428010376,0.00035410903359642807,203.32645399229867,0.000665002474204617,activity_3_lightgbm_poisson
darts_enc_fc_cyc_day_cos_futcov_lag3,125.50321197509766,256.121789932251,118.05565071105957,44.965330600738525,42.12068033218384,245.862051486969,21.884009838104248,0.0006873995076899675,0.001968149230011318,0.00039915080716481646,0.00011895011838443103,0.00013130813132391505,0.0010668480058086739,0.00012770516902687045,122.07324641091483,0.0006427872813442846,activity_3_lightgbm_poisson
env_weather_pressure_msl_max_futcov_lag2,110.45207977294922,213.92369937896729,555.0465288162231,76.66524004936218,49.51887893676758,107.44035005569458,123.33925068378448,0.0004027313247340292,0.0006592696520962615,0.00239379590868487,0.0003937921897280594,9.408539192869991e-05,0.0002311099235532854,0.0002225286661185377,176.62657538482122,0.0006281875795491062,activity_3_lightgbm_poisson
darts_enc_fc_cyc_day_sin_futcov_lag1,273.921320438385,174.05663967132568,93.19754028320312,40.960100173950195,39.01953935623169,0.0,114.857137799263,0.0028299919917317063,0.0004712416501715611,0.00021692158343291634,0.00028272323113840423,0.00016690340083287404,0.0,0.00015559449449398244,105.1446111031941,0.0005890537645430635,activity_3_lightgbm_poisson
darts_enc_fc_cyc_day_sin_futcov_lag4,18.860479831695557,36.30518913269043,35.40545988082886,486.0021185874939,328.8173899650574,45.91583967208862,18.959919929504395,1.4760881656483705e-05,6.030431333230446e-05,8.564162085800131e-05,0.002600796427099139,0.0011804046853153283,4.025521119455089e-05,6.962063079740677e-05,138.60948528562272,0.0005788262528933164,activity_3_lightgbm_poisson
rolling_rsum7_7_acled_other_rus_shelling_artillery_missile_attack_pastcov_lag-7,377.9110198020935,208.05169677734375,113.7192702293396,113.38625955581665,197.2931089401245,78.80024909973145,20.366990089416504,0.0012432437900389282,0.00044778612820710605,0.00015203985564431476,0.0003419841945064395,0.0007598645155823646,0.0007677765645582423,7.509849044624594e-05,158.50408492769515,0.0005411133627119489,activity_3_lightgbm_poisson
ewm_ewma14_acled_other_rus_disrupted_weapons_use_pastcov_lag-14,850.3244910240173,325.0390992164612,215.15192937850952,52.8098201751709,368.2643313407898,1398.8870911598206,203.93252182006836,0.0008645494349296623,0.0005434954222458988,0.00024638786518969,0.0002060894726324092,0.0005040079883908089,0.0010996837128773196,0.00019194869095569002,487.77275487354825,0.0005223089410316398,activity_3_lightgbm_poisson
ewm_ewma14_act_drone_infra_ua_health_intent_pastcov_lag-14,210.11134243011475,439.1860599517822,436.1172208786011,553.0434195995331,1252.1784880161285,738.2537393569946,736.336827993393,0.0003146433556780792,8.676428128340241e-05,0.00026768602101949756,0.0005281554473288263,0.0010121045261461514,0.0007003724466881023,0.0006506245179414228,623.603871175221,0.0005086215137264973,activity_3_lightgbm_poisson
darts_enc_fc_cyc_day_cos_futcov_lag4,25.509939670562744,48.06042003631592,211.2793197631836,96.35953950881958,25.594339847564697,81.06478023529053,22.076600074768066,3.551660938272416e-05,0.0004304720777680737,0.0022030571253882857,0.0002485325883279099,7.984940725871414e-05,0.0002897253943959344,4.006707109374119e-05,72.84927701950073,0.00047531718194505473,activity_3_lightgbm_poisson
rolling_rmean28_28_acled_other_rus_shelling_artillery_missile_attack_pastcov_lag-7,457.1327658891678,1356.479721069336,16.802000045776367,118.09028005599976,191.9925832748413,75.1393494606018,48.64416027069092,0.0005621639568330394,0.00170873557657909,4.5677065309890356e-06,0.00041078572848340933,0.0003524978011397284,0.00019074952335065287,8.958509395091685e-05,323.468694295202,0.0004741550552668323,activity_3_lightgbm_poisson
darts_enc_fc_cyc_day_sin_futcov_lag6,6.387829780578613,20.998539924621582,10.846400260925293,9.408470153808594,24.941200256347656,313.7671504020691,225.9282989501953,2.1631322470350156e-05,7.478964731910676e-05,2.3243623652180467e-05,3.338238112107206e-05,6.363883688678129e-05,0.002250404701276909,0.0007632277264264964,87.46826996122088,0.0004614740341646995,activity_3_lightgbm_poisson
env_weather_wind_direction_10m_dominant_futcov_lag4,65.60204982757568,87.1240587234497,196.44277048110962,156.24923133850098,184.8882703781128,154.72814893722534,97.35265636444092,0.00015824739285892343,0.0002454327923912647,0.0006875211354731459,0.0004664727742583308,0.0003991965516139784,0.0009548693448768964,0.00030319990318827816,134.626740864345,0.00045927712780868823,activity_3_lightgbm_poisson
darts_enc_fc_cyc_day_sin_futcov_lag2,92.34062004089355,314.4535393714905,194.7914900779724,49.95025014877319,33.50472021102905,19.996439933776855,2.4389400482177734,0.00022997272254674517,0.0013290309385277643,0.000880277857104006,0.0003332402750330976,0.00014304008994792117,4.1226255780779655e-05,2.177653372315014e-06,101.06799997602191,0.0004227093989018041,activity_3_lightgbm_poisson
darts_enc_fc_cyc_day_cos_futcov_lag2,36.877699851989746,151.08549165725708,9.331089973449707,111.77608013153076,239.579261302948,158.13469982147217,7.094979763031006,0.00015553829621197667,0.0007958379456372233,2.823241751253036e-05,0.00028299452628990365,0.00086648756408092,0.0006290776839483093,1.296631555769423e-05,101.98275750023979,0.0003958763927483653,activity_3_lightgbm_poisson
darts_enc_fc_cyc_day_sin_futcov_lag5,29.86780023574829,123.92567038536072,21.672640323638916,47.197659492492676,350.1558504104614,118.1110610961914,61.29761981964111,3.971970697684846e-05,9.139270044933312e-05,0.00011396625205477573,0.0001316900396065801,0.0017676089294317299,0.0003761639694968455,0.00023422783078075327,107.46118596621922,0.00039353848982812367,activity_3_lightgbm_poisson
rolling_rsum14_14_dist_to_nearest_contested_km_pastcov_lag-1,218.74800872802734,71.61023044586182,75.7950496673584,65.19064998626709,124.42280006408691,145.49572944641113,141.47478866577148,0.0004676281554080175,0.00016715789311771978,0.00027993453217292077,8.672894382271146e-05,0.00026139426129112575,0.001021410061183814,0.00039903120911790604,120.39103671482631,0.000383326436587745,activity_3_lightgbm_poisson
darts_enc_fc_cyc_day_sin_futcov_lag3,43.59263062477112,58.03946018218994,204.14537048339844,291.8692216873169,29.0363507270813,29.526089191436768,47.58926963806152,6.19441523199038e-05,0.00014475813962862017,0.0008715901881927168,0.0011346980437740629,8.107139690072263e-05,0.00015131286750917904,0.00014807855490692746,100.54262750489372,0.00037049333474744754,activity_3_lightgbm_poisson
darts_enc_fc_cyc_day_sin_futcov_lag0,265.80451011657715,48.17314004898071,80.63866996765137,0.0,37.95018005371094,69.58636093139648,322.90564155578613,0.0009920222934844513,0.0001342801345041167,9.876663723238366e-05,0.0,0.00015888407265858274,0.00026806410068043186,0.0008944986098864627,117.86550038201469,0.0003637879783494899,activity_3_lightgbm_poisson
ewm_ewma14_acled_other_rus_shelling_artillery_missile_attack_pastcov_lag-14,93.15567111968994,47.351799964904785,65.02239894866943,3.6726698875427246,250.471848487854,86.50838994979858,141.9130983352661,0.00031723356631512266,7.067324714760126e-05,5.979524576653628e-05,1.4866614087560848e-06,0.0015209075776409843,0.0002890415943288538,0.00018446740103277292,98.29941095624652,0.0003490864705200896,activity_3_lightgbm_poisson
darts_enc_fc_cyc_day_sin_futcov_lag-1,63.10346031188965,74.14647006988525,54.85804033279419,25.601650714874268,78.95199012756348,211.5953197479248,36.26900005340576,0.0002518609802671934,0.00014477283484251035,0.00021146334719217562,3.7874915954572155e-05,0.00036614380467094867,0.0009646836747241539,0.00030898766770486307,77.78941876547677,0.0003265410321937738,activity_3_lightgbm_poisson
darts_enc_fc_cyc_day_cos_futcov_lag6,39.2706093788147,35.32175016403198,0.0,46.3903694152832,207.71619081497192,25.152349948883057,39.30854940414429,6.646259006224398e-05,0.00010700040884219497,0.0,0.00029313079870003645,0.0014491208108913024,7.715749057901622e-05,0.0002370364303899475,56.165688446589876,0.00031855836135210593,activity_3_lightgbm_poisson
rolling_rsum7_7_acled_other_rus_shelling_artillery_missile_attack_pastcov_lag-14,111.16784954071045,96.73690891265869,173.43018054962158,22.401000261306763,74.66350030899048,189.2011079788208,100.79610967636108,0.00028306873951522427,0.00034481109978139467,0.0010465360626467745,2.2735267719986572e-05,0.00010336469836020878,0.0002026184586256141,0.00019451360298960996,109.77095103263855,0.00031394970423411617,activity_3_lightgbm_poisson
darts_enc_fc_cyc_dayofyear_cos_futcov_lag2,76.57937145233154,52.4768500328064,51.744770526885986,686.0113306045532,177.08461046218872,16.872000694274902,12.379459857940674,0.00034389430846479827,4.46677029248832e-06,0.00022248009875787124,0.0012482110824751703,0.00019629892956469775,0.00010926327667384327,2.9390532879203233e-06,153.3069133758545,0.0003039362170738271,activity_3_lightgbm_poisson
rolling_rmean28_28_fin_usd_rub_rate_pastcov_lag-1,6.1560797691345215,254.2372007369995,129.93558931350708,256.03933334350586,379.5325984954834,55.856499671936035,94.67408275604248,5.117120011055576e-06,0.00020952246741476888,0.0002672481683950956,0.000635049553767919,0.0006338086987813573,9.291842814689311e-05,0.00023869548611898939,168.061626298087,0.00029747998894801133,activity_3_lightgbm_poisson
rolling_rsum14_14_dist_to_nearest_ru_km_pastcov_lag-7,220.00685834884644,312.686963558197,368.5271282196045,157.611798286438,308.5598478317261,288.2996292114258,294.3065519332886,0.0001467687694304498,0.0006020087396820361,0.00031128020002193504,9.569754843636868e-05,0.00019885941760655612,0.00045969525349951466,0.0001930249140304374,278.5712539127895,0.0002867621203867568,activity_3_lightgbm_poisson
darts_enc_fc_cyc_dayofyear_cos_futcov_lag6,31.81651020050049,12.900799751281738,26.691100120544434,76.10642147064209,143.8401699066162,126.542799949646,26.16156005859375,0.00015003380157008195,3.88877712541591e-05,0.00016395289686921277,0.00036324983385473966,0.0004795181678715732,0.0007580780411634569,3.426599713154399e-05,63.4370516368321,0.00028399807281639537,activity_3_lightgbm_poisson
darts_enc_fc_cyc_day_cos_futcov_lag1,115.34934949874878,113.64019966125488,15.777280330657959,90.4949803352356,75.93900966644287,43.26165008544922,14.525690078735352,0.000495539754782115,0.0006309347685855337,4.6373504024543874e-05,0.00020178824794974125,0.00042091553539940206,9.404363843008578e-05,2.2912837643418448e-05,66.99830852236066,0.0002732154695449772,activity_3_lightgbm_poisson
darts_enc_fc_cyc_dayofweek_sin_futcov_lag1,7.5602498054504395,112.76264762878418,86.80147933959961,16.793649673461914,33.86286020278931,347.68666219711304,140.34015703201294,6.15337549553896e-05,0.0002925776701483418,0.0003258732687252186,2.8616534191483466e-05,0.00016359071301250694,0.0007415496394979071,0.0002887731230802215,106.54395798274449,0.0002717878148015813,activity_3_lightgbm_poisson
ewm_ewma14_com_diplo_bluesecondary_ua_pastcov_lag-1,63.80529022216797,95.91769742965698,89.40884113311768,62.601160526275635,78.37582063674927,130.03443956375122,116.90547943115234,0.0002233261091384664,0.0001176061470219647,0.00023637945914760649,0.00013386279263043476,0.00034517603314143663,0.0003022186466302923,0.0003335407228097109,91.00696127755302,0.0002417299872171303,activity_3_lightgbm_poisson
darts_enc_fc_cyc_day_cos_futcov_lag-1,6.283080101013184,18.62470006942749,88.41437005996704,38.36781978607178,0.0,28.336390018463135,215.32686948776245,6.254128478992982e-05,7.186346658365484e-05,0.0004464532863847293,9.580844900254348e-05,0.0,0.00011138345212460265,0.0008999401851622401,56.479032788957866,0.0002411414462925286,activity_3_lightgbm_poisson
env_weather_soil_moisture_0_to_100cm_mean_futcov_lag4,33.17179870605469,6.404469966888428,35.85997009277344,70.73934030532837,218.30051231384277,0.0,82.7295594215393,0.0003658368035838411,1.694565735761433e-05,0.00019147963659862376,0.00022160368495369732,0.00014363056146178278,0.0,0.0006819056866302243,63.88652154377529,0.0002316288615122548,activity_3_lightgbm_poisson
darts_enc_fc_cyc_dayofweek_cos_futcov_lag0,17.99856948852539,0.0,85.78126907348633,40.492928981781006,18.777599334716797,24.135199546813965,306.6147985458374,1.1293523232280833e-05,0.0,0.0001452293052245368,0.0002477610286083065,3.1896800143504934e-05,7.612019164706662e-05,0.0010986917157695731,70.54290928159442,0.00023014179494646697,activity_3_lightgbm_poisson
rolling_rmean28_28_fin_usd_rub_rate_pastcov_lag-7,25.481080055236816,117.7069411277771,94.54485940933228,9.67119026184082,128.3266007900238,43.607749462127686,105.87130975723267,4.704046443164689e-05,0.0004450470235630055,0.0002754951681378737,9.94259021346977e-05,0.0002833291202725796,0.000259173974710869,0.00019760851391577018,75.02996155193874,0.00022958859530949178,activity_3_lightgbm_poisson
darts_enc_fc_cyc_dayofyear_cos_futcov_lag1,261.5281021595001,10.930700302124023,727.4388761520386,13.702069759368896,41.6277494430542,101.52925968170166,0.0,0.0009707723083191233,3.3600210486928184e-05,0.0004801527734718203,3.084614739121694e-05,2.9441704395227752e-05,4.4764991316093015e-05,0.0,165.25096535682678,0.00022708259076862993,activity_3_lightgbm_poisson
rolling_rmean28_28_acled_other_rus_shelling_artillery_missile_attack_pastcov_lag-14,152.3947892189026,419.9235897064209,56.24418020248413,40.66560983657837,295.4436912536621,376.71243619918823,161.47286939620972,0.00040400444199628627,0.00021584548958504258,3.635893878901619e-05,2.167510542221418e-05,0.0005584272187084905,0.0002365203554390627,0.00010439759426226214,214.6938808304923,0.00022531844917176783,activity_3_lightgbm_poisson
darts_enc_fc_cyc_day_cos_futcov_lag-2,0.0,101.56645107269287,0.0,0.0,130.16017055511475,180.89791917800903,54.950849533081055,0.0,0.00012385061035331547,0.0,0.0,0.00033981807132781315,0.0009391635879127724,0.00012031756335555422,66.79648433412824,0.00021759283327849364,activity_3_lightgbm_poisson
env_weather_soil_moisture_0_to_100cm_mean_futcov_lag1,73.65313959121704,105.30129051208496,213.82208919525146,48.00048065185547,29.88520050048828,16.87132978439331,18.925230026245117,0.0008017866613545088,8.796031262989779e-05,0.00026909308661735574,6.324953618994656e-05,4.3095961010997105e-05,8.486675229746332e-05,0.00016698755165622803,72.35125146593366,0.0002167199802509139,activity_3_lightgbm_poisson
darts_enc_fc_cyc_day_cos_futcov_lag5,64.31708991527557,45.97970008850098,36.91237020492554,124.41090965270996,73.286949634552,29.128010272979736,23.926050186157227,0.00024334713312832435,8.526010826719333e-05,0.00012172772155221168,0.00040314355090476095,0.000319100557321117,0.00024323842334852407,8.158599421290714e-05,56.85158285072872,0.0002139147841050055,activity_3_lightgbm_poisson
darts_enc_fc_cyc_day_sin_futcov_lag-2,17.624220371246338,8.971890449523926,41.19749927520752,25.04135036468506,50.15156126022339,51.1004204750061,81.87436008453369,5.617081729836215e-05,0.00010257269661939628,5.062477511605934e-05,0.00014657183416300068,0.00015310949252973495,0.0003278620057966419,0.0006180210581641088,39.423043182918,0.0002078475256696149,activity_3_lightgbm_poisson
env_weather_soil_moisture_0_to_100cm_mean_futcov_lag-2,58.115821838378906,16.47264003753662,26.55408000946045,92.66558980941772,19.96649980545044,77.96734881401062,8.92770004272461,0.0001145587930894143,0.0001860423896369534,0.0002997015657801638,0.0003948029700009181,3.670017000938497e-05,0.0003051993241427242,8.385513909003884e-06,42.95281147956848,0.0001921986752240804,activity_3_lightgbm_poisson
env_weather_soil_moisture_0_to_100cm_mean_futcov_lag6,73.43881130218506,31.902610301971436,66.83609914779663,143.81934928894043,91.25085783004761,65.54214906692505,121.48375082015991,7.966301451376446e-05,1.0173709400262965e-05,0.0002465367113110073,0.00032497989639044265,-2.2374449886841672e-06,0.0005545162713029405,0.00010231785301755281,84.89623253686088,0.0001879928587067552,activity_3_lightgbm_poisson
env_weather_soil_moisture_0_to_100cm_mean_futcov_lag-1,68.18179988861084,28.38964033126831,66.00822067260742,36.683899879455566,17.9445698261261,68.25900053977966,7.222229957580566,0.00011246689148829425,8.346688416218661e-05,0.00022956966915916867,0.0003751966219719405,1.70088760617082e-05,0.00030688212886922364,2.806929018481785e-05,41.81276587077549,0.00016466576598533425,activity_3_lightgbm_poisson
rolling_rsum7_7_com_diplo_bluesecondary_ua_pastcov_lag-1,46.30738973617554,152.5377812385559,8.350979804992676,15.520269393920898,27.23480987548828,149.82123279571533,12.110899925231934,0.00013567690964988444,0.0004290737972473924,2.6086348095577527e-05,4.65522270379326e-05,5.615646025671772e-05,0.00036139547206965884,1.766398487532683e-05,58.8404803957258,0.00015322931417607007,activity_3_lightgbm_poisson
darts_enc_fc_cyc_day_cos_futcov_lag0,98.52198028564453,37.71772003173828,57.350390911102295,114.16219997406006,13.984489917755127,41.03510046005249,15.872710227966309,0.00020354071129098373,6.968820333244085e-05,0.00016328499789868277,0.0005037018216053291,1.7826508892371251e-06,3.925869010288352e-05,7.359908886639399e-05,54.09208454404558,0.00015069373771227874,activity_3_lightgbm_poisson
darts_enc_fc_cyc_dayofweek_sin_futcov_lag2,9.769269943237305,15.563199996948242,32.19733953475952,96.68355941772461,0.0,20.72719955444336,26.681779861450195,3.92539159426164e-06,2.9956593272295605e-05,3.4467992963471694e-05,0.000648991528107179,0.0,1.8965452876584797e-05,0.0002930300767665317,28.803192615509033,0.00014704814794004635,activity_3_lightgbm_poisson
darts_enc_fc_cyc_dayofweek_cos_futcov_lag1,30.170000076293945,0.0,18.223780155181885,291.4493727684021,40.39453077316284,54.24928045272827,0.0,0.00013796515246344843,0.0,3.339169456841873e-05,0.0005751679732494353,0.0001059993940216053,0.00010758982380612014,0.0,62.06956631796701,0.0001371591483012897,activity_3_lightgbm_poisson
darts_enc_fc_cyc_dayofyear_cos_futcov_lag0,28.83236074447632,519.1333503723145,97.50209999084473,0.0,157.3878092765808,54.172919273376465,109.21255898475647,0.00015821880307649306,0.00040964152261202535,0.00015063046159011773,0.0,8.139307374626093e-05,0.00012906318013905516,1.2819372214645242e-05,138.03444266319275,0.00013453805905408534,activity_3_lightgbm_poisson
rolling_rsum14_14_dist_to_nearest_contested_km_pastcov_lag-7,138.6903200149536,64.90239000320435,0.0,85.04741287231445,43.14130115509033,31.382630348205566,170.8771777153015,0.00033959371115888093,8.278941446924205e-05,0.0,0.00012812324968474175,1.3595248620368316e-05,0.00010384626661377183,0.0002062738932949504,76.29160458700997,0.00012488882626313647,activity_3_lightgbm_poisson
darts_enc_fc_cyc_dayofyear_cos_futcov_lag5,21.848999977111816,96.33831071853638,47.55399990081787,96.36629867553711,12.570379734039307,18.046199798583984,418.07780933380127,3.079536356580537e-05,0.00010915059910485692,0.00020800848468487397,9.312001730861219e-05,2.1931664893948266e-05,0.00012617668799250748,0.0002694328529645018,101.54314259120396,0.000122659381502158,activity_3_lightgbm_poisson
env_weather_soil_moisture_0_to_100cm_mean_futcov_lag3,34.377009868621826,10.91169023513794,16.933430194854736,216.73520946502686,15.891039848327637,17.180919647216797,0.0,0.0002886722054145752,7.014255259412128e-05,0.0001537818411635694,0.00012802570406740267,3.9414931308856536e-05,0.00017486875118020163,0.0,44.57561417988369,0.00012212942653267524,activity_3_lightgbm_poisson
env_weather_soil_moisture_0_to_100cm_mean_futcov_lag2,43.479599952697754,86.06685018539429,182.21872854232788,48.44583034515381,23.657700061798096,0.0,6.2310099601745605,0.00018491701114780045,0.0005013415541243349,-1.2781620274893157e-05,7.108726644866614e-05,2.5620161594153147e-05,0.0,9.32244359033163e-06,55.728531292506624,0.00011135811666148474,activity_3_lightgbm_poisson
env_weather_soil_moisture_0_to_100cm_mean_futcov_lag5,65.44686031341553,13.961659908294678,0.0,13.096709847450256,97.14727115631104,109.25138854980469,85.76197004318237,0.0002993250760611632,3.373597799118944e-05,0.0,0.00012924993422920307,5.523136556875308e-05,5.971871733578826e-05,0.00013689951956588064,54.952265688351225,0.00010202294153599683,activity_3_lightgbm_poisson
darts_enc_fc_cyc_month_cos_futcov_lag2,0.0,0.0,0.0,0.0,0.0,0.0,85.64283037185669,0.0,0.0,0.0,0.0,0.0,0.0,0.00070390633861237,12.234690053122383,0.00010055804837319572,activity_3_lightgbm_poisson
darts_enc_fc_cyc_week_cos_futcov_lag1,0.0,135.14500427246094,0.0,13.772000312805176,754.4818699359894,25.134300470352173,33.93782997131348,0.0,0.00028995408777352514,0.0,5.039182874799764e-06,0.0003372682542737371,2.3732811837762212e-06,8.301360738283136e-06,137.49585785184587,9.184802383487448e-05,activity_3_lightgbm_poisson
darts_enc_fc_cyc_dayofyear_cos_futcov_lag3,19.989739894866943,68.33567023277283,31.772390365600586,46.961801052093506,174.2704792022705,52.13442945480347,16.405500411987305,5.3042445906958945e-05,8.904366598674329e-05,0.0002076418951254988,4.9361908094658345e-05,5.267893636269338e-05,0.00010073079605514846,3.087707448725663e-05,58.55285865919931,8.333953171699398e-05,activity_3_lightgbm_poisson
darts_enc_fc_cyc_dayofweek_cos_futcov_lag2,5.526319980621338,80.48999977111816,9.776650428771973,0.0,92.04379177093506,22.714930534362793,0.0,2.706165165711205e-06,0.00023816783009744658,3.257300848735767e-06,0.0,0.00027735079942210473,3.359040133947833e-05,0.0,30.078813212258474,7.929607098192523e-05,activity_3_lightgbm_poisson
env_weather_soil_moisture_0_to_100cm_mean_futcov_lag0,57.90633964538574,0.0,385.7774991989136,0.0,0.0,13.128420114517212,50.229321002960205,4.620790871303626e-05,0.0,0.0003739414621160231,0.0,0.0,4.986295860509582e-05,2.4060991342667037e-05,72.43451142311096,7.058190296811747e-05,activity_3_lightgbm_poisson
darts_enc_fc_cyc_dayofweek_sin_futcov_lag4,9.255809783935547,45.71620178222656,0.0,27.902400016784668,85.7311315536499,15.492780208587646,0.0,6.403326557720135e-05,0.00013808683580103233,0.0,7.143822492965413e-05,0.00017553603827946684,1.789281646487062e-05,0.0,26.299760477883474,6.671245443603219e-05,activity_3_lightgbm_poisson
darts_enc_fc_cyc_dayofyear_sin_futcov_lag-2,102.35355949401855,26.7144193649292,4.98144006729126,6.442070007324219,10.786349773406982,0.0,5.497260093688965,0.0002725184382895263,0.00013294127768705976,1.7086843082658731e-06,1.0524245626086781e-07,2.5382568336640433e-05,0.0,4.667013153047961e-07,22.396442685808456,6.187470177043686e-05,activity_3_lightgbm_poisson
darts_enc_fc_cyc_week_sin_futcov_lag4,11.499300003051758,7.9024200439453125,0.0,2.664479970932007,0.0,23.639389514923096,7.525149822235107,9.178414091843834e-05,1.3490243925207145e-05,0.0,1.544702666778086e-06,0.0,0.0002600650108575575,6.25672486283424e-05,7.60439133644104,6.135019242804621e-05,activity_3_lightgbm_poisson
darts_enc_fc_cyc_dayofyear_cos_futcov_lag-1,72.22199010848999,15.465149879455566,35.177950382232666,61.99717998504639,30.498619556427002,6.152639865875244,9.827040195465088,7.574552871441043e-05,4.637201447676986e-06,0.00014847837278380015,2.4029953442106235e-05,0.00011660281076968371,8.370261668666501e-07,7.299146086214847e-07,33.048652853284565,5.300868684759509e-05,activity_3_lightgbm_poisson
darts_enc_fc_cyc_dayofyear_cos_futcov_lag-2,35.227659702301025,71.59112071990967,86.14084959030151,55.83880949020386,42.91534948348999,49.666110038757324,14.215780258178711,5.306620176026566e-05,0.00010277830290905676,8.732855066366785e-05,8.462372055599854e-05,7.180394922845501e-06,3.1937245448943054e-05,2.384634752017334e-06,50.79938275473459,5.27570072875421e-05,activity_3_lightgbm_poisson
darts_enc_fc_cyc_dayofyear_sin_futcov_lag6,7.778019905090332,19.739930152893066,8.055619716644287,44.02991032600403,6.79157018661499,179.57003831863403,0.0,6.746915757571692e-06,0.0001212996457343296,4.86449611205586e-06,0.00010903788691309923,1.1332752417381187e-05,9.827663599097925e-05,0.0,37.99501265798296,5.0222618989345255e-05,activity_3_lightgbm_poisson
darts_enc_fc_cyc_dayofyear_sin_futcov_lag1,0.0,36.46881055831909,0.0,5.396629810333252,3.3774099349975586,21.628419876098633,3.1246700286865234,0.0,0.00025172022222321735,0.0,1.011607020418026e-06,4.2469292740321405e-07,9.187259670422332e-05,7.456826089047297e-07,9.999420029776436,4.9396400212023806e-05,activity_3_lightgbm_poisson
darts_enc_fc_cyc_dayofweek_cos_futcov_lag3,0.0,5.193610191345215,0.0,13.095600128173828,0.0,81.71430206298828,20.946300506591797,0.0,2.913386473690771e-06,0.0,3.9262048453037045e-05,0.0,0.0002039139186618133,8.352421688253563e-05,17.278544698442733,4.708765292443953e-05,activity_3_lightgbm_poisson
darts_enc_fc_cyc_month_sin_futcov_lag6,17.694049954414368,0.0,11.728130102157593,0.0,0.0,0.0,38.59487056732178,0.00028498666561020957,0.0,9.033127080315673e-06,0.0,0.0,0.0,3.321433482714742e-05,9.716721517699105,4.674773250252466e-05,activity_3_lightgbm_poisson
darts_enc_fc_cyc_month_cos_futcov_lag-2,9.33137035369873,22.18002986907959,7.139480113983154,0.0,0.0,0.0,21.76959991455078,1.94967839811655e-05,3.4605989489322474e-05,5.886632034715067e-05,0.0,0.0,0.0,0.00020384638153960743,8.631497178758893,4.525935362246373e-05,activity_3_lightgbm_poisson
darts_enc_fc_cyc_week_cos_futcov_lag0,0.0,0.0,59.14073944091797,598.7579019069672,39.148250102996826,6.53233003616333,0.0,0.0,0.0,0.0001636074838770707,0.00014096251784017076,1.006333354875988e-05,5.330022946781198e-07,0.0,100.51131735529218,4.5023762508668496e-05,activity_3_lightgbm_poisson
darts_enc_fc_cyc_dayofyear_cos_futcov_lag4,25.51821994781494,26.17117977142334,34.533339977264404,29.86616039276123,0.0,175.3132700920105,99.47640991210938,2.1511065912949155e-05,3.1938532964970176e-05,3.861879963471537e-05,2.682951424763935e-05,0.0,4.459577440529827e-05,0.0001490427844217379,55.83979715619768,4.464806736961575e-05,activity_3_lightgbm_poisson
darts_enc_fc_cyc_week_cos_futcov_lag2,18.92591953277588,31.919999599456787,0.0,9.621060371398926,0.0,562.6920893192291,0.0,4.48329408681003e-05,1.7755390444307296e-05,0.0,8.685118182012452e-05,0.0,0.00013617498513898151,0.0,89.02272411755153,4.080207118164481e-05,activity_3_lightgbm_poisson
darts_enc_fc_cyc_week_cos_futcov_lag-1,105.86599731445312,61.42595911026001,569.1521809101105,42.61779999732971,10.927900314331055,0.0,3.9387199878692627,2.4516491987602863e-05,4.5189042153759294e-05,0.0001867151818106372,2.161950503631882e-05,6.192845432062555e-06,0.0,6.343608105030541e-07,113.41836537633624,4.069534674726911e-05,activity_3_lightgbm_poisson
darts_enc_fc_cyc_month_sin_futcov_lag0,0.0,24.745619773864746,0.0,0.0,13.529199600219727,22.041199684143066,491.83573150634766,0.0,8.131323920692601e-05,0.0,0.0,3.3058453735756996e-05,5.2886578177546714e-05,8.277086501347064e-05,78.87882150922503,3.5718448019100056e-05,activity_3_lightgbm_poisson
darts_enc_fc_cyc_week_cos_futcov_lag3,0.0,0.0,0.0,6.553339958190918,0.0,0.0,756.313859462738,0.0,0.0,0.0,1.1041835343839068e-06,0.0,0.0,0.00023936549533611906,108.98102848870414,3.435281126721471e-05,activity_3_lightgbm_poisson
darts_enc_fc_cyc_dayofweek_cos_futcov_lag4,0.0,0.0,11.743399620056152,0.0,0.0,7.264100074768066,12.555999755859375,0.0,0.0,1.841048377233534e-05,0.0,0.0,2.22711445179824e-05,0.00017920066782581845,4.509071350097656,3.1411756588019457e-05,activity_3_lightgbm_poisson
darts_enc_fc_cyc_month_cos_futcov_lag0,0.0,0.0,7.77554988861084,0.0,15.330219745635986,12.718799591064453,11.576399803161621,0.0,0.0,1.2519445054293144e-05,0.0,8.629564359625696e-05,8.939756607539984e-06,0.00010962280412305515,6.771567004067557,3.105394991159218e-05,activity_3_lightgbm_poisson
darts_enc_fc_cyc_month_sin_futcov_lag-1,12.42490005493164,10.69629955291748,0.0,0.0,31.511869430541992,383.02921962738037,47.98187065124512,5.9539983750234174e-05,1.889981556575382e-05,0.0,0.0,6.728706230945125e-05,7.249504980799681e-05,-1.3030239607747518e-06,69.37773704528809,3.0988412496094474e-05,activity_3_lightgbm_poisson
darts_enc_fc_cyc_month_cos_futcov_lag1,0.0,0.0,0.0,22.046799659729004,0.0,14.748499870300293,0.0,0.0,0.0,0.0,8.573133882892048e-05,0.0,0.00012358922069806156,0.0,5.256471361432757,2.990293707528315e-05,activity_3_lightgbm_poisson
darts_enc_fc_cyc_week_cos_futcov_lag-2,109.52722072601318,190.0567593574524,39.59524941444397,3.517580032348633,23.862930297851562,49.7810001373291,0.0,4.01209165957761e-05,4.065955118923714e-05,2.071664240570481e-05,1.9093634162636874e-07,6.824707681825082e-05,3.903962278721807e-05,0.0,59.47724856649126,2.9853535162544762e-05,activity_3_lightgbm_poisson
darts_enc_fc_cyc_month_sin_futcov_lag5,0.0,13.436439990997314,10.176199913024902,49.41069984436035,0.0,0.0,0.0,0.0,4.0508933848726333e-05,7.565101533213436e-06,0.0001405816861496767,0.0,0.0,0.0,10.431905678340367,2.69508173616595e-05,activity_3_lightgbm_poisson
darts_enc_fc_cyc_dayofyear_sin_futcov_lag5,0.0,19.642749786376953,11.401960134506226,0.0,19.268949508666992,15.524569988250732,8.104649543762207,0.0,4.469308687349294e-05,1.3766176988805334e-05,0.0,2.344404298402214e-05,3.187158542412582e-05,7.129587784959757e-05,10.563268423080444,2.6438681445720544e-05,activity_3_lightgbm_poisson
darts_enc_fc_cyc_month_sin_futcov_lag-2,59.79557991027832,31.074210166931152,20.02655029296875,10.401100158691406,270.6140093803406,59.32522010803223,0.0,1.5097773115835266e-05,4.074219182312877e-05,4.634366570965831e-06,3.3812266904797992e-06,8.215060997671664e-05,1.1879709513173965e-05,0.0,64.46238143103463,2.255512538432861e-05,activity_3_lightgbm_poisson
darts_enc_fc_cyc_month_sin_futcov_lag1,32.04060077667236,45.843210220336914,0.0,0.0,0.0,11.684499740600586,34.72694969177246,5.054627112202059e-05,5.1762283962619725e-05,0.0,0.0,0.0,1.730235334955754e-05,1.630380033401657e-05,17.756465775626047,1.9416386966887775e-05,activity_3_lightgbm_poisson
darts_enc_fc_cyc_month_cos_futcov_lag4,0.0,0.0,0.0,0.0,0.0,0.0,23.693230628967285,0.0,0.0,0.0,0.0,0.0,0.0,0.0001232753592997682,3.384747232709612,1.7610765614252598e-05,activity_3_lightgbm_poisson
darts_enc_fc_cyc_dayofweek_cos_futcov_lag5,0.0,12.379899978637695,0.0,0.0,9.120010375976562,12.571000099182129,0.0,0.0,5.894687701268886e-05,0.0,0.0,5.463435807391281e-05,8.349946656371898e-06,0.0,4.867272921970913,1.7418740248996223e-05,activity_3_lightgbm_poisson
darts_enc_fc_cyc_week_sin_futcov_lag1,5.012310028076172,0.0,20.946889877319336,5.420040130615234,0.0,21.47836971282959,0.0,1.2600878912527591e-06,0.0,5.075181385632011e-05,3.12717022008524e-06,0.0,6.49640567526255e-05,0.0,7.5510871069771905,1.715758981718337e-05,activity_3_lightgbm_poisson
darts_enc_fc_cyc_week_cos_futcov_lag4,5.927840232849121,0.0,0.0,0.0,0.0,8.817500114440918,0.0,5.917743507666273e-07,0.0,0.0,0.0,0.0,0.00010257310751806691,0.0,2.1064771924700056,1.4737840266976219e-05,activity_3_lightgbm_poisson
darts_enc_fc_cyc_week_sin_futcov_lag2,17.253000259399414,3.5310699939727783,0.0,0.0,6.390830039978027,0.0,11.40410041809082,8.633156809212395e-07,3.0789768572514476e-07,0.0,0.0,8.949568092386784e-06,0.0,9.189277711920684e-05,5.511285815920148,1.4573365511177144e-05,activity_3_lightgbm_poisson
darts_enc_fc_cyc_dayofyear_sin_futcov_lag-1,12.79502010345459,0.0,0.0,6.508220195770264,0.0,16.993469715118408,10.980899810791016,4.353475762686187e-06,0.0,0.0,2.1149034811651647e-06,0.0,3.975402305338438e-05,5.493063774504314e-05,6.753944260733468,1.4450434291754125e-05,activity_3_lightgbm_poisson
darts_enc_fc_cyc_month_sin_futcov_lag3,0.0,0.0,9.720199584960938,0.0,17.4691801071167,0.0,0.0,0.0,0.0,8.13510689980923e-06,0.0,7.307735090420487e-05,0.0,0.0,3.884197098868234,1.1601779686287728e-05,activity_3_lightgbm_poisson
darts_enc_fc_cyc_week_sin_futcov_lag-2,25.9306001663208,0.0,15.85377025604248,32.21696996688843,10.479589939117432,0.0,7.6357598304748535,2.5938080783527438e-05,0.0,2.7135203581662992e-05,5.819047779209718e-06,2.005224311396603e-06,0.0,1.8894078990827624e-05,13.159527165549141,1.1398805063803482e-05,activity_3_lightgbm_poisson
darts_enc_fc_cyc_month_cos_futcov_lag3,0.0,0.0,17.769290447235107,0.0,0.0,0.0,0.0,0.0,0.0,7.748361788315617e-05,0.0,0.0,0.0,0.0,2.53847006389073,1.106908826902231e-05,activity_3_lightgbm_poisson
darts_enc_fc_cyc_month_cos_futcov_lag6,0.0,0.0,0.0,19.483089447021484,0.0,0.0,0.0,0.0,0.0,0.0,6.902251403544391e-05,0.0,0.0,0.0,2.7832984924316406,9.860359147920558e-06,activity_3_lightgbm_poisson
darts_enc_fc_cyc_dayofyear_sin_futcov_lag3,7.430290222167969,0.0,10.588299751281738,4.810880184173584,12.087120056152344,4.609389781951904,4.471680164337158,1.4890745929041494e-05,0.0,2.304584448742375e-05,2.5834727501283792e-06,1.3227897721534987e-05,6.082682407537732e-07,3.17972237227071e-06,6.285380022866385,8.219421643021869e-06,activity_3_lightgbm_poisson
darts_enc_fc_cyc_month_cos_futcov_lag-1,0.0,0.0,0.0,0.0,0.0,9.446980476379395,0.0,0.0,0.0,0.0,0.0,0.0,4.6702500030937345e-05,0.0,1.3495686394827706,6.671785718705335e-06,activity_3_lightgbm_poisson
darts_enc_fc_cyc_week_sin_futcov_lag-1,0.0,0.0,6.0731201171875,6.567699909210205,73.5878095626831,0.0,0.0,0.0,0.0,1.8733741575505113e-05,2.4079173525093367e-06,2.3614964167451012e-05,0.0,0.0,12.318375655582972,6.393803299352208e-06,activity_3_lightgbm_poisson
darts_enc_fc_cyc_dayofyear_sin_futcov_lag4,4.27230978012085,0.0,0.0,0.0,6.478449821472168,0.0,0.0,-2.7607347090619073e-07,0.0,0.0,0.0,3.940448944064201e-05,0.0,0.0,1.535822800227574,5.5897737099622596e-06,activity_3_lightgbm_poisson
darts_enc_fc_cyc_month_sin_futcov_lag2,14.99763011932373,0.0,0.0,0.0,0.0,0.0,5.870259761810303,3.57535506758655e-06,0.0,0.0,0.0,0.0,0.0,3.2188703380264803e-05,2.9811271258762906,5.1091512068359076e-06,activity_3_lightgbm_poisson
darts_enc_fc_cyc_week_sin_futcov_lag0,0.0,7.522449970245361,0.0,0.0,8.146699905395508,0.0,0.0,0.0,1.597211042798641e-05,0.0,0.0,1.7894499583004374e-06,0.0,0.0,2.23844998223441,2.537365769469549e-06,activity_3_lightgbm_poisson
darts_enc_fc_cyc_dayofweek_sin_futcov_lag5,0.0,0.0,0.0,9.66609001159668,0.0,0.0,0.0,0.0,0.0,0.0,1.4114451454583233e-05,0.0,0.0,0.0,1.3808700016566686,2.0163502077976045e-06,activity_3_lightgbm_poisson
darts_enc_fc_cyc_dayofyear_sin_futcov_lag0,0.0,0.0,25.468079566955566,0.0,0.0,5.330629825592041,0.0,0.0,0.0,8.97759714013624e-06,0.0,0.0,3.845773470567693e-07,0.0,4.399815627506801,1.33745349817043e-06,activity_3_lightgbm_poisson
darts_enc_fc_cyc_dayofyear_sin_futcov_lag2,0.0,0.0,0.0,8.288610458374023,11.16156005859375,0.0,0.0,0.0,0.0,0.0,6.062940493789526e-06,2.7797135264684414e-06,0.0,0.0,2.7785957881382535,1.263236288608281e-06,activity_3_lightgbm_poisson
darts_enc_fc_cyc_dayofweek_sin_futcov_lag3,0.0,0.0,0.0,0.0,0.0,10.540900230407715,0.0,0.0,0.0,0.0,0.0,0.0,7.984766577995295e-06,0.0,1.505842890058245,1.1406809397136135e-06,activity_3_lightgbm_poisson
darts_enc_fc_cyc_week_sin_futcov_lag3,0.0,0.0,8.239029884338379,0.0,0.0,0.0,0.0,0.0,0.0,5.269082077630216e-06,0.0,0.0,0.0,0.0,1.177004269191197,7.527260110900309e-07,activity_3_lightgbm_poisson
darts_enc_fc_cyc_week_sin_futcov_lag5,0.0,0.0,0.0,0.0,0.0,4.701539993286133,0.0,0.0,0.0,0.0,0.0,0.0,3.2049676264245265e-06,0.0,0.6716485704694476,4.578525180606466e-07,activity_3_lightgbm_poisson
darts_enc_fc_cyc_dayofweek_cos_futcov_lag6,0.0,5.021279811859131,0.0,0.0,0.0,0.0,0.0,0.0,1.5729674462061639e-06,0.0,0.0,0.0,0.0,0.0,0.7173256874084473,2.2470963517230914e-07,activity_3_lightgbm_poisson
darts_enc_fc_cyc_week_sin_futcov_lag6,0.0,0.0,7.691609859466553,0.0,0.0,0.0,0.0,0.0,0.0,6.017334118535445e-07,0.0,0.0,0.0,0.0,1.0988014084952218,8.596191597907778e-08,activity_3_lightgbm_poisson
darts_enc_fc_cyc_month_cos_futcov_lag5,0.0,0.0,0.0,0.0,0.0,0.0,0.0,0.0,0.0,0.0,0.0,0.0,0.0,0.0,0.0,0.0,activity_3_lightgbm_poisson
darts_enc_fc_cyc_week_cos_futcov_lag5,0.0,0.0,0.0,0.0,0.0,0.0,0.0,0.0,0.0,0.0,0.0,0.0,0.0,0.0,0.0,0.0,activity_3_lightgbm_poisson
darts_enc_fc_cyc_week_cos_futcov_lag6,0.0,0.0,0.0,0.0,0.0,0.0,0.0,0.0,0.0,0.0,0.0,0.0,0.0,0.0,0.0,0.0,activity_3_lightgbm_poisson
darts_enc_fc_cyc_dayofweek_sin_futcov_lag6,0.0,0.0,0.0,0.0,0.0,0.0,0.0,0.0,0.0,0.0,0.0,0.0,0.0,0.0,0.0,0.0,activity_3_lightgbm_poisson
darts_enc_fc_cyc_month_sin_futcov_lag4,0.0,0.0,0.0,0.0,0.0,0.0,0.0,0.0,0.0,0.0,0.0,0.0,0.0,0.0,0.0,0.0,activity_3_lightgbm_poisson
Activity_Level_statcov_target_act_drone_strike_on_ua,0.0,0.0,0.0,0.0,0.0,0.0,0.0,0.0,0.0,0.0,0.0,0.0,0.0,0.0,0.0,0.0,activity_3_lightgbm_poisson
region_statcov_target_act_drone_strike_on_ua,9.105301008805418,7.431369802931232,7.609495428551487,7.30590990183614,7.1969421300958185,6.492938529066689,6.9939261593406865,0.17978485058819485,0.1568012220046741,0.16031068189064843,0.13780392142496872,0.13541024836066395,0.13335843901110647,0.14619360540561852,7.447983280089639,0.14995185266941072,activity_3_catboost_tweedie
act_drone_strike_on_ua_target_lag-2,0.21488411093774631,3.128333548451743,0.29808934524510666,0.22876765286026748,0.4046493772479894,9.444594813581102,3.72124349478112,0.00511838169724983,0.03136219273354213,0.00417033758952523,0.007759463998490057,0.005688489131255836,0.18396466436630837,0.07494221477245207,2.491508906157868,0.044715106326974785,activity_3_catboost_tweedie
act_drone_strike_on_ua_target_lag-3,2.752079630315341,0.3481549340019253,0.26264317697469736,0.2854929145375413,9.098040913778643,3.906848344865391,0.2341233165583352,0.031151170378888926,0.00555552338243559,0.0035254349940275764,0.0040517512949614035,0.17413570796949235,0.07164511530982312,0.0031997736344156146,2.412483318718839,0.0418949252805778,activity_3_catboost_tweedie
act_drone_strike_on_ua_target_lag-6,0.24885981243840724,8.397886456752108,3.9333713556262717,0.4278723772866159,0.40246914747772233,1.773981642263783,0.47396935095178017,0.00380370425332619,0.15972940267632504,0.07272224821738597,0.003954613482230052,0.007132336360488822,0.025861256183202584,0.006075931466385742,2.236915734685241,0.039897070377049204,activity_3_catboost_tweedie
act_drone_strike_on_ua_target_lag-5,0.15860357466502176,0.40702369583585646,8.832190361783853,3.695529230776751,0.30471402122682717,0.4117895188292384,1.6662191774012474,0.0034926421243242967,0.003948446945096151,0.16029862547011317,0.07424222052434822,0.0034156370263570546,0.007753255423324945,0.018629020619775782,2.2108670829312564,0.038825692590477086,activity_3_catboost_tweedie
act_drone_strike_on_ua_target_lag-7,7.318496045722759,3.519883618922921,0.3551002509998277,0.4082639429749473,1.7628638089268134,0.2278961807926218,0.06121016123036686,0.1569965648095341,0.06893299136879023,0.005036574420719519,0.006359139380597445,0.024676704919892888,0.004648258592143639,0.00207309003013465,1.9505305727957507,0.03838904621740179,activity_3_catboost_tweedie
act_drone_strike_on_ua_target_lag-4,0.3188831549015726,0.1334625301442228,0.3315232708570187,8.793118369166654,3.526363505895342,0.43390230263378865,0.3612446950019611,0.00523952647577981,0.004868253350008378,0.004421841252838088,0.15866806848830778,0.07321390803487224,0.005377153268205048,0.006373880260511155,1.9854996898000798,0.03688037587578893,activity_3_catboost_tweedie
act_drone_strike_on_ua_target_lag-1,1.02212136026686,0.39163905818845984,3.185424548221782,0.5250929318512263,0.09685428305482814,0.5584146560651537,9.204169581728694,0.011964512960646401,0.006228404189045023,0.029804370408448057,0.006652789129578451,0.0030979959965395263,0.006191857779930743,0.16696843970903585,2.140530917053858,0.03298691002474629,activity_3_catboost_tweedie
rolling_rsum14_14_act_total_daily_strike_events_pastcov_lag-7,4.370353760409125,4.659731217554079,3.37733595537456,6.291281459440345,3.1188473527271467,3.0870069387355756,1.7220935157653736,0.029981614726847107,0.032049647138548035,0.015050088687980856,0.028422614657902433,0.017026066436634756,0.01754894547635786,0.008330971122636277,3.803807171429458,0.02120142117812962,activity_3_catboost_tweedie
rolling_rsum14_14_act_total_daily_strike_events_pastcov_lag-1,1.9084474993181055,2.643214242784279,2.86168168764044,3.994004667781908,2.7111516872153696,1.151646600290347,3.4733257970459652,0.013363554746949302,0.014944249443770907,0.016138655695580262,0.020861646096411012,0.01336396809839413,0.008252536273509924,0.01738170074391261,2.677638883153773,0.014900901585504023,activity_3_catboost_tweedie
ewm_ewma14_act_drone_infra_ua_residential_intent_pastcov_lag-1,0.2724135933434644,0.504858544787251,0.2684568851503012,0.1705418523121975,0.41400906909793345,0.5644298301518822,0.30061809737184764,0.010826287489858321,0.018011075804098442,0.007187850337319879,0.006098739209780435,0.02340722871050105,0.021032728597793683,0.012233341833247069,0.35647541031641106,0.014113893140371267,activity_3_catboost_tweedie
rolling_rsum14_14_act_drone_strike_on_rus_in_rus_nofpv_pastcov_lag-14,1.815691947825519,2.3703868522274774,4.188912910386088,0.6425479970586719,1.864405220144508,2.51477283002406,2.129968764600413,0.012435946213435356,0.013103092424566577,0.02759635370243265,0.002453950894821233,0.014259870404092333,0.012588559832099699,0.012283151140671444,2.2180980746095336,0.013531560658874184,activity_3_catboost_tweedie
rolling_rmean28_28_act_total_daily_strike_events_pastcov_lag-14,2.246954403541533,1.540128762267176,2.16961340729622,3.057663458807172,2.721023128230437,2.4518702817661766,1.986324775328136,0.0142552425461685,0.008925791925855475,0.013239144412261861,0.013753529632642581,0.016015079668837105,0.012212873099791,0.011710973697821748,2.310511173890979,0.012873233569054036,activity_3_catboost_tweedie
ewm_ewma14_act_drone_infra_ua_residential_intent_pastcov_lag-7,0.3217563249283888,0.27634828889064256,0.2917799869029665,0.3408108624549739,0.3472213378697799,0.5283351620381539,0.3963853288186814,0.013213497306497258,0.010801770505738073,0.013234088780579101,0.02022803694848039,0.005473171666008492,0.011224565329653014,0.013665610103493719,0.3575196131290838,0.012548677234350008,activity_3_catboost_tweedie
rolling_rmean28_28_act_total_daily_strike_events_pastcov_lag-1,2.0094468144907127,1.6407411879494367,3.2589630501428664,2.7995219610370494,2.6841210227381507,2.122071018449825,2.8489481643814667,0.014318371353536263,0.009784632566199348,0.017504888426182186,0.00880530856071422,0.013361842959799785,0.010735074128831613,0.011752233080397212,2.480544745598501,0.012323193010808661,activity_3_catboost_tweedie
rolling_rsum14_14_act_total_daily_strike_events_pastcov_lag-14,1.5810971833812515,2.2971048705852715,2.002242375752419,2.4266429871219994,2.8686079590199975,2.244763915957578,2.706160526727984,0.010117639470570783,0.010279729975446683,0.01078317276866061,0.0125212042741512,0.016787657065940053,0.013786899862256919,0.011713404927728899,2.3038028312209287,0.012284244049250737,activity_3_catboost_tweedie
ewm_ewma14_act_total_daily_strike_events_pastcov_lag-1,2.668547972520612,0.9252094490179612,1.4948770812390204,0.8752939424831163,2.220086630606183,3.1551621592379653,2.7334830729953867,0.015519706956565927,0.005218083676278518,0.007232147632149677,0.006533350589404274,0.014172248136250643,0.019968158304474338,0.013691655359105836,2.010380044014321,0.011762192950604173,activity_3_catboost_tweedie
rolling_rsum14_14_act_drone_strike_on_rus_in_rus_nofpv_pastcov_lag-7,1.4851013415544991,2.8202016365865545,2.494012407750537,3.3172057200399365,2.722971206654774,2.6043151245026404,2.75369514494152,0.005844625133276748,0.010906593782324258,0.010192607944945364,0.01292102255435923,0.013528209635094868,0.014320107594166598,0.01411378745343952,2.599643226004352,0.011689564871086657,activity_3_catboost_tweedie
ewm_ewma14_act_drone_strike_on_rus_in_rus_nofpv_pastcov_lag-14,2.1506618392391594,3.239472677994502,1.9573161995186885,2.25270415305955,2.1574347231692554,1.349673797287633,1.6714308836541742,0.012856627742662052,0.018554805368488348,0.012910622095703973,0.010708168744933388,0.009042745266576136,0.007448362057734359,0.009701655061004334,2.111242039131852,0.011603283762443226,activity_3_catboost_tweedie
rolling_rsum7_7_act_total_daily_strike_events_pastcov_lag-7,3.100281188626494,1.6639882022575094,1.7636126376211092,1.129602545144713,1.972331682012753,1.7085775538956687,1.7521982253654096,0.02006116627145036,0.009307693571308251,0.0072099150216253126,0.009088584959662426,0.013208339786288992,0.010952500964835021,0.010607032738645494,1.8700845764176652,0.011490747616259409,activity_3_catboost_tweedie
ewm_ewma14_act_total_daily_strike_events_pastcov_lag-7,3.0893960537727754,2.091484058875753,2.095644918444773,1.6729295150731591,1.4872550171401477,1.6753492059929467,0.7713141711422979,0.02077121135662856,0.010543419690657063,0.00893210481464044,0.008842656765364243,0.00871454540321015,0.007952735055100302,0.005483900058880331,1.8404818486345502,0.01017722473492587,activity_3_catboost_tweedie
ewm_ewma14_act_drone_strike_on_rus_in_rus_nofpv_pastcov_lag-1,2.4231057302815584,1.8846994092795895,1.7642966229542254,2.5858866072948175,1.7685904889346227,1.766197746360425,0.8987566293269292,0.01438506002213973,0.010457702716368856,0.00842240887106882,0.011978024575564628,0.007362419422747557,0.010800833191046254,0.0050289422729106635,1.8702190334903095,0.009776484438835215,activity_3_catboost_tweedie
rolling_rsum7_7_act_total_daily_strike_events_pastcov_lag-1,0.7413690163604963,0.655852131100166,1.5444831395481553,2.029061023781693,2.0376433701560237,2.622266811283672,1.718846741857469,0.006405227694090643,0.006704823157906059,0.007129319959879065,0.0071918946160103745,0.012997634481995535,0.012104663346903166,0.007785141297975295,1.6213603191553823,0.008616957793537163,activity_3_catboost_tweedie
ewm_ewma14_act_drone_strike_on_rus_in_rus_nofpv_pastcov_lag-7,1.51694939224765,1.6211613832326495,0.5302220908370388,1.280184494762866,2.6871086941708566,2.0320332756386783,2.7144655728635203,0.010166805676191614,0.006517133752824455,0.0022876205450536704,0.0052561125195195405,0.014248371303147534,0.010416488465777562,0.011187967573779134,1.7688749862504658,0.008582928548041931,activity_3_catboost_tweedie
rolling_rmean28_28_act_total_daily_strike_events_pastcov_lag-7,1.54100367331883,2.50267288089104,1.9080947794757328,1.4703357421376155,0.6339151767437378,1.2397556631049562,1.5118114050190161,0.008927577066161674,0.015435194451877198,0.010441187532101482,0.007192314494471552,0.005040256559239653,0.00637176133976527,0.00635512846708366,1.5439413315272754,0.008537631415814356,activity_3_catboost_tweedie
ewm_expdecay7_act_total_daily_strike_events_pastcov_lag-14,0.3891925577661431,0.3684010410139722,0.283913784623144,0.08107675189847721,0.25821748600643046,1.3808144871966543,0.2471276271842721,0.022517204703707237,0.009855123888926842,0.009534680948427843,0.0004736673834708549,0.0018605261618261037,0.013263318478807485,0.0016905053450656515,0.42982053366987044,0.008456432415747431,activity_3_catboost_tweedie
ewm_ewma14_act_total_daily_strike_events_pastcov_lag-14,0.6225336422596802,1.1421186197245334,2.1703395647893595,1.0428038942257805,1.5451971118447914,2.250209832349745,1.2276365001326852,0.004017097095144306,0.006340597883624466,0.011376159172899959,0.0039026515199779956,0.007264351760768428,0.010502366406358599,0.006711257254489955,1.428691309332368,0.007159211584751958,activity_3_catboost_tweedie
ewm_ewma14_fin_usd_uah_rate_pastcov_lag-1,0.32855683244883993,0.41186407384946333,0.4494759206650895,0.22519197246977518,0.4054231657878856,0.7660968031812023,0.31763390465788266,0.004459374428260299,0.005275610426885469,0.0053172001406474045,0.0020120598872904517,0.00862241569250317,0.012018569854472338,0.010031194322968973,0.4148918104371626,0.006819489250432587,activity_3_catboost_tweedie
rolling_rsum7_7_act_total_daily_strike_events_pastcov_lag-14,1.412390457894004,1.5135528775262879,1.4261111487147702,1.5612672838453066,2.012756049580217,0.9255234372946339,0.871096343234946,0.008342931615820226,0.006498156603016669,0.006370579759450856,0.00660949161130826,0.009041042216638307,0.007683180233638565,0.002668009735245147,1.3889567997271663,0.006744770253588291,activity_3_catboost_tweedie
rolling_rsum14_14_act_drone_strike_on_rus_in_rus_nofpv_pastcov_lag-1,0.9235161695676801,1.3187207580540095,0.5808340838327233,1.553874313382552,2.1486310660911636,1.6201650425932974,1.9855794145696197,0.0059494366332752515,0.006522303782607231,0.00244244934565232,0.005368815733311228,0.009743247558593793,0.007850267808366196,0.009064076361205787,1.447331549727292,0.0067057996032874,activity_3_catboost_tweedie
rolling_rsum14_14_dist_to_nearest_ru_km_pastcov_lag-7,0.9431526688403289,1.2764350280487722,0.9583061423207291,1.0155503857820616,0.9018016468538786,0.9716881699780255,1.0898296424929648,0.003874105100550951,0.007784600929910979,0.006626290549922342,0.00488151533730039,0.006290999050496682,0.006094916893664015,0.004642479437655922,1.0223948120452515,0.0057421296142144695,activity_3_catboost_tweedie
ewm_ewma14_act_drone_infra_ua_residential_intent_pastcov_lag-14,0.4863002942699974,0.4114867583242772,0.45792686884339073,0.7602496054767756,0.18893513824845645,0.417128883038874,0.47981602010382823,0.010792531603017696,0.004374623433171965,0.004460258629932601,0.007146077747298074,0.002558031772447089,0.0062708872454923185,0.0038952127360716293,0.4574062240436571,0.005642517595347339,activity_3_catboost_tweedie
ewm_ewma14_act_total_damage_events_pastcov_lag-7,1.193846178195258,1.4163743958860184,0.747873152756013,0.15296978929597768,0.39610358412896723,1.0303621660660491,2.532616885276582,0.005358368555726245,0.007073775981325814,0.0030168106212063337,0.0013642230027543167,0.002962721524873357,0.004397465931996592,0.010860420980157649,1.0671637359435522,0.005004826656862901,activity_3_catboost_tweedie
rolling_rsum14_14_dist_to_nearest_ru_km_pastcov_lag-1,0.7710538036633339,0.8095981573922439,0.7915406166957262,1.0296290621181456,1.1594549341360503,0.9204193553326474,0.6685983137197358,0.0033605798060807766,0.004179947213490576,0.004137844923818257,0.0032744249145323368,0.005866572776597257,0.005049777377881193,0.0047394367362245445,0.8786134632939833,0.0043726548212321345,activity_3_catboost_tweedie
ewm_ewma14_fin_usd_rub_rate_pastcov_lag-1,0.25602242207399056,0.19742022203399395,0.025833066322986646,0.12980106526723575,0.3737439790713344,0.8355028661573272,1.8450515261667833,0.0021689435148409377,0.0006969245808037039,0.0005792051094408723,0.0007283064056070598,0.0024788918197758748,0.01321692652807882,0.00936489319609124,0.5233393067276645,0.004176298736376929,activity_3_catboost_tweedie
ewm_ewma14_fin_usd_uah_rate_pastcov_lag-7,0.23891910668128769,0.0870676788492254,0.3461916295486778,0.47253664189404243,0.24290426090262485,0.24097221321391513,0.4792287406471427,0.008411529224911063,0.0007739736228323801,0.0035691319403802213,0.005760657639565281,0.0013758408610623496,0.0025845629157043694,0.005761611482378526,0.30111718167670226,0.00403390109811917,activity_3_catboost_tweedie
ewm_ewma14_act_drone_infra_ua_health_intent_pastcov_lag-7,1.0056940671630703,0.5857075864444204,0.6667147886450551,0.7429489556220068,0.7642325160006008,0.5307243189165579,0.6448062425569754,0.005995997613591197,0.0036253762214783604,0.002521161066286859,0.0030670249648442117,0.00657002676238414,0.0025413449987810475,0.0034301188442197317,0.7058326393355266,0.003964435781655078,activity_3_catboost_tweedie
rolling_rsum14_14_dist_to_nearest_ru_km_pastcov_lag-14,0.8337031018520745,0.40564160404273253,0.7843982654668354,0.9805388145880963,0.6067068901066672,0.8096550895998396,0.621999166464973,0.0036336336133542257,0.0019814811785661356,0.0048579518487617875,0.004224441721145333,0.003945598872753342,0.005559327900188182,0.002833963202495915,0.7203775617316027,0.003862342619609275,activity_3_catboost_tweedie
ewm_ewma14_dist_to_nearest_ru_km_pastcov_lag-1,0.8174437386645664,0.6573024343469085,0.41903525823152843,0.7387626333522758,0.8583964021929769,0.5632310124916513,0.8266327790070667,0.0035553043017846563,0.003470913212860838,0.002194961324975253,0.004982707720032731,0.005083568186531462,0.0025085750199111746,0.004671553934677686,0.6972577511838535,0.003781083385824829,activity_3_catboost_tweedie
ewm_ewma14_dist_to_nearest_ru_km_pastcov_lag-14,0.8490014608638006,0.8305615898019618,0.5786477241802138,0.6464386222630797,0.5133754556142047,0.6702264893521939,0.6892811846114277,0.004424338150950402,0.003941449151141296,0.0031131306799992986,0.0027582055402314955,0.0028122037105077435,0.003368576999214068,0.003351226151752895,0.6825046466695547,0.0033955900548281706,activity_3_catboost_tweedie
ewm_ewma14_fin_usd_uah_rate_pastcov_lag-14,0.18470488690277526,0.23566777944661002,0.21093492946768244,0.2185742906160739,0.3374183621184936,0.41335887619555767,0.5876361858364791,0.001526630022750597,0.0017072046603532121,0.002194380031195231,0.002332551172301578,0.002190099029290771,0.006526069533518908,0.007177650792347801,0.3126136157976674,0.0033792264631083,activity_3_catboost_tweedie
ewm_ewma14_act_total_damage_events_pastcov_lag-1,1.0846912681495964,0.26034382565253095,0.3469425101524354,0.3805533511530748,0.1210696260130159,0.3554444162079301,0.5103163973368348,0.006266314022299579,0.0008373328010133241,0.0015360169171766192,0.0010122006009380291,0.002840105548649041,0.0046945823317332104,0.0037924426980820323,0.43705162780934553,0.0029969992742702625,activity_3_catboost_tweedie
rolling_rmean28_28_fin_usd_rub_rate_pastcov_lag-14,0.18421536375698308,0.87644229273872,1.2086969255361906,0.8938798392842727,0.5416369256810346,0.7282065048949375,0.833983892362302,0.0009534889135196067,0.0032762010742237056,0.004904841695441675,0.0019087089854365803,0.003327916050268964,0.0036219357608288536,0.002607024894070209,0.7524373920363486,0.0029428739105413705,activity_3_catboost_tweedie
ewm_ewma14_act_total_damage_events_pastcov_lag-14,0.38645186643100504,0.3123203697042983,0.7641516205934681,0.37048850228655494,0.4311873637967137,0.528231742698905,0.8986932581572186,0.0029297536036215766,0.0015109952073037336,0.005050849627120946,0.0019992026903720593,0.001991013516104423,0.0025061933017254566,0.004496613999730048,0.5273606748097376,0.002926374563711178,activity_3_catboost_tweedie
ewm_ewma14_acled_other_rus_disrupted_weapons_use_pastcov_lag-1,0.6340740420077707,0.4845394722719058,0.9912533441383913,0.44606872776327405,0.1362273955426076,0.10926729217011599,0.26286145011990075,0.0038330471696950584,0.0037436336872227693,0.0059968500639955066,0.0028377090963393804,0.0007882114399045071,0.0010620341835285707,0.002141018273454076,0.4377559605734237,0.0029146434163056954,activity_3_catboost_tweedie
ewm_ewma14_act_drone_infra_ua_health_intent_pastcov_lag-1,0.6011547595495713,0.9240740969621857,0.7269901577105594,0.7648518867516575,0.8272047643636925,0.5195733453822723,0.4210740079738748,0.0030314982041303785,0.002806231624147193,0.0023638535411970364,0.003222367695739936,0.00441472967882599,0.002202800401132343,0.002317536584556268,0.6835604312419734,0.0029084311042470207,activity_3_catboost_tweedie
rolling_rmean28_28_dist_x_clash_pastcov_lag-14,0.5180262550179251,0.5408232967620066,0.5029672591065673,0.5933528292201343,0.4769269481010437,0.6428539464459342,0.6520083934519304,0.0028393563872852303,0.002796444347631355,0.003359077907885233,0.0031648365407505484,0.001419830017019108,0.004117677901210115,0.0019474181953943238,0.560994132586506,0.0028063773281679877,activity_3_catboost_tweedie
ewm_expdecay7_fin_usd_rub_rate_pastcov_lag-1,1.2528724468907608,0.05092715873594854,0.12126352525262842,0.15474228852555663,0.10291990731491278,0.16482540379380675,0.16218381061044795,0.009310514838591955,0.0004137873798006453,0.001906987129259341,0.0010293803052944916,0.0024478472084520143,0.0025044379081717192,0.00202085281771196,0.28710493444629454,0.002804829655326018,activity_3_catboost_tweedie
ewm_expdecay7_total_ru_area_km2_pastcov_lag-1,0.282384032353237,0.07867527272364484,0.39863644793826813,1.1676514553075705,0.6603034034755,1.1484526057383944,0.29890955469359454,0.002133567880578302,0.001554704435785048,0.0021397520301535745,0.005311517981220093,0.0024062079529711513,0.004186530782032261,0.0018198726614085503,0.576430396032887,0.002793164817735568,activity_3_catboost_tweedie
ewm_expdecay7_dist_to_nearest_contested_km_pastcov_lag-7,0.28115536175201017,0.4504913098387573,0.671070736320902,0.30944066754829547,0.43496281431150097,0.3946771048809288,0.19723665774178176,0.0021134714371850993,0.003877556903320345,0.0036288489610549536,0.003572653741092946,0.001957520498257881,0.001988820621576104,0.002394240591228991,0.39129066462773937,0.0027904446791023317,activity_3_catboost_tweedie
ewm_ewma14_act_drone_infra_ua_energy_intent_pastcov_lag-1,0.23861179013016878,0.292235769287045,0.2105939865482016,0.46820802958357227,0.42191158427526765,0.10598295805972448,0.2150104312262948,0.0030117346952417854,0.0018287664251630976,0.0016318881763926596,0.003828629642910597,0.004363322790590485,0.001666883533149699,0.0029302985371024715,0.2789363641586106,0.002751646257221542,activity_3_catboost_tweedie
ewm_ewma14_acled_other_rus_armed_clash_pastcov_lag-1,0.5589997117989324,0.6456398200111703,0.33055580660742373,0.2768256696906501,0.6321241792495904,0.45717080672525623,0.5457227667268112,0.0031576199492319825,0.004128397012761265,0.001905889117287418,0.0015528898522438217,0.0033846152223971472,0.0024316395679485846,0.0026276914432806775,0.49243410868711923,0.0027412488807358423,activity_3_catboost_tweedie
ewm_ewma14_fin_usd_rub_rate_pastcov_lag-14,1.6300615128696276,0.16101633039966537,0.28110284972906185,0.05570169733623573,0.19641394337741924,0.7284904567139774,0.5279279305424907,0.010331869503351188,0.0012173422523661826,0.0017457571044220631,0.0008726603132896083,0.0004020819229892947,0.0019901283463046094,0.0022937994706220045,0.5115306744240684,0.002693376987620708,activity_3_catboost_tweedie
rolling_rmean28_28_dist_x_clash_pastcov_lag-7,0.4274197920941786,0.44088132490412585,0.4749442608716503,0.4664974229891548,0.45586269803052465,0.5991361145851577,0.6167525780880192,0.002583519302576542,0.002429047658337091,0.0034838136335644033,0.0028508453033711635,0.001496588948414046,0.003447597270237157,0.0024486588327303103,0.4973563130804015,0.0026771529927472446,activity_3_catboost_tweedie
ewm_ewma14_acled_other_ua_armed_clash_pastcov_lag-14,0.7998501755649647,0.5921950254779256,0.44961341410970473,0.4441660709032307,0.39003414699988154,0.3148772760491142,0.3114916971186859,0.005869532512162645,0.00324673335213308,0.001819763142345754,0.0019278162081946438,0.0017739789128713213,0.0014257929493893152,0.002308707194097437,0.4717468294605011,0.0026246177530277423,activity_3_catboost_tweedie
ewm_expdecay7_act_total_daily_strike_events_pastcov_lag-1,1.1484330593307441,0.08413975969942952,0.5445382164129571,0.2827815121357473,0.28151979858142856,0.42338252395074966,0.43061630813062085,0.004061853061020648,0.0027276918128695594,0.002746020433881924,0.0010536620598132096,0.002795942613309799,0.0023388540825630467,0.002290901785997379,0.45648731117738234,0.00257356083563651,activity_3_catboost_tweedie
ewm_ewma14_dist_to_nearest_ru_km_pastcov_lag-7,0.37148045295281484,0.3385127011933255,0.37520398120397447,0.5112249197207624,0.3364493992149469,0.5256047599823878,0.6260342251162925,0.001415676194556581,0.002014265970196649,0.002174572721732648,0.003152346748160384,0.0023867433938792536,0.0030090631300241587,0.0035754631733721843,0.4406443484835006,0.0025325901902745513,activity_3_catboost_tweedie
rolling_rmean28_28_acled_other_rus_shelling_artillery_missile_attack_pastcov_lag-1,0.3738856296993442,0.21138260275236498,0.1626802804799643,0.2815216813692996,0.06624914391533776,0.1440397546184565,0.09371356547367146,0.004717167764200991,0.002367438718980974,0.0020142244795236406,0.004490561866992504,0.0011014574877761917,0.001849877127481081,0.0010971442237627028,0.19049609404406267,0.0025196959526740123,activity_3_catboost_tweedie
ewm_ewma14_act_drone_infra_ua_energy_intent_pastcov_lag-7,0.1651868673883008,0.1392844253169397,0.42393749121676777,0.2135632899959297,0.02325854121915407,0.1417575970874791,0.13242570341165505,0.001976440133922397,0.002141432836965285,0.006634996304256724,0.0028169488514703687,0.001223485929446877,0.001329194917475718,0.001512461725410552,0.17705913080517519,0.002519280099849703,activity_3_catboost_tweedie
ewm_expdecay7_dist_to_nearest_contested_km_pastcov_lag-1,0.23862848722520683,0.3988701302137493,0.4846876985242563,0.3691182780969579,0.42763327766771386,0.2537628743422436,0.3733028233964997,0.0028700839753854623,0.0036724218082409667,0.001798538951048778,0.0025136796223082848,0.0034981151421288104,0.0016664851303117123,0.0014776914896461157,0.3637147956380896,0.002499573731295733,activity_3_catboost_tweedie
rolling_rmean28_28_dist_x_clash_pastcov_lag-1,0.5955211294532922,0.4148029766087097,0.4273673377724105,0.49535154177286517,0.47706367720593634,0.40140893734023103,0.44578598080551046,0.0030651267112853597,0.002508465754594491,0.002201601687708199,0.0032375720460293246,0.002028194537381567,0.002458805478256143,0.0016555590444736312,0.4653287972798508,0.002450760751389817,activity_3_catboost_tweedie
rolling_rmean28_28_fin_usd_rub_rate_pastcov_lag-7,0.7604428865580681,0.4233539286575027,1.01930234290039,1.1600318195429926,0.9723013267228211,0.4746651808230947,0.7720729478970685,0.0024608990389727746,0.0015696876238396663,0.0023575274537404713,0.003079159452762781,0.0031371072857590667,0.00247923220195716,0.0019745895204158924,0.7974529190145626,0.0024368860824925446,activity_3_catboost_tweedie
ewm_expdecay7_total_ru_area_km2_pastcov_lag-7,0.14158608279844914,0.8518984242220083,0.23695037021830048,0.4503403655683029,0.17457917210158094,0.0879411918048095,0.5929829682886403,0.001617954556720136,0.0032860989347081706,0.0008511044575270743,0.0031475545624163994,0.002541661279244156,0.0018570100683477752,0.003622700102494236,0.3623255107145845,0.0024177262802082783,activity_3_catboost_tweedie
ewm_ewma14_fin_usd_rub_rate_pastcov_lag-7,0.8276678168876158,0.351809334144582,0.09096497140556578,0.1945165886222798,0.18797556285692757,0.11618874678615496,0.717786164824072,0.0059485249764569485,0.0014946636632301891,0.0006781459468461426,0.002140983993299206,0.000702538633665517,0.000518616473013056,0.004652240331858737,0.3552727407895997,0.002305102002624256,activity_3_catboost_tweedie
ewm_ewma14_acled_other_rus_armed_clash_pastcov_lag-14,0.5037562225787463,0.44501041858861257,0.5677349357642781,0.4595219921273498,0.2828776195074759,0.1616248789501153,0.12942779990961079,0.0022902278684071133,0.0033923710919405046,0.003518992612247063,0.002274263567596391,0.0015640556686040475,0.0014514438707470712,0.001367850052265407,0.3642791239180269,0.0022656006759725136,activity_3_catboost_tweedie
ewm_ewma14_act_drone_infra_ua_health_intent_pastcov_lag-14,0.9265531238113714,0.48909510684202295,0.6594643546556551,0.714871668661252,0.8485583591669832,0.6709755910994828,0.7675285588286634,0.0032836980827116056,0.002495102425532414,0.0016159372341044919,0.001932014807367488,0.0023666177330779804,0.0019396820328263953,0.0021634768171422624,0.7252923947236329,0.002256647018966091,activity_3_catboost_tweedie
ewm_ewma14_acled_other_rus_armed_clash_pastcov_lag-7,0.3564669504476389,0.3367100070887243,0.24369757690478094,0.2976115108032336,0.22440356013559692,0.3354835778145278,0.2526463655555087,0.0021874872715575535,0.0032947083565408875,0.0022382752910911964,0.002530174957592757,0.0017979486876132933,0.0014610218358839244,0.0016890871062304803,0.29243136410714443,0.00217124335807287,activity_3_catboost_tweedie
ewm_ewma14_acled_other_ua_armed_clash_pastcov_lag-7,0.13293444890834516,0.3190472594314782,0.4609341531787654,0.2677777630338309,0.3091384226693829,0.6893304712037653,0.720140533703337,0.0004273589119727639,0.0015228699620909226,0.002496144837678904,0.0016861748087534378,0.0016173891938599417,0.00289071433800947,0.004358226978839808,0.41418615030412925,0.0021426970044578922,activity_3_catboost_tweedie
ewm_ewma14_com_diplo_bluesecondary_ua_pastcov_lag-7,0.07146442788784059,0.04609603674554405,0.04071468694852931,0.0485186236294546,0.11571784236106383,0.07587735635666946,0.01989186496053817,0.0029088991384970562,0.0017752209937342612,0.0010782367439670538,0.0020982556395605203,0.0018213740506478836,0.003931251729277929,0.0013559448713697853,0.059754405555662866,0.0021384547381506414,activity_3_catboost_tweedie
env_weather_wind_gusts_10m_mean_futcov_lag3,0.017874184456759683,0.07286630083282696,0.05139928367827446,0.9526714684638374,0.21573041471537732,0.012292120168095328,0.023346600714451195,0.0004203124640515643,0.0011074099788533243,0.0005132592397026903,0.010933789020629626,0.0011557708174033455,0.00017551286336461302,0.00039521064608620814,0.19231148186137462,0.0021001807185844815,activity_3_catboost_tweedie
rolling_rmean28_28_total_ru_area_km2_pastcov_lag-7,0.20578833319045087,0.1766289689137359,0.2530076834992784,0.3525378231598311,0.2571422253293797,0.3422116914360398,0.14607368321900532,0.002839562108728666,0.0006845689939203759,0.001845877911590832,0.0025446995913851467,0.002579828500150061,0.0014751383968601539,0.0025488393744966366,0.24762720124967444,0.0020740735538759816,activity_3_catboost_tweedie
ewm_ewma14_acled_other_ua_disrupted_weapons_use_pastcov_lag-1,0.28835245711718327,0.28555274608350406,0.10719059287940959,0.04848964224987967,0.08788530989808824,0.08807928422879728,0.2798578797954674,0.0035292717420651433,0.004577220913981095,0.001007700221389496,0.0005441268905253871,0.0016121741272506318,0.0005945662899304426,0.0026109252595233113,0.16934398746461848,0.0020679979206665007,activity_3_catboost_tweedie
ewm_expdecay7_act_total_damage_events_pastcov_lag-7,0.12061586921704252,0.0036515388723874437,0.044578588779883875,0.04574461693199297,0.08536484740016269,0.1632197563911996,0.16532101673755634,0.0019608606931297732,0.00011171460548820011,0.0008313438806998752,0.0009178116796020097,0.0005040961922955223,0.002707550263656344,0.00740890205696938,0.08978517633288934,0.002063182767405872,activity_3_catboost_tweedie
ewm_ewma14_acled_other_ua_armed_clash_pastcov_lag-1,0.5392255824910214,0.30600173678012205,0.25249876596561127,0.4443410436375095,0.6153690800286528,0.4970107669716334,0.42847919870608797,0.0036890431139540826,0.0017987553147805536,0.0015633223474591728,0.0013683977726431707,0.001627201229287567,0.0025732289045318434,0.001576810130683093,0.44041802494009114,0.0020281084019056405,activity_3_catboost_tweedie
ewm_ewma14_act_drone_infra_ua_energy_intent_pastcov_lag-14,0.1631336852157098,0.1738603322723274,0.12257090695854242,0.047587311322358265,0.20987981565924738,0.0552140495928124,0.0062323935748609316,0.002888464145305791,0.0023071542346237983,0.003048632356535097,0.0006854373061816021,0.0035353003928541237,0.0010735571270239718,0.0004569023659649174,0.11121121351369409,0.0019993497040699,activity_3_catboost_tweedie
ewm_ewma14_acled_other_rus_shelling_artillery_missile_attack_pastcov_lag-1,0.06253571450131068,0.23279797129692434,0.11606014563988512,0.10857786974191978,0.16336946754942036,0.11453342617169361,0.2050981565639688,0.000621517317759479,0.002971878109410864,0.0019585109513618804,0.0015124502443072396,0.0015713173565347516,0.0016339341778835114,0.003643056296678582,0.14328182163787467,0.0019875234934194725,activity_3_catboost_tweedie
env_weather_wind_gusts_10m_mean_futcov_lag6,0.17941856268399597,0.05729370189185478,0.02992852032864856,0.014343554805739287,0.09287148746833186,0.021684145372597764,0.8301423275908664,0.0025803486394439857,0.0005926199604071147,0.0008358809315299531,0.0002559533387323398,0.0012848674960466821,-9.53875968878748e-08,0.008220046840804063,0.1750974714488621,0.0019670888313381785,activity_3_catboost_tweedie
rolling_rmean28_28_fin_usd_rub_rate_pastcov_lag-1,0.3917288266401937,0.9711687794134101,0.5051149237034043,0.44169160865585055,0.3891947200632173,0.703922817250215,0.43554096457122865,0.0020453622860413965,0.0024777554784131796,0.0017806004175339619,0.0015358912932177614,0.0018361951062407123,0.002690461823044754,0.0013616192351008972,0.5483375200425028,0.001961126519941809,activity_3_catboost_tweedie
darts_enc_fc_cyc_dayofweek_sin_futcov_lag4,0.06999354396760002,0.34052671438932924,0.27974284227391627,0.032088763474587716,0.22664936229481564,0.1544736991640321,0.0896565305074101,0.0010610383631510123,0.0045166968498265405,0.0015173689423158665,0.0006311138324766929,0.004199833339083958,0.0009079298372537848,0.0006112840925859509,0.17044735086738444,0.0019207521795276867,activity_3_catboost_tweedie
ewm_expdecay7_fin_usd_rub_rate_pastcov_lag-14,0.3724369790063472,1.1258606260073774,0.05055210723487426,0.10200067434130543,0.19476928024390952,0.0,0.13483618905986766,0.0034846730770554,0.004174238168885225,0.0004907187903339328,0.0014693704280234199,0.0017691758505072653,0.0,0.0019006832298196885,0.28292226512766877,0.00189840850637499,activity_3_catboost_tweedie
env_weather_wind_gusts_10m_mean_futcov_lag0,0.7686204748318032,0.0597429490208777,0.03545093504084726,0.008015891574272151,0.030816511458206387,0.14300986163828258,0.019777325505856112,0.008552530230339528,0.0010568528025101775,0.000448797075013041,7.416107474067513e-05,0.0004303328524154049,0.0021212117546071108,0.0005695736232884885,0.15220484986716368,0.0018933513447020607,activity_3_catboost_tweedie
env_weather_cloud_cover_mean_futcov_lag4,0.16024269697325622,0.05201590836365472,0.018210882055765723,0.02552673505066591,0.6408879850932546,0.012042025180509602,0.0020574107220034605,0.0043294374353704205,0.0012546021941493013,0.0008066224987419268,0.0002912796288318864,0.006205788026369485,-1.2151072960331356e-05,4.547423110254911e-05,0.13014052049130145,0.0018458647059436055,activity_3_catboost_tweedie
env_weather_wind_speed_10m_max_futcov_lag6,0.0995517247867016,0.046499723652735026,0.08977359270303249,0.04457465404493605,0.19530945902214694,0.05391732678663654,0.6753713754669565,0.0012063681854465492,0.0011405835625399208,0.0008306104536206727,0.000494437398085723,0.002550952442673715,0.0004910853926933578,0.006189552106594287,0.1721425509233064,0.0018433699345220321,activity_3_catboost_tweedie
ewm_expdecay7_com_aid_humanitarian_pastcov_lag-1,0.32030100804187495,0.31765309123578267,0.14427729639232278,0.038965953087197636,0.2824459634259674,0.06440062253680726,0.02245565323066617,0.003031281783090889,0.002784653224412281,0.0016720157090071685,0.0002858993595507453,0.00445910400002465,0.000190647036139846,0.0003184478789676648,0.17007136970723127,0.0018202927130276064,activity_3_catboost_tweedie
ewm_ewma14_dist_to_nearest_contested_km_pastcov_lag-1,0.29402370634686753,0.1913377274436387,0.16591907547169404,0.24829352183313014,0.17675843443982758,0.3031784423886892,0.24472508611822222,0.0022540180035057087,0.0021934356930869646,0.0010300018799176414,0.0019406927383761152,0.0015730738939297995,0.0017298415983392212,0.001958721495748006,0.23203371343458135,0.0018113979004147792,activity_3_catboost_tweedie
env_weather_wind_gusts_10m_max_futcov_lag0,0.7652788707908308,0.11696654950454394,0.02646385923143406,0.0569449784408144,0.052316395212182384,0.08860892431319911,0.02514061061072601,0.007249621792813343,0.0007323281887783306,0.00042839158287943935,0.0014368724274322231,0.0007858037925096983,0.001558637328472412,0.0003881115789454048,0.1616743125862472,0.0017971095274044078,activity_3_catboost_tweedie
env_weather_wind_gusts_10m_max_futcov_lag6,0.0817079269842665,0.010534791764114855,0.03817539885639187,0.016309282959988625,0.14722886719799733,0.017200144026084344,0.8613766842960302,0.0007254323998490797,0.00026738941533892556,0.0005586258146785151,0.00027992225710540277,0.0019104625836505295,0.00037892176950129477,0.008447641821726836,0.16750472801212482,0.0017954851516929406,activity_3_catboost_tweedie
ewm_expdecay7_act_total_daily_strike_events_pastcov_lag-7,0.667874739172587,0.9170990660581576,0.13352041027800515,0.23997101356112427,0.03260066097554734,0.034699484006478834,0.035397655562609986,0.004251816557759702,0.005090326924053823,9.06669610711841e-06,0.0007562636786456745,0.0013188163852029255,0.0006945610996003327,0.00014453315525577714,0.2944518613735015,0.0017521977852321935,activity_3_catboost_tweedie
rolling_rmean28_28_dist_to_nearest_contested_km_pastcov_lag-1,0.28226571692329,0.2351841937611765,0.20389783780365145,0.27480079221006587,0.2296345339469715,0.226089254109122,0.2662762412887316,0.001818443063049302,0.0019095358650350392,0.001746455668446889,0.0011888644694184602,0.0007662543872406058,0.00243365799046924,0.002346967954587198,0.24544979572042983,0.0017443113426066762,activity_3_catboost_tweedie
rolling_rmean28_28_total_ru_area_km2_pastcov_lag-1,0.2540209532626406,0.08661562440081412,0.17441729726984484,0.1319351848472983,0.3595524391854609,0.11113324635238066,0.22522339795516386,0.0023586235659698975,0.0009686098627077477,0.000867012436270187,0.0008278052449221196,0.0030431530245603744,0.0017952295211193902,0.002331131343414894,0.19184259189622904,0.00174165214270923,activity_3_catboost_tweedie
darts_enc_fc_cyc_dayofweek_cos_futcov_lag5,0.10515135034791495,0.030443381539580087,0.04970661805986767,0.14088066632642476,0.23447643215234978,0.09319675270143775,0.04372438233180785,0.0026200984767957847,0.0002631169732222105,0.0003844745933415217,0.002026232842486575,0.0052716074888619294,0.0004857979276759128,0.0010289463812201305,0.09965422620848328,0.0017257535262291523,activity_3_catboost_tweedie
rolling_rmean28_28_dist_to_nearest_contested_km_pastcov_lag-7,0.213386189100202,0.21779677897358485,0.09406551083745247,0.27194052342940117,0.190117967423365,0.18724166242523768,0.3220110264065737,0.0020110164372488582,0.002627781178889066,0.0008518657927526485,0.001426965046556017,0.0011469176182053343,0.001937399451595745,0.0016362159289734057,0.21379423694225957,0.0016625944934601533,activity_3_catboost_tweedie
darts_enc_fc_cyc_dayofweek_sin_futcov_lag5,0.04690283290727106,0.09147827870326133,0.14996055891887522,0.17304249530812194,0.0708200392497443,0.19955353266770345,0.1243099922315115,0.0005974598032185696,0.0008883535519521368,0.0030680720632389356,0.0008773239493750529,0.0009914128301370395,0.0036780541453288462,0.0014530582448529338,0.12229538999806984,0.0016505335125862161,activity_3_catboost_tweedie
rolling_rsum14_14_dist_to_nearest_contested_km_pastcov_lag-7,0.17084464554295162,0.20433347941937127,0.2721496333882349,0.23739013616047847,0.23636930210134657,0.11357102953019688,0.40754197887670424,0.0015997808564691019,0.0017876031167570528,0.0025794992471362523,0.0012399727563119135,0.0013549077103337305,0.00035399061811898226,0.0025123020645460236,0.23460002928846913,0.0016325794813818652,activity_3_catboost_tweedie
ewm_ewma14_acled_other_rus_shelling_artillery_missile_attack_pastcov_lag-14,0.1892601614405679,0.09646987203329206,0.038333938600044165,0.11544687192771325,0.1353263599489922,0.06448225488502615,0.08896708817951461,0.0027263458694314346,0.0016135660640157479,0.0008491454400709975,0.0018428472622355363,0.0016734197773389692,0.0011733943658735146,0.001297715222591811,0.10404093528787861,0.0015966334287940017,activity_3_catboost_tweedie
darts_enc_fc_cyc_dayofweek_cos_futcov_lag2,0.07326059281652549,0.26860261597935775,0.3210643712013151,0.047131503106299905,0.1510852620328189,0.1820711112816411,0.031780846579435994,0.0010782020188178753,0.0028720465201601763,0.0016583418424544138,0.0006648907503534973,0.00305647138595726,0.001559494720018173,0.0002419061044911741,0.15357090042819915,0.00159019333460751,activity_3_catboost_tweedie
rolling_rmean28_28_dist_to_nearest_contested_km_pastcov_lag-14,0.3309462204830309,0.4330575038913588,0.3351178465850941,0.24082239787755533,0.4036575270553218,0.3028097646068491,0.3771803475524681,0.0014278414510318527,0.0021026819082291316,0.0017778179129754879,0.001341825555055931,0.001467963236971337,0.000746849894335444,0.0021919974081205497,0.34622737257881114,0.0015795681952456761,activity_3_catboost_tweedie
env_weather_cloud_cover_mean_futcov_lag5,0.009480213377832069,0.12838426748829643,0.07993543049333449,0.018573717721364097,0.0007326565863312823,0.6039978626890243,0.0337767603819924,0.00037587399950322897,0.0024404125989957006,0.0022730009985807874,0.00027322821282882437,0.00013227557615191898,0.004882567075531674,0.0006147385943239935,0.12498298696259645,0.0015702995794165896,activity_3_catboost_tweedie
rolling_rmean28_28_acled_other_rus_shelling_artillery_missile_attack_pastcov_lag-14,0.13785212513244238,0.13394589403475723,0.2631327124081861,0.1496123888096399,0.11395318676648791,0.18350850115260972,0.05517489237666749,0.0016087750621622155,0.0021825482659498575,0.001052755121990523,0.0023158503364862472,0.0015780217888834657,0.0013775417047344972,0.000716951916495212,0.1481685286686844,0.0015474920281002883,activity_3_catboost_tweedie
env_weather_cloud_cover_mean_futcov_lag3,0.10500345268431692,0.01940674314433167,0.016188588338799048,0.568095447777435,0.05045765409105423,0.0015845976003644562,0.05795924139565429,0.0022550067114759597,0.0006374956949014354,0.00033864945251904643,0.005955034862209496,0.000724223654936762,0.00014098393470460824,0.0007558666391557223,0.11695653214742223,0.0015438944214147185,activity_3_catboost_tweedie
ewm_expdecay7_dist_to_nearest_contested_km_pastcov_lag-14,0.1718402206521368,0.14483241242900002,0.19036274567564795,0.19912576168978127,0.5162673078596959,0.1732798114683365,0.11180703600544366,0.0015699145934483737,0.0009542800336319823,0.0015469906299339976,0.0014784990748735627,0.0031117321260259343,0.0015522168871416441,0.0004504592348726355,0.21535932796857743,0.00152344179713259,activity_3_catboost_tweedie
darts_enc_fc_cyc_dayofweek_cos_futcov_lag1,0.15421376378702112,0.22006200633349352,0.053022093368013466,0.15591430748710924,0.16439971870614029,0.020932026746053545,0.1398935578302451,0.0022921101445675606,0.0010205844250835484,0.0005162049126997248,0.003962364377355199,0.0011174409438203358,0.00015189560352562025,0.0015993630840805961,0.12977678203686804,0.0015228519273046551,activity_3_catboost_tweedie
darts_enc_fc_cyc_dayofweek_sin_futcov_lag0,0.17510789896454376,0.21970952126799811,0.10229295559493139,0.06150904790806563,0.1662513750507511,0.16593684888200616,0.030967829354500397,0.00260521810795451,0.0027897634786678616,0.0004196564802897651,0.0008199941298433933,0.0022609694631714693,0.0010393667253424388,0.0005951250686678123,0.13168221100325664,0.0015042990648481789,activity_3_catboost_tweedie
ewm_expdecay7_fin_usd_rub_rate_pastcov_lag-7,0.22193815029141795,0.6062087120472789,0.13036896030107112,0.08918800400117034,0.10450282655547814,0.1209791271178186,0.1890764790174888,0.002606220495602507,0.003088041948089826,0.00028828396098155016,0.0010120189215866659,0.0012811763840650191,0.00041614349673706473,0.0017379368802480587,0.20889460847596059,0.0014899745839015276,activity_3_catboost_tweedie
darts_enc_fc_cyc_dayofweek_sin_futcov_lag6,0.0860193638296789,0.07711037296834013,0.045822553597620407,0.2035870229914579,0.24890377083993398,0.05495019788775975,0.21538619401663647,0.001502723449298271,0.00040539239962200657,0.00040815709348562823,0.0035632794820876336,0.001336918407037424,0.0008359421686148227,0.002363191756893168,0.1331113537330611,0.0014879435367198507,activity_3_catboost_tweedie
env_weather_wind_speed_10m_mean_futcov_lag5,0.20424089343273388,0.04515023667422164,0.006361353957919279,0.061395327898017875,0.041552861321119974,0.5500355708886469,0.061881360233460886,0.0032816010455335,0.00050407114391815,9.429916618564071e-05,0.0014838619644728323,0.0002460499271506711,0.003952607373464967,0.0004986564660734771,0.1386596577723029,0.0014373067266856053,activity_3_catboost_tweedie
rolling_rsum14_14_dist_to_nearest_contested_km_pastcov_lag-1,0.0867180840379066,0.3508519012426048,0.15426593693299612,0.15735767452223068,0.20066265313914544,0.22901171618059182,0.31625373081466135,0.0007270778824014501,0.002554225193441151,0.0018727193402140684,0.0011553898494164993,0.0009489651460504733,0.0013247485518559144,0.0014475958886952744,0.213588813838591,0.0014329602645821189,activity_3_catboost_tweedie
env_weather_wind_gusts_10m_max_futcov_lag4,0.037594202823927315,0.02291330519218778,0.163649320681406,0.006648715047636938,0.9810081489450728,0.05341337039744392,0.01827709812480889,0.0005254451393638338,0.000377763320040847,0.0016867900490500133,0.00012623450096591605,0.006167794984243358,0.0008842418003236041,0.00024832035455657486,0.18335773731606908,0.001430941449792021,activity_3_catboost_tweedie
ewm_expdecay7_total_ru_area_km2_pastcov_lag-14,0.06625416806444244,0.05336477231992168,0.4077002745749367,0.2799565744336749,0.17901005729927635,0.5608618492905926,0.38268480685465694,0.0010950200991730608,0.001404339280406819,0.001112031202752739,0.001639502292676087,0.0004637109243970317,0.0021685883120188707,0.0020791627479360697,0.27569035754821447,0.0014231935513372399,activity_3_catboost_tweedie
env_weather_wind_gusts_10m_mean_futcov_lag5,0.08061366375660918,0.04204926064126497,0.007116078794301929,0.04358024055036773,0.020081586007696235,0.813235934143938,0.14897985204124645,0.0011182062059977627,0.0004772678915249573,6.0164054041411674e-05,0.0012574912216383848,0.0001734661659698711,0.0061981124157161945,0.0006669919941171054,0.1650938022764892,0.001421671421286527,activity_3_catboost_tweedie
ewm_ewma14_acled_other_rus_disrupted_weapons_use_pastcov_lag-14,0.30868424536111727,0.16056692735224676,0.09029446823795342,0.2047854058906027,0.40040025186013684,0.19434543595997375,0.0655280233388205,0.001586643571813351,0.001555795614555855,0.0009225784605632059,0.0011604878903225923,0.0015077933306420822,0.0024635279118093933,0.0007382918891283508,0.20351496542869302,0.0014193026669764043,activity_3_catboost_tweedie
env_weather_wind_speed_10m_mean_futcov_lag1,0.07190703734142374,0.5462973544077011,0.05054632454856018,0.02068375881032844,0.05219092913164513,0.06668983836672414,0.09284577338827223,0.0006687876822945915,0.004621551254767753,0.00018566180908976548,0.0006371895796877469,0.0006305095762332957,0.0016219149111465826,0.0013428504469113812,0.12873728799923645,0.0013869236085901594,activity_3_catboost_tweedie
env_weather_cloud_cover_mean_futcov_lag6,0.06103414947401811,0.015901353484614418,0.19107527140406017,0.061736021724653256,0.0022228357626959006,0.014812179703234885,0.4887998616896324,0.0003765487811762336,0.0005276174737557593,0.003372441807626614,0.0007915682843996352,6.576222532410636e-05,0.00029461326194792916,0.004233398821563372,0.11936881046327273,0.0013802786651133786,activity_3_catboost_tweedie
env_weather_wind_gusts_10m_mean_futcov_lag2,0.08067538942247524,0.09083560892466908,0.7345547641439584,0.22247625880596664,0.016865242906530006,0.014906981650649062,0.03307524315766052,0.0012032381263274328,0.0009316756798898318,0.005079577158658077,0.0015184809705531155,0.00023075981279498947,0.00027318791130972466,0.00032069282679918486,0.17048421271598696,0.001365373212333194,activity_3_catboost_tweedie
env_weather_wind_gusts_10m_max_futcov_lag3,0.0030986449607400693,0.12601183452149262,0.026550006803642646,0.6988537397145557,0.11057993617591602,0.016169802428836918,0.02832814076850236,2.6117057928365383e-05,0.0013040553382423826,0.00037593094710413054,0.005847336816616466,0.000749578045613486,0.0002825742197169356,0.0009472520334336653,0.14422744362481232,0.0013618349226650617,activity_3_catboost_tweedie
ewm_ewma14_acled_other_rus_disrupted_weapons_use_pastcov_lag-7,0.14002387697840266,0.2151632139141359,0.11972586518448683,0.14642497478565872,0.15099794234893824,0.21006290466469896,0.1976883956453962,0.0010052586667759877,0.002425223673418486,0.0005185761550167145,0.0012958305288402582,0.0009850959198371533,0.0013535935985554914,0.0019061698891533752,0.1685838819316739,0.0013556783473710667,activity_3_catboost_tweedie
ewm_ewma14_dist_to_nearest_contested_km_pastcov_lag-14,0.3403106627281483,0.20262619825387093,0.15809918949067991,0.27513415008734593,0.18914924430314986,0.17012524713618893,0.48543211283397947,0.0014417154118061993,0.000965088570725614,0.0007438127917767323,0.0015335138735984798,0.0011503351108767435,0.0013097934533717215,0.002342021794136251,0.2601252578333376,0.0013551830008988201,activity_3_catboost_tweedie
darts_enc_fc_cyc_dayofweek_sin_futcov_lag1,0.06079772783982758,0.13682770110486478,0.24654362982842135,0.044605083754560806,0.10580961513227342,0.04345419722596455,0.07265702131581447,0.0006202006424085082,0.002195904234594326,0.003799452431550221,0.00037715067470991406,0.0008793712608434534,0.0012707359414465768,0.00031017856339021765,0.10152785374310384,0.0013504276784204597,activity_3_catboost_tweedie
env_weather_cloud_cover_mean_futcov_lag0,0.49014558865521296,0.03659820939281456,0.01162164284211869,0.05409377637295648,0.003166416350817372,0.054025405351955484,0.0735104298619344,0.0061319480718819985,0.00041408143564158895,0.0003828470253407712,0.0012289460020878274,0.0003038101221202405,0.0007204212670839149,9.643854415319897e-05,0.10330878126111569,0.0013254989240442203,activity_3_catboost_tweedie
env_weather_wind_speed_10m_mean_futcov_lag6,0.04292139673895687,0.05059969310535683,0.05448275637563117,0.008281436619205346,0.09705433803915017,0.014405478787403914,0.5197155876071546,0.0011043700576566673,0.00041952304266126286,0.0007733679782392589,7.392813687510103e-05,0.0010235332806148856,9.179119593123452e-05,0.005771970641938506,0.1124943838961227,0.001322640619130988,activity_3_catboost_tweedie
env_weather_wind_gusts_10m_mean_futcov_lag1,0.03306110700693189,0.7546937872647176,0.2664950390271856,0.0068016379203707554,0.04675325885339669,0.05811492376068503,0.11633263651799569,0.000417337201642054,0.004689256050025614,0.0011238180146573296,5.045530044671676e-05,0.0006753421441222596,0.00046450074473705085,0.001796142635624065,0.1831789129073262,0.0013166931558935841,activity_3_catboost_tweedie
ewm_ewma14_acled_other_ua_disrupted_weapons_use_pastcov_lag-7,0.20917809611438362,0.06376744946489087,0.09036836872633579,0.01790915978702069,0.027094431097398838,0.039521426818940913,0.0683158223586172,0.003136435105003099,0.0015024465005376575,0.0023657851647379768,0.0005461437251185197,0.000789088017399231,0.0006263416368334829,0.0002484589742741017,0.07373639348108399,0.0013163855891291528,activity_3_catboost_tweedie
darts_enc_fc_cyc_dayofweek_cos_futcov_lag-2,0.18309218571317612,0.07514895800623057,0.001209510072383598,0.0973069849656132,0.18538424447615234,0.17677202899761063,0.023903217457928855,0.0021523166811775905,0.0006693531204124525,0.00010520418343216154,0.0016342476196497425,0.0036556221740642546,0.0007624982509001788,0.00020947890147946513,0.10611673281272792,0.0013126744187308352,activity_3_catboost_tweedie
ewm_ewma14_dist_to_nearest_contested_km_pastcov_lag-7,0.2752566126894831,0.3813398882908693,0.15634215576545796,0.3601045544657063,0.15088860681688754,0.3560389689607876,0.3494568947785669,0.0012508619047711944,0.0017249625190529194,0.001020759355061518,0.0016222565038312541,0.0010836397554019328,0.0011588654765344098,0.0012955863848198134,0.289918240252537,0.0013081331284961488,activity_3_catboost_tweedie
darts_enc_fc_cyc_dayofweek_cos_futcov_lag6,0.013144658796387753,0.09724235840456058,0.1907891975402709,0.030281832545352976,0.13477318474029204,0.16021130861669555,0.12363672329265482,0.00011869834209701224,0.0014278456047460697,0.0009151580148963001,0.00046127188935138894,0.0018764256399213864,0.003669378474076934,0.0006195215506800134,0.10715418056231639,0.0012983285022527293,activity_3_catboost_tweedie
darts_enc_fc_cyc_dayofweek_cos_futcov_lag-1,0.03177498050795201,0.19206530777942102,0.13680871703978686,0.03236031412844141,0.1461209997283485,0.14959987797877022,0.025567468686344436,0.0003044535082492361,0.002484286392607249,0.0014154018908062894,0.00045215837374084077,0.0022345960546993338,0.002065401494340846,5.431792993626505e-05,0.10204252369272349,0.0012872308063400085,activity_3_catboost_tweedie
ewm_expdecay7_act_total_damage_events_pastcov_lag-1,0.15419235033380063,0.08883581797384268,0.19066482466437126,0.08571977621423214,0.06772512167742203,0.04449377087480981,0.04388041607559499,0.0012479655584448413,0.0018594489524462522,0.0010363702131446883,0.0007744229257702795,0.0007254007621858794,0.0023885410992424473,0.0008220935538870711,0.0965017254020105,0.0012648918664459228,activity_3_catboost_tweedie
env_weather_wind_speed_10m_mean_futcov_lag3,0.0,0.0678745350533684,0.02227270344918595,0.5994327194817126,0.08544234927057874,0.0,0.060354833942519504,0.0,0.0008888966657038422,0.000269005696265312,0.005470366750036604,0.0006254202712752787,0.0,0.0015076534826720556,0.1193395915996236,0.0012516204094218703,activity_3_catboost_tweedie
darts_enc_fc_cyc_dayofweek_cos_futcov_lag0,0.07245017801474549,0.011317182903429897,0.2046724660686592,0.21927581953148037,0.0784516759786017,0.1804598381155897,0.11252831993467638,0.0006515130220111409,0.00012163162311706888,0.0023662630569836196,0.001559118356414113,0.0005737297464409874,0.001549306640577197,0.0018680913427867375,0.12559364007816895,0.0012413791126186949,activity_3_catboost_tweedie
env_weather_wind_gusts_10m_max_futcov_lag2,0.1639233102868375,0.018597194341418734,0.6311235281388203,0.07454511842709723,0.010895539583995433,0.03896790476679748,0.03698905688813685,0.0020613385665676056,0.00018944560655373977,0.004534475382259951,0.00022589288119756468,0.00011122540065462427,0.0008670416514675594,0.000558336438961704,0.1392916646333005,0.001221107989666107,activity_3_catboost_tweedie
ewm_expdecay7_acled_other_ua_disrupted_weapons_use_pastcov_lag-7,0.08158508477958457,0.05481171549534551,0.05149073648393695,0.13300089691117883,0.012423077229516612,0.08947643748794468,0.047234945956628756,0.0006637668224647397,0.0013961343006935634,0.0007827847949679612,0.0028900899762662746,0.0003831309830596874,0.0011914279978162633,0.0012390189807807595,0.06714612776344799,0.0012209076937213215,activity_3_catboost_tweedie
rolling_rsum7_7_acled_other_rus_shelling_artillery_missile_attack_pastcov_lag-1,0.08290783166813606,0.059539473069938384,0.12636083233869264,0.009718740971876607,0.07796128989928132,0.14769037278166594,0.03088225125990306,0.0006241942550653246,0.0010955239898019053,0.0014800036105218962,0.0005048983199533285,0.001313962805677127,0.002710108093798369,0.0008130370771451956,0.07643725599849914,0.001220246878851878,activity_3_catboost_tweedie
darts_enc_fc_cyc_dayofweek_cos_futcov_lag4,0.03770148020178926,0.02261281659436867,0.08797613307512397,0.2621609586180085,0.23544200345511435,0.027618874855400943,0.11186454989909467,0.00046639048532719495,2.4698550519386408e-05,0.0012471864326230263,0.003403795343621763,0.0013894706442739713,0.00031167643551257564,0.0012061914898885196,0.11219668809984291,0.0011499156259666338,activity_3_catboost_tweedie
ewm_ewma14_acled_other_rus_shelling_artillery_missile_attack_pastcov_lag-7,0.06757456575087895,0.10655179804217108,0.04187398293377854,0.08441710210473276,0.10194355546710376,0.07177336094480727,0.08644518611895144,0.0015809030454931206,0.000784310892146145,0.0006880021435874184,0.0012199112751311247,0.001079461373091628,0.0012029615037882023,0.0013898487356997613,0.08008279305177482,0.0011350569955624857,activity_3_catboost_tweedie
env_weather_wind_speed_10m_max_futcov_lag4,0.018945744229757915,0.034625428514731854,0.08866159616028636,0.03793027124712994,0.5518078395671967,0.03803998556533233,0.006697924404410175,0.00035218821191032037,0.0003226065198557171,0.0013593402828462552,0.00045882337719458375,0.004893521110156796,0.00039393655124499995,0.00013825586817934888,0.11095839852697789,0.0011312388459125743,activity_3_catboost_tweedie
rolling_rsum14_14_dist_to_nearest_contested_km_pastcov_lag-14,0.23121095728481714,0.22990391006872196,0.12642576463845243,0.1725540377803747,0.2652768167194404,0.3402695477195933,0.10852689460919375,0.0011170953730196055,0.0019303994246339107,0.0008265297855414522,0.0007424384765304382,0.0013138427206697445,0.0012076730858272544,0.0005703090602739546,0.21059541840294196,0.00110118398949948,activity_3_catboost_tweedie
env_weather_wind_speed_10m_mean_futcov_lag-1,0.149546645629744,0.027240906542483487,0.05448646829039375,0.07006705496286812,0.08693577943750223,0.05572863923990589,0.20455789930136842,0.00039216922655394004,0.0009940827058014356,0.0007961640243011381,0.0007630854599196324,0.0019475682293841555,0.0005838289069131974,0.0022133550041873564,0.09265191334346656,0.0010986076510086935,activity_3_catboost_tweedie
darts_enc_fc_cyc_dayofweek_sin_futcov_lag3,0.05492308843587301,0.052377329263306883,0.07343249254910517,0.16851210560798074,0.09732266629741858,0.10566687491256974,0.0829650166495278,0.0009289688007486196,0.0005897332697511803,0.0005383603350379351,0.0028120476584570842,0.0012265208931396376,0.0005987108134087426,0.000940260086365896,0.09074279624511171,0.001090657408129871,activity_3_catboost_tweedie
ewm_ewma14_com_diplo_bluesecondary_ua_pastcov_lag-14,0.010408232754052529,0.027430062321606212,0.03823659794372485,0.03370985763909284,0.013780835854057795,0.009969742723027976,0.012186892811169713,0.0002922259284949158,0.003083301050710241,0.0012755552602427222,0.0015280746247189115,0.0005927598447900805,0.0005388462180484721,0.00029208049025564176,0.02081746029239027,0.0010861204881801407,activity_3_catboost_tweedie
env_weather_wind_speed_10m_mean_futcov_lag2,0.04004059379629335,0.022177206151628645,0.5958972926484086,0.1067134325595806,0.01956835201426365,0.04933019231654466,0.004845984497861275,0.0006880898152128001,0.00027767637638904664,0.0047883548226966164,0.0006084710550396943,0.0003148435219698431,0.000752775738480449,0.00010819025827604189,0.11979615056922584,0.0010769145125806416,activity_3_catboost_tweedie
env_weather_wind_gusts_10m_max_futcov_lag1,0.014282257107569151,0.7375309747699278,0.05230313113258418,0.020926371448201447,0.04228567004517785,0.025485123819412998,0.04729168585828256,0.00013786145211136525,0.004918299693812278,0.0001380843370832885,0.00029352334388761393,0.00095943982602269,0.0004939266062932602,0.000563112135508348,0.1343007448830223,0.001072035342102692,activity_3_catboost_tweedie
darts_enc_fc_cyc_dayofweek_sin_futcov_lag-2,0.017779629096655786,0.1370626574021299,0.14231134703288448,0.169573924602978,0.006493208485249669,0.13077999988486322,0.1446770139741164,0.0001708749764486539,0.0016492778065398284,0.002077067518186304,0.0004822676774634216,6.498374396255447e-05,0.0013761306768048209,0.0016682799079617671,0.10695396863983962,0.0010698403296239072,activity_3_catboost_tweedie
env_weather_wind_gusts_10m_mean_futcov_lag4,0.040732181812920404,0.007749593299898209,0.057866581117264546,0.06772499274925226,0.7183883063385565,0.14936587362859627,0.014717500881291312,0.00043857103465174687,-7.1367236800679025e-06,0.0008228779865660618,0.0006366168592841115,0.004435982120767101,0.0006565554358346493,0.0004164634097205022,0.15093500426111137,0.0010571328747348721,activity_3_catboost_tweedie
rolling_rmean28_28_acled_other_rus_shelling_artillery_missile_attack_pastcov_lag-7,0.21722390112143747,0.036694541473730996,0.09775915843384077,0.07909922656424186,0.05417582579482721,0.03003039268787125,0.14211734651785893,0.0023464190618870174,0.0003231317258906463,0.001675474819229339,0.0006083080177814671,0.0007476134892454133,0.0002695207548238709,0.0013357095641758575,0.09387148465625836,0.0010437396332905159,activity_3_catboost_tweedie
env_weather_wind_speed_10m_max_futcov_lag3,0.009800697575885595,0.0652777236477451,0.016481088406548168,0.4477275133559829,0.045982751267299116,0.02621617135983262,0.03194455735501003,0.00025704399634387534,0.001016930682734163,0.0002474956474399992,0.004105378579158247,0.0007392815248590701,0.000420187226618296,0.00046562803975978004,0.09191864328118622,0.0010359922424162042,activity_3_catboost_tweedie
rolling_rmean28_28_total_ru_area_km2_pastcov_lag-14,0.19079121075928995,0.13621607739905572,0.1478294557199694,0.1475817264556614,0.1011664789571673,0.1697970998825996,0.23830934913760912,0.0011408687339132585,0.0006998606939801367,0.0013687871562489962,0.0013686139977132194,0.0008301824721069773,0.0008691246757200454,0.0009265503804715358,0.16167019975876462,0.001029141158593453,activity_3_catboost_tweedie
env_weather_wind_gusts_10m_max_futcov_lag5,0.057217038079302576,0.058078894370626494,0.007432496700192308,0.18031737369649853,0.007241815065274568,0.7351095417599174,0.06562816140509803,0.000161876260535454,0.0005760958608057587,4.586687593124417e-05,0.0022170797517066633,0.0002313273128207838,0.0029786738845540396,0.0008340518738091829,0.15871790301098712,0.0010064245457375896,activity_3_catboost_tweedie
ewm_expdecay7_com_aid_humanitarian_pastcov_lag-7,0.004866326583697321,0.018811776206441998,0.022476686963363055,0.03625753528031228,0.07542398788471472,0.19438019885640342,0.16196987141635483,0.0001772033908063575,0.000639327940380463,0.000940816190352689,0.0008757917663390735,0.0008560401946391183,0.0020280468873324687,0.0015276058828620042,0.07345519759875538,0.0010064046075303106,activity_3_catboost_tweedie
env_weather_cloud_cover_mean_futcov_lag2,0.03768427246247624,0.0,0.4212284846848253,0.012433902990810078,0.012459938325362182,0.08158330979791382,0.06938612643658264,0.0008769444855693198,0.0,0.0036610316128355747,0.00039795093277650295,0.00021589587680044265,0.001210085797545757,0.0006050840050650485,0.09068229067113862,0.0009952846729418066,activity_3_catboost_tweedie
env_weather_pressure_msl_max_futcov_lag2,0.005697697449922018,0.03549030068601785,0.09224879556712058,0.0907180690948467,0.07646566076714642,0.04521506655279902,0.02875609371697805,4.750555443022719e-07,0.00016027990312521555,0.002646872193528904,0.001523277944894086,0.0007948548742153783,0.0005287846684981279,0.0010411835968058946,0.053513097690690084,0.0009565326052302726,activity_3_catboost_tweedie
env_weather_wind_speed_10m_max_futcov_lag1,0.06947030317645193,0.48323864417436,0.07322769121915762,0.021774764949362674,0.07937542599363621,0.036164171848049834,0.0972913508911925,0.0005260732817461422,0.003139974299633663,0.00014204953135299458,0.00026280234872504414,0.0011756300281782427,0.00036819807820931416,0.0010412813087200545,0.12293462175031585,0.0009508584109379222,activity_3_catboost_tweedie
env_weather_wind_speed_10m_max_futcov_lag-2,0.006053120657553929,0.09666449359426285,0.0850450724642913,0.20755969191542215,0.07103510136361467,0.03490198956378163,0.029510950231660952,0.00015783480481226241,0.0013730113034503555,0.0009622574537049733,0.001766612134341128,0.0010399496080094827,0.0007156812236351673,0.0006264930409386916,0.07582434568436965,0.0009488342241274373,activity_3_catboost_tweedie
env_weather_cloud_cover_mean_futcov_lag1,0.013469217280698572,0.49127340735691205,0.004930333011510945,0.011687624863924313,0.040858230958700066,0.0037644752739787943,0.031011622656964437,0.0004923712702144201,0.0036563169418528663,5.9411797442843195e-05,0.0003314018808198149,0.0013172194200328003,6.401101829305312e-05,0.0006319152461759181,0.08528498734324132,0.0009360925106902451,activity_3_catboost_tweedie
env_weather_wind_speed_10m_max_futcov_lag2,0.10131941197654319,0.02318778410648097,0.45453582919876034,0.050442084668179045,0.007663570783079978,0.044409111664341805,0.030914764761685528,0.0011708416736598392,0.0004772541534279418,0.0027775254858212195,0.00046147886739362766,4.2318759909854006e-05,0.001109040822020968,0.0004898278758005414,0.10178179387986727,0.0009326125197191417,activity_3_catboost_tweedie
env_weather_wind_gusts_10m_max_futcov_lag-2,0.011909749809845839,0.10463433272092817,0.06825362724572602,0.09608942773,0.04007336820130472,0.052985397581312724,0.013586064682000494,0.00021969356138269448,0.002579300391735662,0.000988197072746466,0.0010410173524408428,0.0005160912132384122,0.0006293713469768703,0.0005241780477442948,0.05536170971015971,0.0009282641408950345,activity_3_catboost_tweedie
env_weather_wind_speed_10m_mean_futcov_lag0,0.4505682954553883,0.09214138069837818,0.01286938442780987,0.0630377045034536,0.015068690448924794,0.10684569347078106,0.029632718101528552,0.0034060222366777194,0.0005136523575030916,0.0001282870302584893,0.0008263018470656691,0.00018891718705829063,0.0012507322091895201,0.0001408949239181556,0.11002340958660918,0.0009221153988101337,activity_3_catboost_tweedie
ewm_expdecay7_act_total_damage_events_pastcov_lag-14,0.5152714370146453,0.04099290946786469,0.05954194171018616,0.05613412885521304,0.0779237963137024,0.10211282327422054,0.08346904166259737,0.002064607884853231,0.0015620905260722128,0.0006145809477655195,0.00044467076523193596,0.0008087494496538783,0.00034084425995328793,0.0005890554105776102,0.1336351540426328,0.0009177998920153823,activity_3_catboost_tweedie
darts_enc_fc_cyc_dayofyear_cos_futcov_lag-2,0.05208494060280565,0.09113167423366797,0.053704563686821055,0.12344371511876985,0.0476785314062803,0.1621290361214582,0.03042357582460072,0.0003162172079328229,0.0006036183934023942,0.0012162548639030213,0.0015805039053482517,0.0011179363812980903,0.0012111772280295474,0.0002602711617740505,0.0800851481420577,0.0009008541630983112,activity_3_catboost_tweedie
ewm_ewma14_acled_other_ua_disrupted_weapons_use_pastcov_lag-14,0.03490186776550136,0.17295975607162412,0.06761231921067977,0.14554156906846924,0.05980280614919938,0.023655744840352565,0.11025824119796315,0.0005398993885131099,0.0015951115984396802,0.0010311943083279207,0.0012773380089808883,0.0005072977508677079,0.0007172064105053666,0.0006022224985994917,0.08781890061482708,0.0008957528520334521,activity_3_catboost_tweedie
env_weather_wind_gusts_10m_max_futcov_lag-1,0.1368239582281705,0.025192782819150075,0.08469713283075495,0.04202469514095078,0.120870842145506,0.019869520894262166,0.025985607681397488,0.0010406914246094523,0.0004278307890847044,0.0018255168645282317,0.0006598739377464691,0.001311910821171458,0.0005583885440693992,0.00038100546376489407,0.06506636282002742,0.0008864596921392296,activity_3_catboost_tweedie
darts_enc_fc_cyc_dayofweek_cos_futcov_lag3,0.0,0.08960765313776123,0.2028439096760978,0.0773259692484106,0.0,0.189356338659285,0.03893526402403485,0.0,0.0010645534654404986,0.0021149662463280537,0.0002203191237421187,0.0,0.0026662987109598245,0.00010015509704059955,0.08543844782079849,0.0008808989490730136,activity_3_catboost_tweedie
rolling_rsum7_7_acled_other_rus_shelling_artillery_missile_attack_pastcov_lag-14,0.15032315327343826,0.02907927765103139,0.07276827754252405,0.05723315057836619,0.07106410728624132,0.09658648480777511,0.0647885453922907,0.0017090114694179094,0.0004139381947282361,0.001084080505295515,0.0006019030699567996,0.0010806732455152623,0.000892828384690092,0.00036245161719019594,0.07740614236166672,0.0008778409266848587,activity_3_catboost_tweedie
env_weather_wind_gusts_10m_mean_futcov_lag-1,0.13453192891106502,0.013793737868462474,0.008708145016572758,0.07604993773620287,0.166308662441118,0.013243794428822305,0.09519662941264986,0.0010034556078189817,0.0001528515490935023,0.0002859177016637071,0.0007525846828762672,0.002643446041519737,0.00012070214832067272,0.001172448576565377,0.07254754797355618,0.0008759151868368921,activity_3_catboost_tweedie
env_weather_wind_speed_10m_max_futcov_lag5,0.01950889635073336,0.03752218185185361,0.004294465339176726,0.06063439160557875,0.02592973027951131,0.628686940079165,0.015489318207724938,0.00023020135860374324,0.0006582400821657286,9.464539204424582e-05,0.0008776510149109074,0.00027655996486488645,0.003697525503107002,0.00021484640426407963,0.11315227481624911,0.0008642385314229419,activity_3_catboost_tweedie
ewm_expdecay7_acled_other_rus_shelling_artillery_missile_attack_pastcov_lag-14,0.041375579195750606,0.10354244368828616,0.03762597301235835,0.06152173600598598,0.14064475574421634,0.043055912190004,0.09871173332466708,0.0007597609164028629,0.0005823139002850697,0.0006290445150683333,0.0006943398407069035,0.0017599523582979115,0.0007020515128500105,0.000866773734943882,0.0752111618801812,0.0008563195397935676,activity_3_catboost_tweedie
ewm_expdecay7_acled_other_rus_shelling_artillery_missile_attack_pastcov_lag-7,0.045369338610250165,0.01741440044313736,0.08759720944455918,0.08079729261297404,0.03070166578587771,0.04601893650699523,0.20168056299857484,0.0010389728182363723,0.000315498399353098,0.001412662307279433,0.0006810750002187227,0.0004078000073854282,0.0006406202100598613,0.0013960049920267892,0.0727970580574812,0.0008418048192228149,activity_3_catboost_tweedie
env_weather_wind_gusts_10m_mean_futcov_lag-2,0.03578030625949426,0.013464778296499863,0.05308776678392417,0.17281653658342347,0.017983846397114624,0.12669530122145414,0.010617229168164426,0.0006229698671707196,0.0001966392194685529,0.0006711285754319452,0.0026952858545210125,0.00020522696889746506,0.0012967713827388705,0.00015766854349248406,0.061492252101439285,0.0008350986302458642,activity_3_catboost_tweedie
darts_enc_fc_cyc_dayofweek_sin_futcov_lag-1,0.056244760595943785,0.11267876878249287,0.07277970567328425,0.17678869552394558,0.1967803586942129,0.0,0.06766986978935954,0.000839866169446446,0.0007264468221238385,0.0006100072894891673,0.0017725004366410558,0.0010942756428994338,0.0,0.0007233448623603867,0.09756316557989128,0.0008237773175657612,activity_3_catboost_tweedie
env_weather_wind_direction_10m_dominant_futcov_lag-1,0.053703803999441725,0.004908256323923256,0.03092494630334468,0.10024959926452383,0.1011035174197455,0.016201750989051016,0.01645369153188371,0.0007479450315023062,6.0575206069612975e-05,0.0010069979249047068,0.0016401418055999484,0.0018025890533572841,0.0001290251158738931,0.0003362344143096996,0.04622079511884481,0.0008176440788024931,activity_3_catboost_tweedie
rolling_rsum7_7_com_diplo_bluesecondary_ua_pastcov_lag-7,0.030773758557978446,0.0386731823083628,0.16797008525099125,0.08524517666573754,0.06777060137620611,0.03434585598773373,0.009641948820844855,0.0011531873009110293,0.0003935155600280238,0.0016366971773943862,0.0009287819575320543,0.0005105617825587938,0.0006649132951292991,0.00035117260090871126,0.06206008699540782,0.0008055470963517568,activity_3_catboost_tweedie
env_weather_pressure_msl_max_futcov_lag-2,0.06190412951260585,0.017907742361580305,0.013831861486138857,0.18114651971608153,0.04329181569069011,0.04748556563848509,0.19518103204085158,0.0009213379591012539,0.0001892148752025813,0.00022442185379696334,0.002116392705922543,0.0002998861746254189,0.00023888200056334518,0.0015290115096579626,0.08010695234949049,0.000788449582695724,activity_3_catboost_tweedie
env_weather_pressure_msl_min_futcov_lag1,0.045068293325356064,0.18291684091969193,0.0755075821880788,0.02871687085744337,0.011330653592290074,0.04966488499679498,0.02112901574172345,0.0003460664833624394,0.0018395844775377812,0.0016106736365573138,0.0004726066901129533,0.0003704028356800837,0.0007021676227475515,0.00016181157165766623,0.05919059166019695,0.0007861876168079699,activity_3_catboost_tweedie
darts_enc_fc_cyc_dayofweek_sin_futcov_lag2,0.027980702623131293,0.015382047164121062,0.14613767131764446,0.09578815354814876,0.09178873002034707,0.05113764426019174,0.055719580578512916,0.0004488572619609554,0.00014841110773911037,0.0011060446856867578,0.001602029572349961,0.0007705786712415286,0.00043452145387785636,0.0009276970797285511,0.0691335042160139,0.0007768771189406744,activity_3_catboost_tweedie
env_weather_wind_speed_10m_max_futcov_lag0,0.34768696318131725,0.047161431207291944,0.00896454919205866,0.04058242108300068,0.03200605492555961,0.09249593411828477,0.062124776360288056,0.0020791802731173537,0.00034336999119410905,8.639180432230553e-05,0.0005055870276055252,0.00022674587497364395,0.000893330339530296,0.0012395375189022894,0.0901460185811144,0.0007677346899493604,activity_3_catboost_tweedie
env_weather_pressure_msl_min_futcov_lag6,0.06244498254073011,0.029609474020583393,0.053032842047247515,0.009258306744947094,0.07428008969549321,0.040870692597461344,0.2084681567490494,0.00036465506605456446,0.0005757354896524624,0.00036988302433458296,0.00016258592584994513,0.0005055129130526082,0.0007636217600953676,0.0024607292547613514,0.06828064919935886,0.0007432462048286974,activity_3_catboost_tweedie
ewm_expdecay7_acled_other_ua_disrupted_weapons_use_pastcov_lag-14,0.057252971656861086,0.008383722675911599,0.15527338595382065,0.0642553467206521,0.07246322571000784,0.04741446399138312,0.13815730526227304,0.00048699741081357215,0.00021613432524061337,0.001999914593248486,0.0006376795364197773,0.000582446333706943,0.0003247770630546487,0.0009116265808754465,0.0776000602815585,0.0007370822633370695,activity_3_catboost_tweedie
env_weather_wind_speed_10m_mean_futcov_lag4,0.015561818268749307,0.029865079766583025,0.047741686059517584,0.08891764019631074,0.4527834811679782,0.050939883929786524,0.005536685848182045,0.0001363047944425544,0.0002404913703477174,0.0008868394523801504,0.0006728889622388045,0.0026579840764169526,0.00040582694324293734,3.6264623530946063e-05,0.09876375360530106,0.0007195143175142947,activity_3_catboost_tweedie
env_weather_pressure_msl_max_futcov_lag3,0.06902708698518993,0.007743897739031099,0.004156820518148049,0.039650790885291776,0.06968910772069209,0.008808299254455757,0.024821745424031497,0.0014743321549286926,5.717599124990258e-05,3.919230255287065e-05,0.00059758187869825,0.002528139092090198,0.00022100397323883137,5.342428125831855e-05,0.03198539264669146,0.0007101213820024377,activity_3_catboost_tweedie
ewm_ewma14_com_diplo_bluesecondary_ua_pastcov_lag-1,0.02921639256425707,0.04801919622903288,0.0203065942446809,0.027686809992459878,0.018834829775913307,0.0066803683796888315,0.0690902407243314,0.0007615405623208283,0.0018167922091074206,0.0002544095875717689,0.0006430990741866039,0.00029000407446313494,0.00018659653983987834,0.0009810314640283924,0.03140491884433775,0.0007047819302168609,activity_3_catboost_tweedie
env_weather_pressure_msl_max_futcov_lag5,0.05972888548888781,0.03330989905790548,0.1051247775821264,0.00811097174280359,0.053024906862262695,0.10538053628519163,0.06363277973634632,0.0010192885011381715,0.0001886386345785196,0.0009172786411703715,0.00014537567575452216,0.00020363672066836536,0.001134116141090691,0.0012814736675967441,0.06118753667936056,0.0006985439974281978,activity_3_catboost_tweedie
darts_enc_fc_cyc_day_cos_futcov_lag5,0.0021439514915589037,0.02868104545885711,0.04292598861419951,0.010713484541782909,0.01117832124317621,0.010400414561571085,0.006517745645763735,8.759082502773907e-05,0.0016708056691297156,0.002155946625292082,0.0003116084833842958,4.828263013201273e-05,0.00031784779287524767,0.0002493485248977745,0.01608013593670135,0.0006916329358198383,activity_3_catboost_tweedie
darts_enc_fc_cyc_dayofyear_cos_futcov_lag3,0.02094999791185979,0.044551534762202055,0.00922792136200336,0.06697493844255617,0.02659561893842621,0.10736617327115877,0.10577421303988033,0.0006290041595565122,0.000448218503713238,0.0003805180546279319,0.0007689947381633421,0.0006850796607600574,0.000798757188180721,0.0011212108456629232,0.05449148538972667,0.0006902547358092466,activity_3_catboost_tweedie
rolling_rsum7_7_acled_other_rus_shelling_artillery_missile_attack_pastcov_lag-7,0.03891578090086846,0.02346213343087071,0.05750676776258864,0.060161168628539714,0.13488601910726924,0.05404059553693971,0.03712604206266705,0.0005704354916642007,0.0003674864718302251,0.0009754495268495811,0.0006468782034951825,0.0009414186752106923,0.0009398102570764566,0.00032950442594790184,0.05801407248996337,0.0006815690074391771,activity_3_catboost_tweedie
darts_enc_fc_cyc_dayofyear_cos_futcov_lag2,0.036338659856515874,0.10916262320011472,0.03631825157858417,0.05860544613622423,0.09734193549228172,0.03265320867254862,0.0658711361629065,0.0006237856645848084,0.0002718976845142773,0.0005574284895320192,0.0007075998283494256,0.0010649307472830882,0.0009112146494771433,0.000617922806587301,0.06232732301416798,0.0006792542671897233,activity_3_catboost_tweedie
env_weather_pressure_msl_min_futcov_lag4,0.03285765532464159,0.011164416842070302,0.01000508241257773,0.023534897581143625,0.19006847148593248,0.08777425610031256,0.05242055984496934,0.0003685220422651847,0.00011479638927853752,0.00011510266959695592,0.00014886621208549667,0.0013218977800745658,0.0018058766390799841,0.0008016790265958473,0.058260762798806806,0.0006681058227109389,activity_3_catboost_tweedie
ewm_expdecay7_acled_other_ua_disrupted_weapons_use_pastcov_lag-1,0.03927851118563811,0.11282323265364332,0.08148684265651678,0.037103075038776086,0.0965236559378072,0.03292339330655128,0.015284325406112752,0.0007346125369738443,0.0016647303091018805,0.0005665349341768211,0.0005353376845836477,0.0007024966526333997,0.00018690650089137062,0.0002715724781596096,0.05934614802643508,0.0006660272995029391,activity_3_catboost_tweedie
env_weather_pressure_msl_min_futcov_lag0,0.12084520098738137,0.0531114546842114,0.04115818432818939,0.019215310931111496,0.028861406573413857,0.09669478459602444,0.017202274987612707,0.000783376557160631,0.001048970392915982,0.0008363431400824073,0.0004961898797257502,0.0008134271836418572,0.0004520517823175307,0.00016862168044640136,0.05386980244113495,0.0006569972308986513,activity_3_catboost_tweedie
env_weather_pressure_msl_max_futcov_lag0,0.04271597219879047,0.09178739508888524,0.050065793872800565,0.05125954861724343,0.07091833249327648,0.0990702424273479,0.02853989713575182,0.0008067174988865666,0.0014324566793082916,0.00048574125764575535,0.0005343507765192213,0.00041416047786670964,0.0007145326050836953,0.00020610910656693182,0.06205102597629942,0.0006562954859824532,activity_3_catboost_tweedie
darts_enc_fc_cyc_month_cos_futcov_lag4,0.12657169758768597,0.12209432510063889,0.07388515247873,0.10180868276341279,0.19423047745610242,0.09551853262832007,0.029214685594932812,0.0008734670519800591,0.0003654716814781134,0.00020991092542743672,0.0003692689560450102,0.0021112212796816853,0.00016178826656652046,0.000493247146985909,0.10618907908711757,0.0006549107583092477,activity_3_catboost_tweedie
env_weather_wind_speed_10m_max_futcov_lag-1,0.04407198194816991,0.04584028370380331,0.06416365465078641,0.02536813954998738,0.10508811318901609,0.0658211357924362,0.05642577649446555,0.0006307228636390994,0.00024983437848593584,0.0009240146793729531,0.0003637476082919422,0.000891533029722913,0.0008580201191264125,0.0006371251060589111,0.05811129790409498,0.0006507139692425954,activity_3_catboost_tweedie
env_weather_soil_moisture_0_to_100cm_mean_futcov_lag6,0.04127651335360049,0.04714867693271213,0.029741263924034356,0.023287762863533897,0.11221002893039748,0.014151091677743236,0.037191706003159304,0.0006975023642196376,0.0001802019487573414,0.000171788485323332,0.00043658801444990125,0.0019244150104296143,0.0007439369093561465,0.00040002899360045416,0.0435724348121687,0.0006506373894480611,activity_3_catboost_tweedie
env_weather_pressure_msl_min_futcov_lag5,0.03152710008784795,0.06705055204857595,0.0016722081962578228,0.0207355942143554,0.027383379136323063,0.19735411642874184,0.059801729177587686,0.0006630487232472726,0.0008958916936062211,3.570215944366239e-05,0.00025820412642507673,0.00037093240243621926,0.0015775654391979143,0.0006789722304200163,0.057932097041384245,0.0006400452535394832,activity_3_catboost_tweedie
env_weather_wind_speed_10m_mean_futcov_lag-2,0.013500261678688683,0.03753550755903652,0.03768120698739629,0.10130480482904068,0.019370080453437907,0.1995430832772567,0.000420846929671691,0.00027621734065612634,0.0003760813156438392,0.0005240969587321231,0.0007597620873440514,0.00014401927312384099,0.002388294449854822,-5.133541320700985e-07,0.05847939881636122,0.0006382797244603904,activity_3_catboost_tweedie
ewm_expdecay7_acled_other_rus_shelling_artillery_missile_attack_pastcov_lag-1,0.03627284716917846,0.04364966900731841,0.034320718669325886,0.020846668385105842,0.05846170504637316,0.017895751261380835,0.07774184547054712,0.00035683829958412796,0.00037057908058513167,0.00044494957852441174,0.00020036478780267598,0.000596696218425219,0.00027155103094518297,0.0021433531129251724,0.041312743572747106,0.000626333158398846,activity_3_catboost_tweedie
env_weather_wind_direction_10m_dominant_futcov_lag1,0.012210585775412553,0.02750303709518856,0.010549329016657876,0.01717383744420475,0.01701459214364194,0.09469743123938308,0.09465603587014007,0.0002784059725207566,0.0003490933541078434,0.00015412141944979308,0.0003667095446039159,0.00026908928723015093,0.0014099079730799159,0.0015157203163975064,0.03911497836923269,0.0006204354096271261,activity_3_catboost_tweedie
env_weather_pressure_msl_min_futcov_lag2,0.04156711441163743,0.021515519180703085,0.17041392394906704,0.06767003246939247,0.037010762207314966,0.014240809005545692,0.021786349959245114,0.0003560400306099609,0.00010801178956332258,0.0015110545072750448,0.0016126212927330742,0.00024849495216117123,4.012513672082552e-05,0.0003242143846590828,0.05345778731184369,0.0006000802991032117,activity_3_catboost_tweedie
env_weather_wind_direction_10m_dominant_futcov_lag0,0.04653487973401358,0.0021015848923071553,0.005141694405697759,0.011865239965191354,0.05086000461793744,0.0948783107120162,0.012929758873830318,0.0007918540932051688,5.344424288118432e-05,0.00026092063993681246,0.0001290936182246627,0.0009907622714045773,0.0019094024214859396,5.747813464564988e-05,0.03204449617157055,0.0005989936316834278,activity_3_catboost_tweedie
darts_enc_fc_cyc_month_cos_futcov_lag5,0.03341625836003213,0.01566590125962303,0.0033630250162904433,0.022294583793537177,0.005760743792248948,0.0677298607378268,0.04535430860211193,0.0008624500111919176,0.00028410058534360515,0.0001376119579591384,0.0005234443752489381,5.510183571759697e-05,0.0009946317875998867,0.0012964068497217872,0.027654954508810066,0.0005933924861118387,activity_3_catboost_tweedie
env_weather_pressure_msl_max_futcov_lag4,0.05076694583121144,0.03981784680038337,0.02550239313798584,0.029529653699961463,0.058296112861579256,0.05227870859577633,0.03584156786938772,0.0013451777265564013,0.0007150213453314125,0.000185885066148761,0.00032512849709638304,0.0004307444013704531,0.0007426639601565421,0.0003538293196462261,0.041719032685183635,0.0005854929023294542,activity_3_catboost_tweedie
env_weather_wind_direction_10m_dominant_futcov_lag-2,0.004616176580913828,0.010767694954561268,0.04950686271718738,0.03891887196026527,0.023557569655502063,0.020150040574638005,0.011151836816098052,0.00020683882584631162,0.00041487469181866743,0.0013272313607092911,0.0008339155530149523,0.0005415444311125395,0.000345935577483103,0.0004014236566456164,0.02266700760845227,0.0005816805852329258,activity_3_catboost_tweedie
env_weather_pressure_msl_min_futcov_lag3,0.005725216936803519,0.024755057720340114,0.023892409001546325,0.12512578286894643,0.07401022692999965,0.0760708499454448,0.003029397327482817,0.00021379821604894378,0.0002535594696272625,0.00038074271564245696,0.001180230994548692,0.0010688784547347341,0.0007539362612342338,0.00016154908552674653,0.04751556296150909,0.0005732421710518671,activity_3_catboost_tweedie
darts_enc_fc_cyc_dayofyear_cos_futcov_lag6,0.06335227506729822,0.07589986213605915,0.09891814868017039,0.06419187405687193,0.0011353901262204482,0.037726164168118304,0.06795716327696705,0.0014308369039314206,0.0007093155197810619,0.0002494990359724669,0.00030525216370125285,0.00018304623692242395,0.00028138525618426335,0.0006290499204337329,0.05845441107310079,0.0005411978624180889,activity_3_catboost_tweedie
env_weather_pressure_msl_max_futcov_lag1,0.03988049444871512,0.0866159957714612,0.05470448481147369,0.05525438126511408,0.00962386756723331,0.016269357582625533,0.07086784645425674,0.00042519516150079094,0.001080161366483523,0.00023735627332459596,0.0008678530825343645,0.00021253242272250005,8.296963183924699e-05,0.000751243627795084,0.04760234684298282,0.0005224730808857294,activity_3_catboost_tweedie
env_weather_pressure_msl_min_futcov_lag-2,0.04609175368573705,0.014990620080087532,0.03537873146546346,0.06179857211359294,0.03474049537971861,0.09494403184596428,0.06700977149209565,0.0008441788726266886,0.0003290049170916687,0.0004040841934984885,0.0005422539443701524,0.0002425337799165872,0.0008900979513027484,0.0003875679768264639,0.05070771086609421,0.0005199602336618283,activity_3_catboost_tweedie
env_weather_wind_direction_10m_dominant_futcov_lag6,0.06958094815975527,0.02698604726057359,0.015181210871229126,0.012281749829057184,0.0162096555514725,0.06894741338435686,0.03897628462531354,0.0013356243312204086,0.0005104444831730337,0.00033862187348083773,0.00015369867441605845,0.00014365419941537728,0.0007182944880862463,0.0004070261283309229,0.035451901383108296,0.0005153377397318407,activity_3_catboost_tweedie
darts_enc_fc_cyc_dayofyear_cos_futcov_lag0,0.053077923086976175,0.023955953842533715,0.03359936132037315,0.007196352682985111,0.05820636958171224,0.01772092151627274,0.06774368739121543,0.0012313319420368175,0.00031164966580394805,0.0004893755947728895,0.0002950857696201181,0.0009268756556860102,0.00019202293277365,0.00010455809434930518,0.03735722420315265,0.0005072713792918197,activity_3_catboost_tweedie
rolling_rsum7_7_com_diplo_bluesecondary_ua_pastcov_lag-14,0.009464573399030783,0.02036421317125536,0.0142795771439166,0.03067708947813589,0.03086409689832169,0.011211136853143105,0.012831381854747758,0.0002786143632606874,0.0006528545332225244,0.00022690299602563525,0.001006410519757961,0.0009898217503039764,0.00023504213551541752,0.00015689195635948394,0.01852743839979303,0.0005066483220636694,activity_3_catboost_tweedie
env_weather_pressure_msl_max_futcov_lag-1,0.0421402805426228,0.060692184814645195,0.015715998252168562,0.008622134056305887,0.14948021956377278,0.0020418714553754433,0.013264971218700104,0.0008244968123901853,0.00039264753443974955,0.0002536000103100067,0.0004583226852665767,0.0015425296777382246,3.7861006714567937e-05,2.851448069463025e-05,0.0417082371290844,0.0005054246010791345,activity_3_catboost_tweedie
darts_enc_fc_cyc_dayofyear_cos_futcov_lag1,0.00343064825797486,0.07286388347479791,0.028093011121145674,0.05287557181743295,0.020445452577223914,0.03430383673414885,0.0661114443248555,0.00012892692125783257,0.0003865616980054831,0.0002740491042411364,0.0009206142792104411,0.00029712778785544457,0.0008420478629308059,0.0006172417840247579,0.039731978329654236,0.0004952242053608431,activity_3_catboost_tweedie
env_weather_pressure_msl_min_futcov_lag-1,0.02238624700942809,0.019625156166326062,0.008709953915983375,0.03158999404111864,0.06658480512473791,0.07006054413710913,0.06289177801792141,0.0006261237269170828,0.00017739996361529898,0.00023504449271529725,0.00025068740150369084,0.0006622926873022684,0.0008083956224712807,0.0006826568923543608,0.04026406834466066,0.0004918001124113257,activity_3_catboost_tweedie
ewm_expdecay7_com_aid_humanitarian_pastcov_lag-14,0.043433398181142543,0.014032648647641923,0.02115912550388679,0.0707233816874605,0.02930481643793236,0.01881167817529029,0.017821994615269343,0.000354350188442476,0.00034897050275244367,0.0002807138961968381,0.0013320310718343054,0.00030454937307700103,0.0005316887121258551,0.0002846296021379091,0.030755291892660536,0.0004909904780809755,activity_3_catboost_tweedie
env_weather_soil_moisture_0_to_100cm_mean_futcov_lag-1,0.011003580586630736,0.04125017772484104,0.04440738966389103,0.03836650904397235,0.036692851363042754,0.026058661008450078,0.016779057252351685,0.0009934214667808084,0.00013220137547105272,0.0007759338963662987,0.0007048716790626797,0.00031220755498948536,0.00024540334720928313,0.0002434683023648132,0.030651175234739956,0.00048678680317777446,activity_3_catboost_tweedie
rolling_rsum7_7_com_diplo_bluesecondary_ua_pastcov_lag-1,0.02293578691369708,0.027986552027915383,0.008774169729416508,0.0389133629437151,0.039985522588103256,0.015158628536114667,0.01713587103571945,0.0003916372286116854,0.00037166577936533776,0.0002117821995204494,0.0009047593388337605,0.0007024214194955247,0.00027412264568069664,0.0004814550214087054,0.024412841967811634,0.00047683480470230857,activity_3_catboost_tweedie
env_weather_soil_moisture_0_to_100cm_mean_futcov_lag0,0.02239655542158672,0.009964720742603432,0.002670745439835066,0.0294260838171021,0.06775487637931837,0.010438368448092525,0.0,0.0004750332076773445,8.735554274432732e-05,0.00021215793917295223,0.0008744188947870768,0.0013383924962077742,0.00024223468296376006,0.0,0.020378764321219742,0.0004613703947933193,activity_3_catboost_tweedie
darts_enc_fc_cyc_month_cos_futcov_lag-2,0.028889736065844787,0.06308148478250024,0.05809124089224942,0.03568065127511248,0.00121022986133047,0.03467725318185763,0.003004689574803666,0.0009401315382935316,0.00018877716461640492,0.0009311290108096504,0.00022370989725559732,0.00014975600787643374,0.0005478443165449765,0.00020486209097152485,0.03209075509052838,0.0004551728609097313,activity_3_catboost_tweedie
darts_enc_fc_cyc_week_cos_futcov_lag5,0.07231819924508148,0.013998009410765639,0.012737327785588688,0.03898502050835132,0.08407095377740224,0.04304330102323425,0.10394836353889254,0.0003578029484970546,0.00011790671692577526,0.0006043917162952938,7.87963654734769e-05,0.0008417309874888534,0.00023326968452257456,0.0009497753486658489,0.05272873932704516,0.0004548105382669825,activity_3_catboost_tweedie
darts_enc_fc_cyc_dayofyear_cos_futcov_lag-1,0.031583005106007936,0.012320294522413986,0.060505200468543435,0.10918886332682981,0.027049926545297438,0.06840615825537098,0.052694261094937696,0.00041157550004999877,0.00028953384040475427,-4.892843210029252e-05,0.0010706107156902346,-0.00017367538602819366,0.000463845653184336,0.001109642413453993,0.05167824418848589,0.0004460863292364043,activity_3_catboost_tweedie
darts_enc_fc_cyc_dayofyear_sin_futcov_lag3,0.033551083524861726,0.03573933683314286,0.06292275075070564,0.017449678253839022,0.04600798401468845,0.006793441714296132,0.03360475922529396,0.000993275536642746,0.00025311513646029125,0.0006004557860868287,8.34022789777178e-05,0.0007288993732792459,6.003296181888995e-05,0.00025687583417022264,0.03372414775954683,0.0004251509867765632,activity_3_catboost_tweedie
env_weather_wind_direction_10m_dominant_futcov_lag5,0.020997780505631437,0.04801356626059882,0.007764837051354924,0.029457298030142617,0.041265062502080826,0.027524960670678472,0.017716724988408643,0.00014785935806984618,0.0007587432964006214,0.00022514181592803162,0.0006048224703315119,0.0005232980025821066,0.00035119198531863294,0.00036244069733197825,0.027534318572699393,0.0004247853751375327,activity_3_catboost_tweedie
darts_enc_fc_cyc_dayofyear_sin_futcov_lag-2,0.07137744686473989,0.08150737828678953,0.001061824251244995,0.021184407723696647,0.03863112088976178,0.025424251392607976,0.0018118963754666427,0.0008600233054673945,0.000773385055976461,0.00020477006599926018,0.00027131843280521207,0.0002814424592768594,0.00047841393246694786,7.232194051409735e-06,0.034428332254901065,0.00041094077800622075,activity_3_catboost_tweedie
darts_enc_fc_cyc_month_cos_futcov_lag6,0.016054314013484058,0.003931818045975666,0.04190710829546988,0.04255810112042358,0.01663935316879124,0.010147827566786376,0.04753817916495889,0.00041713267367624594,6.858732664349887e-06,0.0005175160059479155,0.0009244042535717867,5.9344523282245375e-05,0.0003934075826684147,0.00046046356636086916,0.02553952876798424,0.00039701819116740386,activity_3_catboost_tweedie
env_weather_cloud_cover_mean_futcov_lag-1,0.026215075962293728,0.004036234555962179,0.02207678209537618,0.012714018814270176,0.054635803094064884,0.006821409810215499,0.005650909125816501,0.0006132745848359544,4.743286777848521e-05,0.0006181215489359682,6.313247232601072e-05,0.001023424861002553,0.000174665893146031,0.00018209073407113863,0.018878604779714165,0.00038887756601373446,activity_3_catboost_tweedie
darts_enc_fc_cyc_day_cos_futcov_lag4,0.02639129996682328,0.02419008469147555,0.06774573356831515,0.0029919873398795323,0.011733368665323022,0.008991270463940234,0.012961865893531295,0.0006141670550346756,0.0010692208559385241,0.0004969417966607548,4.4171819205751636e-05,6.931765298923143e-05,0.00011785005419828742,0.00030808480574224807,0.02214365865561258,0.0003885362913956391,activity_3_catboost_tweedie
env_weather_wind_direction_10m_dominant_futcov_lag4,0.03196354894958619,0.02294089564886361,0.03161824520228945,0.038702993114870986,0.0660007229071707,0.049140193037662476,0.011453717980663154,0.0003690038056421541,0.0002841956882051244,0.00031889601447201434,0.0007445599126395975,0.00035521162150569107,0.00039605403432037,0.00017052081316459855,0.03597433097730094,0.0003769202699927928,activity_3_catboost_tweedie
darts_enc_fc_cyc_month_cos_futcov_lag0,0.034408646120456944,0.01965224885816414,0.00816516724157744,0.014494332664742066,0.02338519224011526,0.014494654201093925,0.005423023903728113,0.0010962057216513665,0.00019444596811357684,0.00013862216694988662,0.0003437081992420543,0.0003477215624692276,0.00028903014355232683,0.0001438188255380002,0.017146180747125414,0.0003647932267880627,activity_3_catboost_tweedie
darts_enc_fc_cyc_dayofyear_cos_futcov_lag4,0.08531051316285898,0.07301355829251241,0.0455378336498797,0.03363387898251757,0.009399507768870021,0.03665542017997379,0.05490740970367602,0.0006045118882719303,0.0006325329150969727,0.00027796688689067927,6.391517023318638e-05,0.00014751773407828406,0.00024392237249257765,0.00047402049894251785,0.04835116024861264,0.00034919820942944975,activity_3_catboost_tweedie
darts_enc_fc_cyc_week_cos_futcov_lag-2,0.07627873336376406,0.0925551965354979,0.0334641404698656,0.028726055170051973,0.0334818655609484,0.053789167479361896,0.019038543907856077,-0.00011985821107038941,0.0004117468821742687,0.00046941876670563153,0.0008227490271068172,0.00034706005950346785,0.00017355908319358627,0.0002710848843372471,0.04819052892676371,0.00033939435599294706,activity_3_catboost_tweedie
env_weather_cloud_cover_mean_futcov_lag-2,0.004846710977914822,0.03930709559235966,0.0033459905992366396,0.05364735085653982,0.020972307910850693,0.017557260769272595,0.010470809378966217,8.443432248632643e-05,0.0007123731568319469,2.7638016696140966e-05,0.0010465231522314821,0.0003374374081466458,1.3768722687323987e-05,0.00011892766109400377,0.021449646583591494,0.0003344432057391243,activity_3_catboost_tweedie
darts_enc_fc_cyc_week_cos_futcov_lag2,0.0009035982528736398,0.06310461145877738,0.12625721125292583,0.05405868588008077,0.02076813736269611,0.021238947219013444,0.0,6.975809742659766e-05,4.068942256441055e-05,0.0010344158579845165,0.0006270150476932912,0.0001568644250384388,0.0003979249292517917,0.0,0.04090445591805245,0.0003323811114227209,activity_3_catboost_tweedie
env_weather_wind_direction_10m_dominant_futcov_lag3,0.02603765659147498,0.007110193732232769,0.03436338397781491,0.041034593897186104,0.030559573933203188,0.01873688247695555,0.012441934008477583,0.0003261619938526028,0.0002188215155302764,0.00038060293475881133,0.0005467056508495105,0.0004424209769240628,0.0002141265352298527,0.0001516738118373828,0.024326316945335012,0.0003257876312832142,activity_3_catboost_tweedie
darts_enc_fc_cyc_dayofyear_sin_futcov_lag0,0.06564633644594375,0.06478157760436264,0.0493908895913446,0.01832615823497859,0.06733268862491926,0.0,0.008759083803594737,0.0006046362340828449,0.0003104737706068894,0.00017424924175712952,4.606128554420774e-05,0.0006222640616562857,0.0,0.0004567705620028173,0.03917667632930623,0.0003163507365214535,activity_3_catboost_tweedie
env_weather_soil_moisture_0_to_100cm_mean_futcov_lag4,0.04155660887296156,0.008684002651550293,0.06857118642895402,0.016058929715086837,0.026578430761895987,0.0511340116911147,0.06262334298290381,0.00039905149081693737,5.884497037871306e-05,0.0003901207187467781,0.00020835767992601894,0.000269840407430455,0.00048052592094343093,0.000398881400411133,0.03931521615778103,0.00031508894123620946,activity_3_catboost_tweedie
darts_enc_fc_cyc_month_cos_futcov_lag2,0.013050292654586333,0.0,0.020707948633128706,0.03056970599329038,0.039218622482940155,0.058614306616439085,0.06271335654917311,0.0002447855675370869,0.0,6.259206577670095e-05,0.0008389883321631819,0.0002810930316983429,0.0005698712481824186,0.00018859402690392103,0.03212489041850825,0.0003122748960373789,activity_3_catboost_tweedie
darts_enc_fc_cyc_day_sin_futcov_lag6,0.02285079791107935,0.027379406289183675,0.037371910465609136,0.01232839412428207,0.027763400377659838,0.06438430265796084,0.06390742397011753,6.352450446618363e-05,0.00011899522096687764,0.0001824535975096353,0.0001170728677523103,0.0002494286930876166,0.0009390222524241932,0.0005055685833799117,0.03656937654227036,0.0003108665313695326,activity_3_catboost_tweedie
darts_enc_fc_cyc_month_sin_futcov_lag0,0.0,0.1235542485121061,0.02612151530369365,0.03573272769308152,0.00866475246217033,0.14560307851585597,0.0,0.0,0.0006512222061271667,0.0006033268356046451,0.00025191980890737486,0.00034877051422996794,0.00031924572499384405,0.0,0.04852518892670109,0.00031064072712328557,activity_3_catboost_tweedie
env_weather_soil_moisture_0_to_100cm_mean_futcov_lag-2,0.02503350896987443,0.009087028538732106,0.0065401360687331956,0.011191564413363162,0.009019937344400928,0.008295853042805649,0.003274250127455405,0.000605039413487618,0.00021619835366628592,0.0006022777248368306,0.0004654881412462286,0.00011111207071599072,3.4004647275298615e-05,9.06299175481573e-05,0.010348896929337839,0.00030353575268234425,activity_3_catboost_tweedie
darts_enc_fc_cyc_week_cos_futcov_lag3,0.09957304841447788,0.06034651936174045,0.07007495236628528,0.0697369996932771,0.07033691219448586,0.07578909068693307,0.08851008044401919,0.00013325030833557516,3.6123984893499106e-05,0.0005714277655905819,0.0004141720830135753,0.0004847058935363302,0.00025164334707743484,0.00020369343563111375,0.07633822902303125,0.0002992881168683015,activity_3_catboost_tweedie
env_weather_soil_moisture_0_to_100cm_mean_futcov_lag2,0.022752761228030906,0.014997803843074645,0.03070222754480386,0.041446646447211376,0.024749383803934964,0.0027445962297071988,0.00520638891821555,0.0007355975178796825,0.00047156976282920483,0.0004973864264457451,0.00022597239722046413,1.6630935996242435e-05,5.4374482540087143e-05,8.432809415579446e-05,0.020371401144996925,0.0002979799452953172,activity_3_catboost_tweedie
darts_enc_fc_cyc_day_cos_futcov_lag-2,0.032603267388916266,0.020925233608705466,0.026826540470076467,0.005771120695841711,0.0019523656713889654,0.05984194148555789,0.02304570145827413,0.00028795273545516585,0.00035811468271167434,0.00031414757278003247,4.5046908751955606e-05,9.900116248153789e-05,0.0007692273098879765,0.00010599374531279348,0.02442373868268013,0.0002827834453401623,activity_3_catboost_tweedie
env_weather_soil_moisture_0_to_100cm_mean_futcov_lag5,0.03655359557047607,0.0,0.002937974254163075,0.0012164233252286826,0.012095697707120063,0.014750149338381582,0.006645528733309901,0.0012235797833950236,0.0,3.8842566624097684e-05,0.00013727579139051206,0.00023185398115894708,0.0003000915598149412,4.32445267633863e-05,0.010599909846954195,0.00028212688702098683,activity_3_catboost_tweedie
darts_enc_fc_cyc_day_sin_futcov_lag0,0.04491093324541815,0.029910338578198137,0.0055287893707785885,0.0076003196753312045,0.033099077944302856,0.0,0.014470933435273446,0.0006297920602979623,0.0001500961405433765,2.1377008658785e-05,0.0001866758151755077,0.0007872487886265711,0.0,0.00019957661366025724,0.019360056035614626,0.00028210948956606564,activity_3_catboost_tweedie
darts_enc_fc_cyc_week_cos_futcov_lag1,0.07642163765112334,0.021497069950486163,0.027987090146924784,0.02204584539381148,0.0,0.021886393808057517,0.008895766581954801,0.0005665795239285121,0.00022193992303731758,0.0004417733200914986,0.0002535198038258413,0.0,0.0003261247056325356,0.00014450107368124687,0.02553340050462258,0.0002792054785995646,activity_3_catboost_tweedie
darts_enc_fc_cyc_day_sin_futcov_lag4,0.008305353274545535,0.003735812264418768,0.017187415805750065,0.05541464180805698,0.03548001171648826,0.00945676986833321,0.011627694244173929,0.0001294665824845609,0.00012396240288030657,0.00023960992383253998,0.0007366759477393847,0.0005006310543548498,2.75988326268628e-05,0.0001929319761714954,0.020172528425966677,0.00027869667429857145,activity_3_catboost_tweedie
env_weather_wind_direction_10m_dominant_futcov_lag2,0.015512596311027419,0.020578959128218343,0.03845423964276885,0.027278590267925906,0.012481529075410377,0.016248935619462564,0.03090119705232675,0.0001781272843022208,0.00020631094193370724,0.0003699747507653228,0.0002087551671014376,0.00034910103782976877,0.0003667961486943483,0.00023833597300044752,0.023065149585305745,0.0002739144719467504,activity_3_catboost_tweedie
darts_enc_fc_cyc_week_sin_futcov_lag3,0.023062937928509844,0.005650279053006535,0.027376417268470458,0.0034882298604684376,0.05247286303941188,0.009122461893388821,0.008711090874323221,0.0007804014478805854,0.00011685606846230101,0.00021647053115281256,0.00013830190772876617,0.0002236390843447955,8.400480399917143e-05,0.0003031564150983268,0.018554897131082743,0.00026611860838096554,activity_3_catboost_tweedie
darts_enc_fc_cyc_week_cos_futcov_lag6,0.019972401108375695,0.05599384550332258,0.0016857619870066813,0.020545385869623834,0.01673472103858237,0.006785337632461147,0.015844065956870886,0.0001611955844505797,0.0002388098348200751,0.0003336823498833352,8.291860625402326e-05,0.0005010689546784075,2.285273809561339e-05,0.000517217030402084,0.019651645585177596,0.00026539215694058833,activity_3_catboost_tweedie
darts_enc_fc_cyc_dayofyear_cos_futcov_lag5,0.0035958511372694395,0.013813878452725366,0.03109646394917808,0.023474901806336403,0.01949939446259563,0.04320420800126555,0.0074051605538421345,0.00025225483914523836,0.0005133768797307203,0.00023735856430580072,6.577106569891634e-05,0.0001929857399951995,0.0005427513326706768,3.6705754036736596e-05,0.02029855119474466,0.0002630291679404698,activity_3_catboost_tweedie
darts_enc_fc_cyc_day_sin_futcov_lag2,0.023847193481871375,0.07152281959903127,0.017979739008632374,0.009484983496884864,0.0173193857582663,0.004540063052635627,0.005231734306135291,0.00042628304522684957,0.0009730564016517285,0.00014660594115261104,0.00015412903218616769,3.4522231216804755e-05,2.3474656484134827e-05,4.9213430643457734e-05,0.021417988386208158,0.00025818353408025056,activity_3_catboost_tweedie
darts_enc_fc_cyc_week_sin_futcov_lag5,0.019215013128754295,0.05905508959932639,0.028160912217387587,0.0367630121088314,0.0020156306802143202,0.015467440483863596,0.030079504521716278,0.00016372717429937733,0.0006666885798324751,0.00019613430139306943,0.00024559109454724837,1.9131003159045257e-05,8.517110341828004e-05,0.0003634729950426241,0.02725094324858484,0.0002485594645274457,activity_3_catboost_tweedie
darts_enc_fc_cyc_month_cos_futcov_lag1,0.0170454134107858,0.0,0.030679177382575532,0.07061072999620084,0.03500593833909592,0.028607327389809232,0.008368539757375162,2.952376243103849e-06,0.0,0.0005473584202517978,0.0003833635443881489,0.0004106160721108143,0.0003839411486255662,1.0644368945555983e-05,0.027188160896548928,0.0002484108472235696,activity_3_catboost_tweedie
darts_enc_fc_cyc_month_sin_futcov_lag1,0.02005497758078395,0.04580320162890584,0.04416061729817427,0.0,0.06131074854050769,0.008636095440653897,0.0,0.0001529556240194907,0.00028612095115361226,0.00028471596773274046,0.0,0.0009316937661078218,1.9471985547769856e-05,0.0,0.02570937721271795,0.0002392797563659193,activity_3_catboost_tweedie
darts_enc_fc_cyc_dayofyear_sin_futcov_lag1,0.07263627182281872,0.03712196612807354,0.012393374798721815,0.004495027074728544,0.019533561390011035,0.0026747473678242375,0.018989809746324113,0.00043916226614866273,2.783012892841885e-05,0.0003388594386974919,0.00037742663618773876,0.00035328204088129754,6.024705303806499e-05,4.6250710921880155e-05,0.02397782261835743,0.00023472261068622217,activity_3_catboost_tweedie
darts_enc_fc_cyc_week_sin_futcov_lag4,0.008473283903139154,0.014484160159765785,0.04359376437579358,0.02579315485049394,0.006467388383214384,0.0037391942977756574,0.0,0.00046315458182495385,2.1632698992957166e-05,0.0005035250825466964,0.0004894489213855602,7.226468563370503e-06,0.00015209158523845633,0.0,0.0146501351385975,0.00023386847693599922,activity_3_catboost_tweedie
darts_enc_fc_cyc_day_sin_futcov_lag1,0.057528358758408414,0.02701264404443365,0.003952431732873074,0.0,0.0,0.01056710369200467,0.0,0.0009572132860141025,0.00044877226224087073,1.293473044230442e-05,0.0,0.0,0.00020979999968822048,0.0,0.01415150546110283,0.0002326743254836426,activity_3_catboost_tweedie
darts_enc_fc_cyc_day_sin_futcov_lag-1,0.011696999232653663,0.013908585409629337,0.01498829675037392,0.03325438771427035,0.023689398243430634,0.022302645475084513,0.002231760176075974,7.753325352577445e-05,0.00022957652835342568,0.0003492320459446363,0.0002272671577589147,0.0005935377734847868,0.00015401692648739918,-4.0653648009092436e-06,0.017438867571645485,0.0002324426172505754,activity_3_catboost_tweedie
env_weather_pressure_msl_max_futcov_lag6,0.0022792523761938823,0.00901451164479178,0.0029287577595046724,0.04404264024236368,0.0019944320745412373,0.036763770115976806,0.02229545750255626,3.0544810339327985e-05,0.0001887045019276501,5.786322956369272e-05,0.0002595060718204367,-6.174883351306449e-08,0.0008947337042430004,0.0001001340024976649,0.01704554595941833,0.00021877493879403709,activity_3_catboost_tweedie
darts_enc_fc_cyc_day_sin_futcov_lag3,0.017668710607354168,0.023397864829292864,0.04350054151809811,0.01829551091185977,0.019782451327371525,0.0,0.0,0.0002833272421175481,0.0006154148074630994,0.0003526202339377615,0.00017341557267862572,5.971519905398903e-05,0.0,0.0,0.017520725599139492,0.000212070436464432,activity_3_catboost_tweedie
darts_enc_fc_cyc_month_sin_futcov_lag-2,0.005088178796878499,0.011204421837920295,0.03503216304490795,0.03894063338645231,0.010210618498486805,0.020453964248868355,0.05415545969383148,4.4903087838887856e-05,0.000255034842233659,0.00024283859434617305,0.00022806687653187385,6.95696606523466e-05,-4.013461024432452e-06,0.0006455294646478648,0.025012205643906528,0.00021170415217519611,activity_3_catboost_tweedie
darts_enc_fc_cyc_day_cos_futcov_lag6,0.014584035600888471,0.009688125192674854,0.006601091061416041,0.0020789988438405615,0.016700536376509992,0.009951761254348499,0.0,7.278440209697034e-05,0.0009026668936606308,6.019253489177867e-05,1.916027388388919e-05,0.0004029922111674411,1.8478817581457642e-05,0.0,0.008514935475668345,0.0002108964476117382,activity_3_catboost_tweedie
darts_enc_fc_cyc_month_cos_futcov_lag3,0.03126739118809894,0.0,0.04455937171329412,0.07506726794101669,0.059883397824081225,0.07590305749684881,0.02612496108573759,1.937365644750777e-05,0.0,8.464510608934273e-05,0.0002681818472884068,0.0004635680789361496,0.00016904315501298228,0.00043487232176522286,0.04468649246415391,0.00020566916650565886,activity_3_catboost_tweedie
darts_enc_fc_cyc_month_cos_futcov_lag-1,0.012938733486627345,0.0025697249719844836,0.041788869481967,0.030089613113384917,0.022996122328665908,0.004745993361326654,0.0012612748035348295,0.0003508447548558058,0.00028841249141504656,0.00026892625478436294,0.00043603304495574145,0.00010101272980300724,-8.866442951971365e-06,2.0929037806816096e-06,0.016627190221070162,0.00020549367666323915,activity_3_catboost_tweedie
darts_enc_fc_cyc_day_cos_futcov_lag3,0.04102236578494701,0.05850251567878648,0.0020281696764216273,0.021599604569081467,0.014089424604843505,0.006780509683404546,0.006551836964725819,0.0007515931462040992,0.0004505245391821511,-2.087254377558523e-06,3.2683167180103113e-05,0.00012767190584723754,4.6046584098347054e-05,4.971392889840942e-06,0.021510632423172922,0.00020162906871774576,activity_3_catboost_tweedie
env_weather_soil_moisture_0_to_100cm_mean_futcov_lag1,0.002274511002406283,0.03629317077150245,0.033367329851446824,0.011150470187777055,0.00808328955259418,0.0025195953592907867,0.024162907902250046,0.0004382245074684876,0.00022414540986956944,0.00036253181867142994,0.0001888165553366239,0.00014619326016023225,-6.0329925409630115e-05,0.00010559307623672076,0.01683589637532395,0.00020073924319049058,activity_3_catboost_tweedie
darts_enc_fc_cyc_week_sin_futcov_lag-2,0.025212897104505694,0.01718474863632569,0.012380666029261904,0.023494023247080803,0.02209254065020577,0.04215607162074292,0.007463297717796425,0.0002338028318058516,0.0003494737253218583,0.00011652769071868185,6.931297730419227e-05,0.00015800112536696888,0.0003607123962084735,7.645584477420365e-05,0.021426320715131314,0.00019489808450003286,activity_3_catboost_tweedie
darts_enc_fc_cyc_month_sin_futcov_lag4,0.004168328588842264,0.03599774725335959,0.0010776764521236615,0.02302644104601342,0.007107064954353416,0.011693310066572189,0.009712122593672101,7.736512156797382e-05,0.000525008525054016,0.0001055138052697524,0.00024134660824062237,8.75500563607412e-05,0.00011847342816835304,0.00014437237483042598,0.013254670136419521,0.00018566141707026927,activity_3_catboost_tweedie
darts_enc_fc_cyc_day_cos_futcov_lag-1,0.02158666308274729,0.039472310602776964,0.0060798348430083655,0.01517220294720204,0.007932280486063339,0.021060657864396315,0.013033453428064197,0.00036099799992428405,0.000299874582943116,4.109191730461425e-06,0.00013922256725120707,7.253579824069156e-05,0.00030125890173395844,9.527493800909337e-05,0.017762486179179787,0.00018189628283325882,activity_3_catboost_tweedie
darts_enc_fc_cyc_week_sin_futcov_lag1,0.012161392235758423,0.009030530163132829,0.023157936911555436,0.050767447007843504,0.004035915733345209,0.01868930341357373,0.013637285021120105,7.061667810526195e-05,0.00015528904115020837,0.000361384873730608,0.0005190288361757389,5.2954181033149085e-05,1.5036079102914712e-06,7.365103202601197e-05,0.018782830069475603,0.00017634689287589566,activity_3_catboost_tweedie
env_weather_soil_moisture_0_to_100cm_mean_futcov_lag3,0.014934357969176453,0.006196663777037977,0.00811885960667263,0.007468799508176978,0.023936623051990007,0.006343865068413866,0.001140581484990882,0.0007005202593842741,0.00010794680804016021,6.37058790398104e-05,-6.784178464804835e-05,0.0004479219410856494,-5.8690670585548335e-05,2.638766930513903e-05,0.00973425006663697,0.00017427858594591948,activity_3_catboost_tweedie
darts_enc_fc_cyc_month_sin_futcov_lag3,0.041258959594445505,0.00789245521133825,0.016240095749752055,0.007905930715798974,0.04882673295075223,0.029949247088124395,0.0,0.0004896575232034683,0.00019461251801056179,-4.16846817301586e-05,0.00012842573232578757,0.00021512108925780815,0.00022053556811783004,0.0,0.021724774472887343,0.00017238110702647106,activity_3_catboost_tweedie
darts_enc_fc_cyc_dayofyear_sin_futcov_lag2,0.015960709715291285,0.0,0.0248586843406495,0.012412056356636739,0.012988723101269911,0.009254109549044428,0.013478802200997264,0.0003455411991790891,0.0,0.00042882536383110904,1.0618768441772453e-05,0.00022515561352860481,0.0001598663345887985,3.235210800283106e-05,0.01270758360912702,0.0001717656267960293,activity_3_catboost_tweedie
darts_enc_fc_cyc_week_cos_futcov_lag-1,0.024094453788384932,0.08949400427944998,0.01635268257243853,0.05882453588808037,0.019108644249401334,0.025727298345415556,0.020558754791815896,0.00017135941718515735,-4.7014654030208546e-05,0.00021370782368868024,0.0004033807220331642,0.00020083707297302578,0.00010390043656025583,0.00013604264452611315,0.03630862484499808,0.00016888763756231257,activity_3_catboost_tweedie
darts_enc_fc_cyc_month_sin_futcov_lag2,0.06174554055899567,0.011129695007005207,0.017072789487764955,0.010507759346208222,0.0,0.0,0.012496722286713027,0.0004035604671017268,0.00014347547583051234,0.00011926105200692483,0.00038628263268802865,0.0,0.0,0.0001236872728439975,0.01613607238381244,0.00016803812863874144,activity_3_catboost_tweedie
darts_enc_fc_cyc_week_cos_futcov_lag4,0.03889888699929096,0.02090312765976328,0.014112340728849758,0.0012981938475781548,0.06554457018664382,0.009855907351206204,0.006024176419116848,0.00016792762664463723,2.0999511633812418e-05,0.00015342413323573555,0.00012527083662039473,0.00022376849683201084,0.0004763551724011883,-1.795186459174758e-06,0.022376743313207003,0.00016656437012980063,activity_3_catboost_tweedie
darts_enc_fc_cyc_month_sin_futcov_lag5,0.016279775219206285,0.003136197892176638,0.019650058513521945,0.005475953783561367,0.005069954202796378,0.0016355832187434157,0.0,0.00023751810700092246,0.00028504685993788745,0.0002897483684244806,7.439225862593268e-05,6.71789128277478e-05,0.0001817628776198843,0.0,0.007321074690000861,0.00016223534063383648,activity_3_catboost_tweedie
darts_enc_fc_cyc_dayofyear_sin_futcov_lag4,0.02379788453667821,0.003295824267433532,0.051162254716329805,0.017699582472482007,0.036337591146393795,0.028666185737257197,0.019227764077784745,9.062354258626559e-05,4.772731143523057e-05,0.0001990264099668515,6.635939069032926e-05,0.0002037251610718327,0.0003280447587492574,0.00014383753152036327,0.02574101242205133,0.00015419201514573288,activity_3_catboost_tweedie
darts_enc_fc_cyc_day_sin_futcov_lag5,0.021941327288806167,0.0,0.004257718536071453,0.02856024485657941,0.0,0.008249996178636837,0.0038583580022238982,0.00037662476323314654,0.0,2.920348759465341e-05,0.0002347859422705767,0.0,0.00020595796695510593,0.00022995727651147212,0.009552520694616823,0.00015378991950927923,activity_3_catboost_tweedie
darts_enc_fc_cyc_day_sin_futcov_lag-2,0.011259980165644695,0.005821949267231925,0.014013336249438933,0.013144449334649718,0.0031466690469255537,0.025401597971496066,0.012364524572235285,7.796456205590995e-05,5.1976202460157775e-05,9.095196846244935e-05,0.00032116966282869086,1.1242559047741629e-05,0.0003869500613238763,0.0001122462619477016,0.012164643801088882,0.00015035732544664682,activity_3_catboost_tweedie
darts_enc_fc_cyc_dayofyear_sin_futcov_lag5,0.019509325368004937,0.013898246865906908,0.016266128354306887,0.0020541268660729736,0.003894590797417233,0.008539144634399087,0.04742296201494824,0.00013250423611130824,5.996799054399649e-05,0.0003311414099601118,4.8718870144837115e-05,0.00011157225043672004,2.1870163495263385e-05,0.0003419156534003154,0.01594064641443661,0.00014967008201322176,activity_3_catboost_tweedie
darts_enc_fc_cyc_week_cos_futcov_lag0,0.0033263781184232435,0.07354805587071912,0.007746899321491569,0.05579628839918735,0.017881716538451557,0.0016327858730647176,0.0,8.068131759229047e-05,8.317113908937746e-05,0.0006197507095845767,4.357000085035701e-05,0.00013094191051397087,2.126315543680146e-05,0.0,0.022847446303048226,0.000139911176152482,activity_3_catboost_tweedie
darts_enc_fc_cyc_day_cos_futcov_lag1,0.025902647507601108,0.0297281992647645,0.03798500524842028,0.00854882176413975,0.01834842741624929,0.0014787872817414345,0.0036598405996699983,2.1440555800800178e-05,0.000155516059123717,0.00018788790347112894,2.341915496943958e-05,0.0002524437981484606,0.00011967837048687535,0.00013840286730226747,0.017950247011798048,0.0001283983870432413,activity_3_catboost_tweedie
darts_enc_fc_cyc_week_sin_futcov_lag-1,0.02496085565812382,0.005648056662115215,0.006595640539883801,0.0,0.0023998777027158715,0.0,0.0,0.0003921891685016998,0.00021068837043782817,0.00021214535848699257,0.0,3.981846653655641e-05,0.0,0.0,0.0056577757946912445,0.00012212019485186815,activity_3_catboost_tweedie
darts_enc_fc_cyc_week_sin_futcov_lag2,0.012443374464019925,0.0079540297639275,0.007853620167290009,0.006193359659375517,0.0246383968728166,0.03387388885824718,0.042580916974564405,0.0003519662420384595,7.865913152460546e-05,0.00014319396429263165,0.00011549001499471246,0.00010533800337590993,0.00010312629812383455,-6.599140793897006e-05,0.01936251239432016,0.00011882603520159765,activity_3_catboost_tweedie
darts_enc_fc_cyc_day_cos_futcov_lag2,0.010497724720438669,0.00939629278765378,0.0015560784355845275,0.015472462746323233,0.0,0.031815151215936824,0.015408746876709003,0.00014682953362799012,0.00020827993984922076,3.838846031882781e-05,0.00018994065284116957,0.0,1.8843600617191035e-05,0.00010089793373186939,0.012020922397520862,0.00010045430299803837,activity_3_catboost_tweedie
darts_enc_fc_cyc_dayofyear_sin_futcov_lag6,0.005312859734551989,0.007827292367313311,0.017152271616623405,0.032828629745210926,0.015665892450019744,0.002435504663314237,0.005811295644643312,4.960546203798266e-05,-7.878459258185977e-05,0.00016825433336944417,0.0002714389784803428,0.00013237389408353727,4.869169277796903e-05,4.111295657160951e-06,0.012433392317382417,8.509872340351102e-05,activity_3_catboost_tweedie
darts_enc_fc_cyc_dayofyear_sin_futcov_lag-1,0.006470492196811043,0.0028321564681809807,0.015535382851396738,0.01131003320714169,0.020527700724665386,0.027885185411873844,0.027375159040622286,6.489331240340235e-05,-1.3844747328350948e-05,0.00011006181343842236,7.537960216716933e-05,7.160715458907064e-05,9.125002906176238e-05,0.00016695530002388547,0.015990872842955996,8.090035205076595e-05,activity_3_catboost_tweedie
darts_enc_fc_cyc_month_sin_futcov_lag-1,0.0,0.0,0.0,0.008429545003603418,0.0,0.009661056436849969,0.020936119815179934,0.0,0.0,0.0,0.00013611641876425383,0.0,6.906323948323579e-05,0.0002611969005560155,0.005575245893661903,6.662522268621501e-05,activity_3_catboost_tweedie
darts_enc_fc_cyc_month_sin_futcov_lag6,0.0,0.0,0.006333032362628305,0.007194946331243679,0.0,0.0,0.0,0.0,0.0,0.00027806890725305954,0.00011251927230353509,0.0,0.0,0.0,0.0019325683848388548,5.57983113652278e-05,activity_3_catboost_tweedie
darts_enc_fc_cyc_week_sin_futcov_lag6,0.041879006085011744,0.00095869845837379,0.0043170366543771035,0.0015394001195285774,0.0,0.0,0.014315902159758377,0.00014264073960255086,6.216305232447095e-05,-1.0884337119532183e-05,3.2707805005438574e-05,0.0,0.0,0.0001119640693885593,0.009001434782435657,4.837018988592679e-05,activity_3_catboost_tweedie
darts_enc_fc_cyc_day_cos_futcov_lag0,0.0035872121745509516,0.0037455793386369477,0.016648714902183864,0.004318709058371092,0.0,0.0,0.006713786540161011,0.00020064542289566223,2.27674410592682e-05,1.0145512743608975e-05,4.4388526738914356e-05,0.0,0.0,4.576589182236912e-05,0.005002000287700552,4.624468503711755e-05,activity_3_catboost_tweedie
darts_enc_fc_cyc_week_sin_futcov_lag0,0.0,0.0,0.013607635863038418,0.0,0.0,0.0,0.0007107065987924124,0.0,0.0,0.00013454634640079898,0.0,0.0,0.0,8.146313243522219e-05,0.0020454774945472616,3.085849697657445e-05,activity_3_catboost_tweedie
Activity_Level_statcov_target_act_drone_strike_on_ua,0.0,0.0,0.0,0.0,0.0,0.0,0.0,0.0,0.0,0.0,0.0,0.0,0.0,0.0,0.0,0.0,activity_3_catboost_tweedie
