Feature,h1_gain,h2_gain,h3_gain,h4_gain,h5_gain,h6_gain,h7_gain,h1_perm,h2_perm,h3_perm,h4_perm,h5_perm,h6_perm,h7_perm,agg_gain,agg_perm
ewm_expdecay7_acled_other_ua_disrupted_weapons_use_pastcov_lag-1,2.030653752122987,1.3086984573570746,0.7693845221975941,1.6543062903386403,2.3015640960025467,2.369539453994268,2.5101771204674037,0.0036606497774889224,0.0027972697792492786,0.0013666996962091948,0.0036655653597389426,0.003641129791069275,0.00259039515883317,0.002367774224048369,1.8491890989257878,0.002869926255233879
ewm_ewma14_acled_other_ua_disrupted_weapons_use_pastcov_lag-1,1.7268426321250037,1.7032051773501207,1.6128016622036303,0.8991815701675054,0.996662460391624,1.1282764313620612,1.0982032892720723,0.004049604954106334,0.002955025006486811,0.0028347406124823228,0.0014086085919626568,0.001330287678567954,0.0013464783057025142,0.0020007824748250248,1.3093104604102883,0.0022750753748762313
ewm_expdecay7_com_aid_humanitarian_pastcov_lag-7,0.45140104615747106,0.4492697915720534,0.36800982929943443,0.5450784027987696,0.33420911690712907,1.919174119057044,0.16038410331492378,0.00458650840814232,0.0009366520906577191,0.0014288695882121339,0.0028880789633038305,0.0009192404507873508,0.0011344005403767677,0.00043186058390896063,0.6039323441581178,0.001760801517912726
ewm_expdecay7_com_aid_humanitarian_pastcov_lag-1,0.1839640445630056,0.14830675267707671,1.2750105457399972,0.15888646195845746,0.0880755689276604,0.843190626195612,0.5212007870563302,0.00023618693375220267,0.00015654486349856445,0.000993692817474634,0.0002003237757877363,0.00010765348605259461,0.005095802608706701,0.00480486150790096,0.4598049695883057,0.0016564379990247704
rolling_rmean28_28_dist_x_clash_pastcov_lag-14,0.07857555453272233,0.08948020437807222,0.08670341335755515,0.09061641172410885,0.1135649706716648,0.11095117789900832,0.13033720697189047,0.0007101138694490139,0.0008606808687369627,0.001058809582011766,0.0012810937227134777,0.0016550804875838266,0.0019061240413758896,0.0030602487744833652,0.10003270564786029,0.0015045930494791862
ewm_expdecay7_acled_other_ua_disrupted_weapons_use_pastcov_lag-14,1.2626428599678559,1.5773832203731157,1.7243309667050806,1.1507027466415107,1.3451124947678517,1.2538348507503374,1.7953933118425383,0.00150488397962405,0.0010170065828188912,0.001338542050825664,0.0022944359267899504,0.0010134490201734625,0.0008919324650136007,0.002198781320228882,1.44420006443547,0.0014655759064963571
ewm_expdecay7_acled_other_ua_disrupted_weapons_use_pastcov_lag-7,1.398023558575742,1.5108368439155777,0.5188197325730193,0.4626549159423695,0.4245674458643432,0.7691478544439487,0.3621847726331786,0.002289905071576537,0.0029697459756431455,0.0008039023863256389,0.0006725289563071169,0.0006946350452174732,0.0007094377003688645,0.0018239483671431023,0.7780335891354542,0.0014234433575116968
ewm_ewma14_acled_other_ua_disrupted_weapons_use_pastcov_lag-7,0.7413811615006995,1.243859997033293,0.43108956975935603,0.531126047874447,1.1107866181840438,0.588216063121624,0.6644889119975739,0.0022118533875559176,0.0026076532033526114,0.001578608846925622,0.0007088709231813928,0.001529745698681717,0.0005473220769039111,0.000572462105617566,0.7587069099244339,0.0013937880346026768
env_weather_soil_moisture_0_to_100cm_mean_futcov_lag6,2.355165167714456,1.0336649327914311,0.4351281008895867,0.19351899064798342,0.3468025286728266,0.3529614222543361,0.4151568506934071,0.004812441530733835,0.0016596967625694293,0.000819968119353276,0.00046427952653549376,0.0004658235293215407,0.0004437350339624224,0.0006470364213213564,0.7331997133805752,0.0013304258462567646
ewm_expdecay7_act_total_damage_events_pastcov_lag-7,1.0924572248582654,0.36035070435955086,4.592943193622748,1.7420937721055645,0.20495721819357374,0.2159416293934928,0.5969606234928275,0.0007207288918110067,0.0008834394840414594,0.0030515090339501504,0.0034178371257664875,0.00011676708034282778,0.00016740455999006976,0.0005092003289210112,1.2579577665751462,0.0012666980721175731
env_weather_soil_moisture_0_to_100cm_mean_futcov_lag-1,0.96859099236005,0.8825377428207798,1.0473713996008946,1.8683173183340325,1.2767060403521813,1.0617788675452575,0.5311983189520473,0.001087862438522702,0.0010049427816800406,0.0007712888459510125,0.0023039456814315296,0.0013148833299092334,0.0012127240139734098,0.0005914104004000719,1.0909286685664632,0.0011838653559811427
env_weather_soil_moisture_0_to_100cm_mean_futcov_lag-2,0.3731598443207077,0.449940030755967,1.9535507473594511,1.5070383208861997,1.0946748779140119,0.531686671129796,0.6629305360426545,0.0006814736892782669,0.0006145499000258292,0.001983997254423664,0.0017692417240905644,0.0012817039026994826,0.0005569234391753052,0.0006298251341338324,0.938997289772684,0.0010739592919752777
env_weather_wind_gusts_10m_mean_futcov_lag-2,0.31036503342246063,0.28122832021259647,0.2581279916938111,0.2846793221870102,0.24545222786198098,1.0529074503641072,0.3160412229549474,0.0005834542345183769,0.00035574367734207967,0.0002577094740049635,0.0004614012063850037,0.0003605764403432188,0.004720058215517664,0.0005014948416375952,0.3926859383852734,0.0010343482985355574
env_weather_wind_gusts_10m_max_futcov_lag-1,0.5180149185659922,0.2021764719609127,0.34290414297312827,2.9866009231960198,0.38705648560674855,0.18911131569287185,0.09867992741195773,0.001987091975163291,0.0003067575023645075,0.0007584430547105337,0.003160849502740093,0.0003553920024247148,0.00029740527956432226,0.00014163382900511667,0.6749348836296615,0.0010010818779960825
env_weather_wind_speed_10m_mean_futcov_lag5,0.3799368986954531,0.8159335319246823,0.5617883005998211,0.682931617522504,0.2625952123744683,0.14089666360876937,0.41822527588788205,0.0002256093449998442,0.00048347642308634866,0.001518722207818901,0.0036707098135954743,0.0003922535685488393,0.00018036352329315887,0.0005350480997306395,0.46604392865908284,0.0010008832830104579
ewm_ewma14_act_drone_infra_ua_residential_intent_pastcov_lag-14,1.3262881555815025,1.1290815812869017,1.2865283869257012,1.086228016403353,0.7038889331715414,1.449635311521026,1.4084901097204066,0.001283684834821841,0.0011346599529118207,0.0010502800063713958,0.0009440194667263313,0.000588312271861513,0.0011184954982474515,0.0008650009344786991,1.1985914992300617,0.0009977789950598645
env_weather_wind_gusts_10m_max_futcov_lag-2,0.16142611208965071,0.18974629173542668,2.1660225660092842,0.9416298158032308,0.35974442671796236,0.26884761609487623,0.3475603189034643,0.00022899963136311375,0.0006682002393468389,0.002891435525625874,0.0011653834748770464,0.000409889609201608,0.0004128931207778352,0.0006777093941000789,0.6335681639076993,0.0009220729993274849
env_weather_soil_moisture_0_to_100cm_mean_futcov_lag5,1.0249595610762021,1.1508401423386716,0.3771215235740439,0.8001495755246003,0.8514111960548508,0.5027745534529209,0.45024499957548136,0.0016804132499082414,0.0012069597834432066,0.0004073838481490455,0.0013150724628355093,0.0008201369795158397,0.00047720335286407514,0.0004794182977502226,0.7367859359423959,0.0009123697106380201
ewm_ewma14_act_drone_infra_ua_residential_intent_pastcov_lag-1,1.60946280081405,1.485734425123649,0.9630985220225387,1.0798547931080615,1.2573721305594572,1.326863960079618,1.099877628786083,0.0010624554025607802,0.0009390237545515489,0.0006776427403609065,0.0007884363956468521,0.0010888665005332587,0.0010833638889687248,0.0004619479886495581,1.2603234657847795,0.0008716766673245185
env_weather_pressure_msl_min_futcov_lag5,0.5900764705687404,0.7090975330981243,0.14348464873863617,0.5276161175652618,0.3876648700968178,0.19630409126407333,0.1540093158397996,0.0005051458165220346,0.00048333749852906837,0.0003094151827224056,0.004154986802529037,0.0002341009229173352,0.00015447668440100594,0.0001832881669209696,0.3868932924530647,0.000860678724934551
rolling_rsum7_7_com_diplo_bluesecondary_ua_pastcov_lag-14,0.3232006907930957,0.43415538362283246,0.4258302251206784,0.4626319100721238,0.2900782886755728,0.48226474174827416,0.5550841350849794,0.0004508531786942882,0.0019571889324707437,0.0019078055679479177,0.00024117619396959444,0.00026293990250614296,0.0004257424956916944,0.0004264134632789629,0.42474933930250813,0.0008103028192227634
env_weather_soil_moisture_0_to_100cm_mean_futcov_lag2,0.400991694234746,0.8767993062762659,0.20854536117066846,0.45115923822404186,0.6242401655792508,0.6734997513540002,1.0875887736939667,0.000845825659862931,0.0014387165137995871,0.000311241923650285,0.0006355413706112589,0.0005123448144146003,0.0006053097589890921,0.0011742289120663552,0.6175463272189914,0.0007890298504848728
ewm_ewma14_acled_other_ua_disrupted_weapons_use_pastcov_lag-14,1.1976084528340476,1.2418695104188389,1.1612607948381506,0.727943104537401,0.5377845832145288,0.6850921872893316,0.8822313867779726,0.0009289320813966828,0.0011198430630096734,0.0011544797626798387,0.0011756084055990711,0.00039736174821849437,0.00032991313483305974,0.0004129437602676367,0.9191128599871814,0.0007884402794292083
env_weather_wind_gusts_10m_max_futcov_lag0,0.3956764976430486,0.3370685732941163,0.144662941071551,0.17454001931440552,2.146637461919845,0.5137592474121978,0.2101680407830282,0.0005436972092455417,0.00035875254179880135,0.00013399138953060775,0.0007631043975277807,0.002738003305443204,0.0005652838219442735,0.00037814615944233856,0.5603589687768846,0.0007829969749903639
env_weather_soil_moisture_0_to_100cm_mean_futcov_lag0,0.42240560907640795,0.38719569362148804,0.6631211859001629,0.3919733073298445,1.2432746486634103,0.8487821514790713,0.6672871537633338,0.0007812273959225902,0.0005218512592379598,0.0005540255074932166,0.0004008796982690299,0.001246412455075574,0.000951935804666304,0.0010188137442576073,0.6605771071191028,0.0007821636949888975
env_weather_soil_moisture_0_to_100cm_mean_futcov_lag4,0.4315084530196544,0.6932761805631976,0.866955053770562,0.6544379635658787,0.6663793300448859,0.7293784542616593,0.6597593256960136,0.000576346251504467,0.0007676192125993353,0.0010581709060920597,0.0008284954783211341,0.0007476712234706362,0.0006363008399655979,0.0008501653375217356,0.6716706801316931,0.0007806813213535665
ewm_expdecay7_act_total_daily_strike_events_pastcov_lag-7,0.7622953295315718,1.9337405177858396,0.5155613746354697,0.38003214101234833,0.8104921945880373,0.6395585946827675,0.3520840585229915,0.0009199423677217489,0.0021767407665518545,0.0005329928788249782,0.0004958885689990034,0.00047243072132645557,0.0004259245780100063,0.00037059081344905655,0.7705377443941466,0.0007706443849833005
env_weather_wind_speed_10m_mean_futcov_lag-1,0.38234142312173874,0.37073524613617515,0.19854959090971963,0.1254046148416417,0.6311747922632417,0.13263314717238636,0.6906602567018101,0.0008887205781241026,0.000499957824411168,0.0003723855931537123,0.00011720743564738178,0.0005457353787688745,0.0002702493534489481,0.0026374300025603812,0.36164272444953044,0.0007616694523020813
ewm_ewma14_com_diplo_bluesecondary_ua_pastcov_lag-7,0.16993788136851068,0.34801875947568334,0.7655499934065816,0.2100223084233357,0.324730403884682,0.23070117811932467,0.7509125251685643,0.00040701580719346706,0.0005796247351997685,0.0023741616002092457,0.0005196056986330078,0.00028107471821501304,0.00039140200981324647,0.0007075278622865611,0.3999818642638117,0.0007514874902214728
env_weather_soil_moisture_0_to_100cm_mean_futcov_lag3,0.37777250034629384,0.6044088043076932,0.6541042268747553,1.0592655202537322,0.7958286084563267,0.8721396574163581,0.720196907962873,0.0004133587778588632,0.0006933774601564525,0.0008537416970547884,0.0009947481852771833,0.0007941564987115291,0.0004879540705477137,0.0008851645257741847,0.7262451750882902,0.0007317858879115306
ewm_ewma14_act_drone_infra_ua_residential_intent_pastcov_lag-7,0.5249654699132635,0.745174796271236,1.21624409721534,0.9829122684906337,1.1334413178204872,1.4004900052730973,1.6537917619426286,0.00036395892078036065,0.0006860969525043448,0.0009450432387834828,0.0006036073718490131,0.0007845820343394871,0.0007431423133048565,0.0009470592839734948,1.093859959560955,0.0007247843022192915
ewm_expdecay7_act_total_damage_events_pastcov_lag-14,0.36388464606463117,0.1971367745023449,0.34184666340737685,0.3199792174938215,0.7144898924855058,0.6153774102723973,1.0952364659826062,0.00011791773102334257,0.0002825785988130436,0.0004253976587397901,0.002819232580906217,0.0005457307890276653,0.0003162613737849318,0.00047536813635482564,0.5211358671726691,0.0007117838383785451
env_weather_wind_direction_10m_dominant_futcov_lag-2,0.11357427071233753,0.5384039469888,0.7634962945278165,0.29938508005019127,0.15516295662059953,0.36665830661766147,0.6029469177032726,0.00028610984424470853,0.000858386097140218,0.000495216002507215,0.00039083357778399994,0.00018380615593458494,0.0019061270001212494,0.0007969031331630294,0.405661110460097,0.0007024831158421436
env_weather_soil_moisture_0_to_100cm_mean_futcov_lag1,0.3503771430893487,0.4892955190577761,0.4228941088883383,0.7009887307642649,0.4307885179231982,1.061344023360337,0.7209117474125989,0.0004716490132625095,0.0008101031996911922,0.0007989573833329545,0.0002704344751006671,0.00031572670598996045,0.0012407263440269655,0.0010028059915274667,0.5966571129279803,0.0007014861589902452
env_weather_cloud_cover_mean_futcov_lag0,0.21066946499345313,0.18958450006138725,0.3191904609440856,0.18568487484033383,0.17080312901292213,0.3393791677160577,1.318305471203777,0.0004048981365397886,0.0005807510341553357,0.00040703234257088994,0.0001296006244589698,0.0002472216237735525,0.00034441115164431937,0.002752124968666303,0.39051672411028804,0.0006951485545441655
ewm_expdecay7_fin_usd_rub_rate_pastcov_lag-1,2.521298255717562,0.36421551738456936,1.260241107645087,0.16560851671379356,0.17815795953126068,0.23772128894414235,2.1405792773503913,0.0018334181918387316,0.00031063872029266635,0.0007974781823129051,0.00017743709355162452,0.00011999645245681645,0.0004252520378432934,0.0011370778525537696,0.9811174176124008,0.000685899790121401
ewm_ewma14_act_drone_strike_on_rus_in_rus_nofpv_pastcov_lag-14,1.8966412438338458,3.3813513193403955,1.8871941580633589,1.8062997468163429,0.961210808548018,1.6989070480511956,1.2179817411641154,0.0006753404308366795,0.0011539376468976848,0.001023589395706348,0.0007391939625694066,0.00012033825140620458,0.0005120290183741272,0.0004355778257040921,1.83565515225961,0.0006657152187849347
env_weather_wind_speed_10m_mean_futcov_lag-2,0.3921422524987339,0.28148303119586143,0.18855818566109614,0.1910307300129721,0.19996777988627498,0.5550234154696935,0.14878487454608144,0.000459608182376936,0.0002522311059026672,0.00025538578313129,0.0002392323102177407,0.0006613680053230375,0.0026586824569428957,0.00012569208832142743,0.2795700384672447,0.0006645999903165707
ewm_ewma14_act_drone_infra_ua_health_intent_pastcov_lag-14,0.4257333124123034,0.5076373307807035,0.4065759756448482,0.22249832998408586,0.6919416726550656,0.45358242012327094,0.5472730143849487,0.0006714135546454392,0.0008710654967560849,0.0007370795306255396,0.0004906273845603382,0.000772822211496349,0.0004060005642162245,0.0006949775524893286,0.46503457942646087,0.0006634266135413291
ewm_expdecay7_act_total_daily_strike_events_pastcov_lag-14,0.8941840796370215,0.28742093493441356,0.6258436690011018,3.3737510604467413,0.5675606014039262,0.6043324748798377,1.610274612211649,0.0006132134505873133,0.0001944451174449524,0.00032288742888573194,0.0020194303102366363,0.00027776466474460637,0.0004582989860176578,0.0007382689332751102,1.13762391893067,0.0006606155558845726
ewm_ewma14_act_total_daily_strike_events_pastcov_lag-1,0.6323021988161278,0.765461139499949,0.6966885166248254,1.2191068279237816,0.8258366706223901,0.9810666784268148,0.8919728163649607,0.000692429881002088,0.0005574316519809441,0.0007211420813785674,0.0008457048197135775,0.00048734980029172534,0.0005723601646656862,0.000633612547301543,0.8589192640398355,0.0006442901351905902
env_weather_wind_gusts_10m_mean_futcov_lag0,0.0040767801882601405,0.1430647944010652,0.09816882516304262,0.1952242532382814,0.2895100274268024,0.48390161916388735,2.0498783531769567,2.943990378900807e-06,0.0001461558203072144,0.00014783449470323617,0.00022970923840714974,0.00025968275109251594,0.00045060902321474304,0.003087879508968183,0.4662606646797566,0.0006178306895817063
env_weather_pressure_msl_min_futcov_lag2,0.4352651408032479,0.4680879954956635,0.21916851895115946,0.1578777673982976,0.147204353785295,0.13314872913069078,0.26530378451358005,0.0026841117234385425,0.0004111268052165995,0.0004070201512859972,0.00023213548230420765,0.00026598926012870726,0.00010719054818240093,0.00019915576214053489,0.26086518429684774,0.0006152471046709985
env_weather_cloud_cover_mean_futcov_lag-1,0.32256313438622136,0.4774821597069164,0.38740365298088525,0.16872426151594735,0.183049487752057,0.987721391374577,0.3452258331087458,0.0007369529649775552,0.000714672786995485,0.0005277211441910845,0.0002996151135656211,0.00014435206783325327,0.001374879937746809,0.0005082682292768314,0.4103099886893357,0.0006152088920838055
ewm_expdecay7_total_ru_area_km2_pastcov_lag-1,3.8668679973797455,0.550417304223725,0.37398626699636234,0.19791552008017968,0.3310751326906575,0.7147233297745778,0.44171988487185226,0.0020835491633274692,0.0005600086864033127,0.00029710613122344574,0.0003767167966216789,0.00014515667450449855,0.000509010386804376,0.00022897225609712634,0.9252436337167287,0.0006000742992831296
rolling_rmean28_28_act_total_daily_strike_events_pastcov_lag-14,0.12137238420320583,0.2504455989552614,0.7088500337851216,0.6068756888878437,0.33680927233409014,0.6137319976581455,0.3898547485390639,0.00010404829589414356,0.00010724324045949807,0.0022823122324996613,0.0002912798932950933,5.4509787183754097e-05,0.0008425514389766908,0.0005143217167693059,0.43256281776610456,0.0005994666578683068
ewm_ewma14_fin_usd_rub_rate_pastcov_lag-14,2.031307279948794,2.660807158563684,0.30840028006116443,0.25430363606003953,0.5502840247574905,0.16134799871237562,0.16970107979092205,0.0010882696531854474,0.0011157359183872283,0.000269965334361677,0.0006885869981430482,0.0007846366525769754,9.98740577780044e-05,7.918966834472574e-05,0.8765930654134958,0.0005894654689681579
ewm_expdecay7_act_total_daily_strike_events_pastcov_lag-1,0.56336663147624,0.19120548246459146,1.5190821595892259,0.36979047030727175,0.7269907405254908,0.05978763212295548,0.43622887256949094,0.000531553495967585,7.400135135628982e-05,0.0023219125075370608,0.00039630284445506535,0.00025150095222150617,0.00019841204470958385,0.000340914268497583,0.5523502841507524,0.0005877996378206677
env_weather_pressure_msl_min_futcov_lag6,0.23696699169243926,0.1400887469129556,0.5638152873793466,0.3596580322326134,0.38961229252800383,0.2026254052936039,0.12742215312387095,0.00019549406951615555,0.00010654133667395982,0.0005098568093597544,0.0003448814952139001,0.002457020210475247,0.0003534087955870957,0.0001393031429464564,0.2885984155946905,0.0005866436942532241
env_weather_wind_speed_10m_max_futcov_lag-2,0.36470987833296264,0.29324243142919815,0.3442820262660259,1.150885626039224,0.40034285838762296,0.3716799018697142,0.14214574595145854,0.00033559795915443224,0.0005997741487158593,0.0006930033457553719,0.0011199551216726888,0.000832250970667836,0.00032261911314197534,0.00017219502698697652,0.43818406689660094,0.0005821993837278772
ewm_ewma14_com_diplo_bluesecondary_ua_pastcov_lag-14,0.359160868864669,0.47567252075490435,0.1812510272758656,0.11388927863771696,0.46774109104726697,0.2015352910725914,0.10177950989437123,0.0005500867915743335,0.0014253688398311315,0.0007351008594190134,0.0007251040214296233,0.0003379313449126453,0.0001931692452776579,5.748659715461013e-05,0.27157565536391226,0.0005748925285141451
env_weather_cloud_cover_mean_futcov_lag3,0.17692368865732155,0.26454318352216116,0.37479760493279624,1.473913825545816,0.3784189738905558,1.0010119178194201,0.06605418347628006,0.00015842534051260237,0.0002748780462584977,0.00044767839861836745,0.0011312991880317203,0.0008867233401628427,0.001083137010708768,3.152495828335766e-05,0.5336661968349073,0.0005733808975108794
region_statcov_target_act_drone_strike_on_ua,0.7364374917904455,0.3026728810628248,0.12985849045044157,0.5562230804665608,0.1352717844676381,0.30787170643960715,0.09648368730653158,0.0013854185051287216,0.0005060128628972427,0.0002702644007989141,0.0007722046748720235,0.000204791117603631,0.0004757207663554475,0.00037601518776886333,0.32354558885486423,0.0005700610736321207
env_weather_wind_gusts_10m_max_futcov_lag4,0.30298832898428485,0.16936775167714788,0.12396063255011046,0.44631469668419815,0.2274288804307509,0.23367066787516805,1.048156896720716,0.0006684390837525811,0.000556480675443538,0.0001465802228933555,0.0009120995414801936,0.0005026644891760856,0.00021882898967262587,0.0009800738279939659,0.3645554078460537,0.0005693095472017637
env_weather_wind_speed_10m_max_futcov_lag4,0.4485866586774789,0.4339690929625804,0.3542286663408041,0.3992734540116204,0.1830460015751634,0.21521089404613486,0.5354199847635775,0.00043104244745784115,0.0016464601768087172,0.0004179557498664721,0.00043100671235387635,0.00033786091691603295,0.0001983044269331602,0.000509045612647152,0.3671049646253371,0.0005673822918547503
ewm_ewma14_act_total_damage_events_pastcov_lag-1,0.5663438127112493,0.5759833056661354,1.2735410884233047,1.45577320519677,1.3081156460856307,0.22723223054907882,0.7963069189475952,0.0005679473014181147,0.0002558591660760001,0.0008716663870826924,0.0010598776136110156,0.00045962428266410615,0.00023300132065602331,0.0004304979830769273,0.8861851725113947,0.0005540677220835543
env_weather_pressure_msl_min_futcov_lag3,0.23896109991144987,0.5187002840374956,0.4225876570207779,0.33393045948621614,0.19881668697658603,0.2589334985778273,0.1528340032022243,0.0003338644751660569,0.0023337926992876177,0.0004024790774768139,0.0002283356163913064,0.00022711689284655724,0.0001952023515622514,0.00015579223120507635,0.303537669887511,0.00055379762056224
env_weather_pressure_msl_max_futcov_lag6,0.6662374587132079,0.5672786942989194,0.3533748685518376,0.6519604078546393,1.3555583489416638,0.6452754182845096,0.22704313737545095,0.0004173009497615565,0.0003275775583442719,0.0003745082650271181,0.0006400723638366745,0.0011767660950624537,0.0006762791972846572,0.00023454112833209972,0.6381040477171754,0.000549577936806976
env_weather_wind_direction_10m_dominant_futcov_lag5,0.5622052516907029,0.44013403880134677,0.5886544070386137,0.26810282643223887,0.30666337934552457,0.28098737894271536,0.3857712346631784,0.0003056554298290104,0.0003675876934596811,0.0019190088539431382,0.00027739902082031255,0.00026666401088493163,0.0003347119659229847,0.00033762009597029243,0.4046455024163315,0.0005440924386900501
env_weather_pressure_msl_min_futcov_lag4,0.6326398710429353,0.39645910267633827,0.2843158998309829,0.18892612917663196,0.30144996869396656,0.0860328073361859,0.2596038750959679,0.0003611511443079252,0.0002533302449027275,0.002223460231770602,0.00025114807338357805,0.00030221920965600724,0.00011209423211808734,0.00022062184893574256,0.3070610934075727,0.0005320035692963814
env_weather_wind_gusts_10m_mean_futcov_lag4,0.08525000223435704,0.4652430577193474,0.40643121129249954,0.3773316756471959,0.3545445736625461,0.3499818884231663,0.6272289653251655,0.0001941835876013265,0.0011084105558464064,0.0006236490758324331,0.00049906974115832,0.00033861348224166753,0.0003314695031704229,0.0005941572636387838,0.3808587677577539,0.0005270790299270514
ewm_ewma14_fin_usd_rub_rate_pastcov_lag-7,2.279247325131345,1.391888798161758,0.20381583599843778,0.357586129040664,0.771864499062682,0.44177908659525933,0.8185112752686333,0.0013941549991770997,0.0007890298016068442,0.00015066385626825163,0.0002630620436931741,0.00029961280612764705,0.00020197480557162528,0.0005352241008055536,0.8949561356083972,0.000519103201892885
env_weather_wind_speed_10m_max_futcov_lag0,0.3313818933633075,0.3397665580736131,0.20631451015668015,0.2247748099106096,0.9544663021703423,0.5387772491981278,0.46898072063541585,0.0005619402375478755,0.00024587124887127666,0.00026490749690035733,0.00017551437604534925,0.0006941178903737688,0.0005593242355419692,0.0010671685423275568,0.437780291929728,0.000509834861086879
env_weather_wind_gusts_10m_mean_futcov_lag5,0.3449514354261037,0.2317930843467758,0.31555273425504954,0.38687269852374434,0.1373068747871857,0.3155082705333266,0.5443703541837104,0.00013386414435019313,0.00022152223029772155,0.0015881630350383924,0.0005281684609043768,0.00015108195910353838,0.00031946199043997314,0.0005945314147960623,0.3251936360079851,0.0005052561764186082
env_weather_cloud_cover_mean_futcov_lag-2,0.2081848723338993,0.2541873260329481,0.42524320146383215,0.2271289481084139,1.2761632962202993,0.09288140599313374,0.1401528547996207,0.000292634069480413,0.0002987864881758728,0.00037925734179731216,0.00036137926781514284,0.0017620364013753997,0.000205858330923947,0.00022442409810843333,0.37484884356459247,0.0005034822853823601
darts_enc_fc_cyc_day_sin_futcov_lag-2,0.3091439316270474,0.6197870025490394,0.6210117687360165,0.39769678159863375,0.08479294373024297,0.17422798757651578,0.24670274969479344,0.0007308775396703826,0.0008667669220919771,0.0007892182772968104,0.0006183934716247119,7.689254010390112e-05,0.00020532128896981748,0.00023159938535277647,0.3504804522160413,0.0005027242035871968
env_weather_wind_speed_10m_mean_futcov_lag6,0.2105574471692708,0.3155118366174002,0.5987111860646879,0.4938742775100891,0.43489500139783077,0.33670208474950303,0.2315547998119422,0.00022573501473304168,0.0002724593579607415,0.0007059247085121845,0.0012883988997390405,0.0005842451844342511,0.0002741097642566137,0.0001565692635214777,0.37454380476010346,0.00050106317045105
ewm_ewma14_acled_other_rus_shelling_artillery_missile_attack_pastcov_lag-14,1.6985253962969262,1.9408113735516532,1.1538825857252404,0.929862434786146,1.2665004603556216,0.14982967473347097,0.3600702769735505,0.0007019409223334439,0.0009317685982335622,0.0004700900734692759,0.0005079278143688803,0.0005333690553809056,0.00011290706331799072,0.0002340346390495851,1.071354600346087,0.0004988625951648063
ewm_ewma14_act_drone_strike_on_rus_in_rus_nofpv_pastcov_lag-1,0.7537540935495844,0.8988001126436479,1.2060017643939034,0.8370376063529698,0.7337520701668693,1.109677751545361,0.7768911203639003,0.0003213600574267339,0.0004770763349206675,0.0006889435186874238,0.0008867270991765209,0.00023269691025129546,0.00044391727740196175,0.0004363794272209898,0.9022735027166052,0.0004981572321550847
env_weather_wind_gusts_10m_max_futcov_lag5,0.2582967256135422,0.3054247350647576,0.13330803638947075,0.2803124785220301,0.3478690111597923,0.2288932419317499,0.2679471009486073,0.00018405393161737837,0.0006420635514181372,0.0004971177210357558,0.000470708557786792,0.00038530609603120157,0.0005062879536624099,0.0007873614889220226,0.26029304708999285,0.0004961284714962425
rolling_rmean28_28_fin_usd_rub_rate_pastcov_lag-14,0.5521683554943275,1.047426098021643,0.8432253756725572,1.3560140577683748,1.3317237978683385,1.0746356824592898,1.312378593474035,0.00022516847423106334,0.0004650353354896497,0.00048816111104676985,0.0004733273759137013,0.0004858694992319501,0.0005505085629140316,0.0006882158320503873,1.0739388515369381,0.00048232659869679336
env_weather_wind_gusts_10m_max_futcov_lag2,0.4086314369328489,0.2069126654764563,0.21438756345338605,0.1834087210524909,0.1063667022829867,0.18358308392528538,0.2721228213156772,0.0002909592013088824,0.0006788733500789901,0.0005220611998360658,0.0008476380552018715,7.441056155776948e-05,0.0006790302349008348,0.00024665760657152094,0.22505899920559022,0.00047709002992227635
ewm_expdecay7_fin_usd_rub_rate_pastcov_lag-14,0.527618235594222,1.6358617048685047,0.8086909521275429,0.16110577527536832,0.40637669020069844,0.3510078762940036,0.168370303553886,0.000362731903785396,0.0011932932246322193,0.0008066730447378711,0.00016090263195269738,0.0003339367161992346,0.0002681523447788603,0.0001933186184439606,0.579861648273461,0.00047414406921860553
env_weather_wind_gusts_10m_max_futcov_lag3,0.11357876699356764,0.18049826537993338,0.2589717015192046,0.18002438801801404,0.17833558169371458,1.2428982670548105,0.2913692938709622,0.0001672202255637023,0.00020030489333540126,0.0005345052970384234,0.00032888475295826946,0.00012147854999959851,0.0012572654383072202,0.0006925638316549243,0.34938232350431525,0.00047174614126536274
ewm_ewma14_act_total_damage_events_pastcov_lag-7,0.376919871822114,0.6828593472713285,0.6906439950508316,0.46020944527230334,0.7136280246232017,0.7115545150799919,1.0005802025145862,0.000479457119374449,0.0005287545138256799,0.0004992947268016579,0.00041202866392051616,0.00034425436024176914,0.0004615604168737741,0.0005646810481238385,0.6623422002334797,0.00047000440702309784
env_weather_cloud_cover_mean_futcov_lag2,0.23026328584064873,0.2839341181021583,1.4503830678320149,0.6069028186947975,0.6831241027579564,0.2063458020960119,0.11858421350970964,0.00034601503608084895,0.0002852952688245258,0.0008600894859799535,0.0008669512121644684,0.0004981605571043434,0.00018854389028355456,0.00020788482999289926,0.5113624869761854,0.0004647057543472277
env_weather_wind_gusts_10m_mean_futcov_lag-1,0.3746901787363182,0.33880780344866884,0.10813487825583995,0.364512386436996,0.380020542279504,0.3391800307805509,0.3335514338358085,0.0006041092569377016,0.00042696353536775256,0.0002546944128305473,0.0004091995102553092,0.000213380721002987,0.0004949587236891872,0.0008376702943502234,0.3198424648248123,0.0004629966363476726
env_weather_cloud_cover_mean_futcov_lag1,0.44932335553525127,0.28853415933514015,0.4540830344072153,0.47547141693054307,0.30295273334441536,0.25043260549988433,0.2547710432129888,0.00047477354821692244,0.0002907421140988964,0.0007654817126257818,0.0008979550552288051,0.00024977576689433345,0.00019961526570999588,0.0002974010760408596,0.35365262118077695,0.0004536777912593706
ewm_expdecay7_act_total_damage_events_pastcov_lag-1,0.5737475990938502,0.4463485506982345,0.3240338336697153,0.9457159600947848,2.4515700467407053,1.3063232794953012,1.38810904178364,0.0002581951766975843,0.00017030839430056676,0.0001484510474053957,0.0006395121703477224,0.0008541017742993873,0.0003115162593230192,0.0007446893555208334,1.0622640445108902,0.00044668202541350133
ewm_ewma14_act_total_daily_strike_events_pastcov_lag-14,0.6130250611869729,0.48775227792682285,0.30709428221059326,1.0333670649921107,0.7650643550129396,0.7579794923672585,1.1532265107951127,0.0006109308797012325,0.00032094757874863157,0.00021021511623458,0.0004914280913697721,0.0003100401588633561,0.00048576524310186555,0.0006732412190765702,0.7310727206416873,0.00044322404101371546
env_weather_wind_speed_10m_mean_futcov_lag4,0.6471803291141479,0.3532750985643358,0.27828904500139534,0.27471746280999415,0.16471431941095643,0.10893910055845432,0.29891435206655076,0.00045511649665981314,0.0012605496443878871,0.0004068484110617776,0.0003423945549920537,0.00021068568679629695,0.00014262557195479086,0.00021952080398897068,0.30371852964654783,0.0004339630242630843
env_weather_wind_speed_10m_max_futcov_lag3,0.25020946647475567,0.2897010240949433,0.27250670074681377,0.21423850741789396,0.11851635067127796,0.29241269718709545,0.24605820249668753,0.0012539920977829855,0.00031634286555251025,0.0002967214092607806,0.00021883308323222828,0.00011551168726409156,0.0003803290005852444,0.0004472143806850015,0.24052042129849535,0.00043270636062326317
env_weather_wind_direction_10m_dominant_futcov_lag-1,0.3060891561422052,0.3511742968033291,0.3218077325412629,1.1818695569430795,0.4890592719303829,0.2480053670181503,0.6298890555015582,0.0002675586128910279,0.0004992970725328893,0.00039490420256755866,0.0005526717899871691,0.0005260955383346478,0.00025928035040529985,0.0005153568985881707,0.503984919554281,0.0004307377807581091
ewm_ewma14_acled_other_ua_armed_clash_pastcov_lag-7,0.14699246604977012,0.12319530703606472,0.1285643833060803,0.13844941969940305,0.2214782712054802,0.18957610105015557,0.2149120823742709,0.00025671105322919716,0.0002396427233386289,0.0003038856195533013,0.00027823890041407396,0.0008605049235229867,0.0004287329995400713,0.0006265428698990938,0.16616686153160357,0.00042775129849962186
env_weather_wind_direction_10m_dominant_futcov_lag3,0.14332177415930314,0.4376832075161629,0.1541771718202557,0.28965828155899775,0.3545523476263097,0.4249241916237211,0.32622924927456015,0.0007027836613169747,0.0006053997844815973,0.00021051968650820374,0.00022256209168498576,0.000342665064116221,0.0005942444637868193,0.0002477416012411027,0.3043637462256158,0.00041798805044798633
rolling_rmean28_28_fin_usd_rub_rate_pastcov_lag-1,0.6664037095584453,0.6528606383194436,1.4898865178969742,1.0285037748654515,0.9664217632503638,0.7541643339540748,0.7614100122208795,0.0004159549537108509,0.00041945742681961387,0.0007100979591137868,0.0005290710133565746,0.0002795459389588695,0.0003959237521233394,0.00016426388581485262,0.902807250009376,0.00041633070427112684
rolling_rsum7_7_act_total_daily_strike_events_pastcov_lag-14,0.19758234321397364,0.1591840349496338,0.5677740189260674,0.18629826550235445,0.5899052529264456,0.7345159673154866,0.6221982347436914,0.00023235827315031264,0.00010258217298562134,0.0006598170715696128,0.00037831087026574117,0.0003198199186082551,0.0008029287731584178,0.00041849066995984784,0.4367797310825218,0.0004163296785282584
env_weather_wind_speed_10m_max_futcov_lag5,0.39304029363397486,0.3136116477856739,0.22304117959686723,0.28272227348383727,0.23206228147794675,0.23778302889576006,0.18743827447141634,0.000147326561661143,0.00045613624747955497,0.0013049542328278819,0.00022268741669675406,0.00026738479213330726,0.0001995002354273856,0.00027542309577666124,0.2670998541922109,0.0004104875117146697
ewm_expdecay7_fin_usd_rub_rate_pastcov_lag-7,0.8335388485360331,2.1463838068795007,0.38610348092448665,0.29655861628332203,0.4943523973332611,0.005686721296940617,0.14922857015079583,0.0005562274742329177,0.0011450979238961877,0.0003378760133663672,0.00015364221931484233,0.0006501152795535869,-6.4496013084447416e-06,3.531693431739758e-05,0.6159789202006198,0.00041026089191040775
env_weather_wind_gusts_10m_max_futcov_lag6,0.46434813910213785,0.33931157522337496,0.29395208362827185,0.14120809401501386,0.11743717091217201,0.25329013144297396,0.17380124804800892,0.00031587375456814114,0.00015167746607021028,0.0007378264064736406,0.0004179329803891907,0.00014408891159138902,0.0006146801849005179,0.00047295805246612145,0.2547640631959934,0.0004078625366370302
darts_enc_fc_cyc_day_sin_futcov_lag1,0.1997134541620358,0.12823366296705438,0.28103890425925765,0.5164481067174036,0.277520403406948,0.318553295296658,0.15579207959374303,0.0002317098609478041,0.00012287165294886382,0.00037990176496234264,0.0008449802365035009,0.00043582101015398055,0.000540654472098967,0.0002679133702403025,0.26818570091472865,0.0004034074811222516
env_weather_pressure_msl_max_futcov_lag4,0.5541335903631068,0.19594067788080458,0.5492310969526345,0.20363102686379536,0.1476862723583631,0.3396408509519813,0.28738240486619976,0.0003523966322839467,0.00028397918643832123,0.0009312168481221628,0.00027087209817815426,0.00018867470337482483,0.0005482947168855556,0.00022675375634513274,0.32537798860526934,0.0004003125630897284
env_weather_wind_direction_10m_dominant_futcov_lag4,0.2681495227532353,0.4407576151353131,0.12627784207383036,0.37077379432242846,0.13467482147543597,0.3953297166039456,0.5588538053407432,0.00045857134333842086,0.0008354858886220784,0.00017298400684657712,0.00037926268984698195,0.00010924042923476929,0.00033487976826538366,0.0004825233669254247,0.32783101681499033,0.00039613535615423375
env_weather_wind_speed_10m_max_futcov_lag6,0.1996088396904166,0.5889495624201334,0.26618312995814214,0.47013826055397684,0.20196142139609008,0.36281437364944646,0.3560731899213133,0.0003109126119418937,0.00036033445653571583,0.00045508326450929284,0.0007601859808752832,0.00024037449902214458,0.00037762193678789744,0.0002519025664411423,0.3493898253699312,0.0003937736165876243
rolling_rsum14_14_act_drone_strike_on_rus_in_rus_nofpv_pastcov_lag-14,0.6278758507087505,1.158942004705575,0.5741312916275438,0.34073111288662317,0.5325731269885767,0.41277543386428617,0.13745808315227118,0.0005127437698073001,0.000634320109894615,0.0004917379751539607,0.00024757084278561605,0.0002214865349529749,0.0005750582188809528,5.029988535496521e-05,0.5406409862762324,0.00039045961954719784
env_weather_wind_direction_10m_dominant_futcov_lag2,0.6883433881027037,0.14230788686946064,0.1992353470209419,0.5446885463450079,0.2899824034274274,0.21146791243220667,0.8771186973152428,0.0007004941673612652,0.0001290490890742513,0.00028914843962668524,0.0005651033906473258,0.00029649143359440356,0.00036598944372026045,0.00037893587379138615,0.42187774021614155,0.0003893159768307968
ewm_ewma14_act_total_damage_events_pastcov_lag-14,0.39620313162448934,0.6734764279180644,0.48290762596076253,0.43713934776983565,0.334681865961734,1.0916856578118739,0.6105551634795442,0.00021378597496610752,0.0005633537072325723,0.0005556165066459284,0.0004883826797706936,0.00014885686400321064,0.0004595711470541941,0.0002739091292007112,0.5752356029323291,0.0003862108584104882
darts_enc_fc_cyc_day_sin_futcov_lag2,0.3864498450955324,0.34579316854203984,0.24505034959207903,0.2603958783116781,0.2805712079747942,0.5240928953664833,0.2238292197506535,0.0003743583853871524,0.00046451221150414226,0.00020722045378616106,0.0003736905870042717,0.000422884193801476,0.000563359277548603,0.0002840277216359821,0.32374036637618003,0.0003842932615239698
ewm_ewma14_fin_usd_uah_rate_pastcov_lag-1,0.27898437685742494,0.500083587958963,0.546083517831371,0.2608434801628062,0.5582162473026557,0.48064743030465035,0.41088842835722555,0.0003371991943239783,0.0003384607633723835,0.0007111746309894418,0.0002716686098380272,0.0004017206824261432,0.00030206421041176765,0.0002424574205845964,0.4336781526821567,0.00037210650170661975
env_weather_wind_speed_10m_max_futcov_lag2,0.17948316510450496,0.3227969787941569,0.25039707827111524,0.12379374179333193,0.17877795018663994,0.4975218882151479,0.5293034470098867,0.00023378676747785044,0.00038085280026323165,0.00037650886221016753,0.00012954903531041672,0.00012780834763586045,0.0005419770641469146,0.0008138911506951674,0.29743917848211193,0.00037205343253422985
env_weather_wind_direction_10m_dominant_futcov_lag0,0.1395256464484175,0.06942523038037958,0.22448522226744477,0.3628734786429851,1.3929909371515907,0.30212449999118557,0.03709691808726156,0.0001869677753654875,0.00012105078941884173,0.0002385168560626205,0.000985255344333913,0.0006846629510848468,0.0003448207117875635,2.5368081868659687e-05,0.3612174189956092,0.00036952035856027606
env_weather_pressure_msl_max_futcov_lag5,0.24611046693412356,0.33464304813735524,0.45501044291033915,0.7414650348733784,0.07269653924368755,0.016126261875067275,0.1172050548476076,0.0001872981443613808,0.00017327093196024547,0.0007731873649363008,0.0008109364846160316,0.00017428438074147402,-2.2832016798801646e-05,0.0004805902198189438,0.2833224069745084,0.0003681050728050822
env_weather_cloud_cover_mean_futcov_lag4,0.34633505309842283,0.10681506610749168,0.11514083287401394,0.2356986233834338,0.9089579223488813,0.2049490305409547,0.48333944871320267,0.0004739850181466387,9.081344291343996e-05,8.127375383448765e-05,0.00023464535042803104,0.0008517278480829838,0.0003122072376197549,0.000493348926654913,0.3430337110094858,0.00036257165395432126
darts_enc_fc_cyc_day_sin_futcov_lag0,0.20815157491919178,0.29001915813184126,0.33795930952515274,0.2704875596001726,0.419654507915425,0.17937383310465502,0.17595295924213525,0.0002623740096550975,0.00036874362485774805,0.0006694778096882903,0.00042973182124979027,0.0003616705780307594,0.0002485573909769334,0.00018180905183777795,0.2687998432055105,0.00036033775518519955
ewm_ewma14_fin_usd_uah_rate_pastcov_lag-14,0.7676526231871796,0.3594593530519497,0.2806083837741506,0.5294792336311855,0.40595698258086477,0.22421574344112205,0.06672074592999999,0.0006028059813880215,0.00030489308461185695,0.00025521640123424836,0.0006535796318832166,0.0003706222025226857,0.00019305982945441169,0.00012004001545811161,0.37629900937092176,0.000357173878078936
env_weather_wind_speed_10m_max_futcov_lag-1,0.36328492726367545,0.18268533609030776,0.19074404603217196,0.20425905344033637,0.38209960412201294,0.21485696563630644,0.1599734071592065,0.00039830287400604013,0.00019350212456965555,0.00041884074403690795,0.0002863089648415196,0.0005729193115336262,0.0004486230546485892,0.00017082621224115969,0.2425576199634311,0.00035561761226821407
env_weather_pressure_msl_max_futcov_lag2,0.4890353663280261,0.15723623783800805,0.2870590715911571,0.09911509517948087,0.24772443482053433,0.11549659827579487,0.32278532420693584,0.000736171801467922,0.0003211086843458499,0.0005527144665306904,0.0002687632959795794,0.0001780773570719596,0.0001087095235550839,0.00032366388921731824,0.24549316117713388,0.000355601288309772
ewm_expdecay7_total_ru_area_km2_pastcov_lag-7,0.5163812055366446,0.3014833556184853,0.8225840330908669,0.6223986319450294,0.6058209630912363,0.7760623625151893,0.30283243191990444,0.000373519489703944,0.00021816037280697476,0.00023413767664850482,0.0005369291980220181,0.0003423473214658079,0.000568239309968388,0.00012107273504893267,0.5639375691024794,0.0003420580148092243
env_weather_pressure_msl_max_futcov_lag3,0.2037854072071413,0.7663846124529626,0.36750372723102603,0.15801850441034293,0.3788872839299819,0.16402084138018705,0.15777302088297646,0.0002312024650532152,0.0006989295206772939,0.0004924623737266653,0.00012363204336067745,0.0005053593290327285,0.000181957793919163,0.00015438181331497435,0.31376762821351695,0.00034113219129781674
rolling_rsum7_7_com_diplo_bluesecondary_ua_pastcov_lag-7,0.16626015080197964,0.07766631515809896,0.1780690942178261,0.15719888243553712,0.1291130705911658,0.24165869131735745,0.266153436503489,0.00026830045998340604,0.0001773345441590024,0.000330020783664664,0.0008153980041165187,9.446273562585539e-05,0.00023898868162806065,0.00045275743582326997,0.1737313772893506,0.0003396089492858253
ewm_ewma14_fin_usd_rub_rate_pastcov_lag-1,0.478715395966407,0.26346171760581283,0.20833913729122724,0.549417279577832,0.2820357774216683,0.4195197646597085,2.478255737692963,0.00034366987129679226,0.00022498063972584693,0.0001672103669986269,0.00035908177892658434,0.0001466850922122731,0.00019188766958835312,0.0009051935901972508,0.6685349728879455,0.00033410128699224676
darts_enc_fc_cyc_day_cos_futcov_lag0,0.226508227921589,0.1583352536898848,0.2547892264610961,0.28867795628355575,0.5321745236267135,0.43773480980349666,0.44014708988345946,0.00024839251519328533,0.0001618011418949905,0.0003423217963417047,0.0004718726444761234,0.0003186918164058028,0.0003452045189731745,0.00044983136958935964,0.33405244109568505,0.0003340165432677773
rolling_rsum14_14_act_total_daily_strike_events_pastcov_lag-7,0.22381252084783612,0.297240065594155,0.7239912162450105,0.748952199395621,0.960499800780365,1.0150881128274194,0.5275087967478841,8.070318254058684e-05,9.98989093142777e-05,0.0005380088787930948,0.00032366567126811406,0.0004970406690328,0.0005418351978384806,0.0002550242104402134,0.642441816062613,0.0003337395313182239
env_weather_pressure_msl_max_futcov_lag-2,0.11281736372104462,0.6624615600925027,0.21204935500462477,0.24989193550611713,0.45570712933584745,0.14263849240894666,0.4244680216699446,5.292428985483877e-05,0.00046682205574841704,0.000336078303024423,0.0005598437073025097,0.0004408855477571638,0.00019314791598403768,0.00025438672094817426,0.322861979677004,0.0003291555058027949
ewm_ewma14_acled_other_rus_shelling_artillery_missile_attack_pastcov_lag-7,0.6882238301495721,0.743208781528696,0.5444023108158578,0.5274247341537986,0.8745302839204192,0.7653315420550181,0.4442765680589463,0.00037465648036743014,0.00041450584046947013,0.00038015337468346735,0.0002743318390191707,0.00039103639418114344,0.00030509710772723685,0.000155321817925258,0.6553425786689011,0.0003278718363390252
darts_enc_fc_cyc_day_sin_futcov_lag6,0.22978383768332816,0.19542400782484587,0.2856606647015391,0.1711511257124396,0.2705964227899563,0.3313764572912852,0.30010825684702724,0.00019251992249436078,0.0008502250029661651,0.00030891035853497506,0.0001564413301306855,0.00025868656170160433,0.0002649449406822102,0.00024005663292232527,0.25487153897863163,0.00032454067849033234
darts_enc_fc_cyc_dayofweek_sin_futcov_lag2,0.44314341021939174,0.2001485130897155,0.5210085217938799,0.6484078436781175,0.7009585237360269,0.33740199807418336,0.5154187683937315,0.00031257465413709885,0.00013254485240556945,0.00041941994873566645,0.00048451318075797277,0.0004024627365569078,0.00020608054230490945,0.0003127326917452544,0.4809267969978637,0.0003243326580919113
ewm_ewma14_fin_usd_uah_rate_pastcov_lag-7,0.22856593565348482,0.09741372117647612,0.3743646708952301,0.7238180040138702,0.2408464470932987,0.15254367459815293,0.07756945742779849,0.0003116190833326593,7.027466791698078e-05,0.00020288097042184817,0.001242940498588485,0.0001670993536243337,0.0001234547183020629,0.00014829969127636567,0.27073170155118736,0.0003237955690661051
ewm_expdecay7_dist_to_nearest_contested_km_pastcov_lag-1,0.289326199181682,0.3092504217724315,0.6687698206791077,0.38042387075242445,0.25969985618909386,1.215387232663191,1.234917089721034,0.00019880364844240272,0.00016335670507043875,0.00023079496687385958,0.00017659713944355725,0.00018995406577413388,0.0006016312360698439,0.0007050273435112997,0.6225392129941378,0.0003237378721693622
ewm_expdecay7_com_aid_humanitarian_pastcov_lag-14,0.2684041660873779,0.17084875099764948,0.2734236709576341,0.09273224397169852,0.15797528345734477,0.2715481714658314,0.5286309071628075,0.00023513374838179946,0.00019636145814188043,0.00034199603654707646,0.00012552240381427104,0.0006285077190227639,0.00024897836370945113,0.00048346181446976553,0.25193759915719194,0.00032285164915528685
env_weather_wind_gusts_10m_max_futcov_lag1,0.10494982041803784,0.17755227557378808,0.16462986568084373,0.03841566800924959,0.1675874907424137,0.7285918233312453,0.10854247901578838,0.0002094567631788724,0.000398631385486703,0.0002773138130263142,4.061831046420217e-05,0.0006280483951353278,0.0006123929829190411,8.823135822138007e-05,0.21289563182448093,0.0003220990012045487
rolling_rmean28_28_fin_usd_rub_rate_pastcov_lag-7,1.0212275063125344,0.7111496873724684,0.7271523675777591,0.6498344471525128,0.4760996560079311,0.4488315242831353,0.570966008463558,0.00043028698042426596,0.0002908921493509631,0.00040317603996278264,0.0004276589375075801,0.0002500171653561756,0.00021453335373129435,0.00022084548166765306,0.6578944567385571,0.00031963001542867353
env_weather_wind_speed_10m_mean_futcov_lag1,0.5436346126379735,0.13179441072217868,0.3841070718095459,0.11705646911997866,0.30953253369752637,0.3067109189859597,0.3409303824801946,0.000461723814157855,0.000128891654985841,0.00045942872949114035,0.0001694169210225027,0.0002941275097040119,0.000339470006421716,0.0003536786117254609,0.3048237713504796,0.000315248178215504
rolling_rsum14_14_dist_to_nearest_contested_km_pastcov_lag-14,0.2916763781557103,0.32029048786004205,0.7064841000995103,1.1977336596483452,0.5196839959425988,0.30112194168971246,0.42060135523184544,0.00021549905682591853,0.00013215252867424532,0.00044166387368484996,0.0006191088307311299,0.00030924162024315027,0.00020435919685974914,0.0002720444781560305,0.5367988455182521,0.00031343851216786766
env_weather_wind_speed_10m_max_futcov_lag1,0.300275354950039,0.2031753340065518,0.2768317502762047,0.08665604526633477,0.07825145788819773,0.7996493552068789,0.08183021345036125,0.00034848767627047026,0.0002679940012806803,0.0002899447377054942,0.00015213862391381117,0.00021838051954370385,0.0007759431599332123,0.00011648167684286115,0.26095278729208116,0.0003099100564986048
env_weather_wind_direction_10m_dominant_futcov_lag1,0.15137728770878076,0.1257150979862163,0.7038111442202657,0.04561149157214966,0.4695123272860111,0.8119094529318635,0.1936048380920657,0.0001921153386596597,0.00020583267868101718,0.0004936367418482135,8.96863384659774e-05,0.0005450178544206263,0.0003748347751121761,0.0002667252201491221,0.3573630913996218,0.0003096927067623989
darts_enc_fc_cyc_day_cos_futcov_lag-2,0.23736727682375194,0.1547102900794031,0.28040690209758107,0.3412174502697127,0.3852738928168136,0.27801022263841574,0.6053932519713179,0.00024209370619012737,0.00011538513525199967,0.0001826895058979927,0.0004957805041716723,0.0002932983466571448,0.00031737059076526465,0.0004854982655897899,0.3260541838138566,0.0003045880077891416
ewm_ewma14_dist_to_nearest_contested_km_pastcov_lag-7,1.537292606742248,0.18259817778001478,0.08431217273165781,0.2667740182179705,0.1172084157937553,0.18035745876851403,0.25734956364527345,0.0014165614545283756,6.93715686972185e-05,-1.0280963260456134e-05,0.0002806803395364099,4.5627429486305714e-05,0.0001939170439415605,0.0001342746471095113,0.3751274876684906,0.00030430736000556076
darts_enc_fc_cyc_day_cos_futcov_lag5,0.23826160710782354,0.2190721674428577,0.22806641515456746,0.4248313530774474,0.23185872543174196,0.10589970220306724,0.08186413611302536,0.00039616123802936886,0.00035234537966823967,0.00048039661634018404,0.0005000626434104261,0.00020371041002917867,0.00014735532029874765,4.379449969622584e-05,0.21855058664721866,0.00030340372963891016
darts_enc_fc_cyc_day_sin_futcov_lag5,0.3323976461644655,0.28262799836448593,0.1995324335236391,0.2040592645482193,0.4680523707601559,0.10006007405406377,0.10584900365409382,0.0010136685065705864,0.0002445065731703,0.00017399937458710822,0.00021850071321651842,0.00026454584012423064,8.435801221651218e-05,0.00012140776906719442,0.24179697015273188,0.0003029981127074929
ewm_ewma14_acled_other_rus_armed_clash_pastcov_lag-14,0.22077909575355525,0.13474371534495386,0.14014951911400683,0.05313526282710683,0.07831197859581984,0.17510763698836032,0.12813212512935163,0.0006446830853178209,0.00024004939139645742,0.00037883184683864537,5.224582614828943e-05,0.00015006150298497724,0.000211438897701699,0.00042848618888413625,0.13290847625045066,0.0003008281056102894
rolling_rsum14_14_act_drone_strike_on_rus_in_rus_nofpv_pastcov_lag-1,0.3398334904998464,0.5602183726944092,0.3017807041845212,0.27653043892636475,0.5255516831886167,0.41142761022598917,0.2385156912970819,0.00030400319012251485,0.00030294412184994624,0.0002673080379209436,0.0002807640893162988,0.00039530269918945925,0.00025880457194045193,0.00028621291157628905,0.3791225701452613,0.00029933423170227196
env_weather_pressure_msl_min_futcov_lag-2,0.4788901336332462,0.31536756648049025,0.27654539294170305,0.31718461075026416,0.3989514221467818,0.28127298695904196,0.20615522439316178,0.00045965261793405875,0.0002457486305173839,0.0002053150728548836,0.0003719345049622236,0.0002776405934832082,0.0003213180172382701,0.00020669409597520171,0.3249096196149556,0.00029832907613789006
rolling_rsum7_7_act_total_daily_strike_events_pastcov_lag-1,0.2043862997381412,0.3585864136787104,0.15377375926232334,0.055564016840787385,0.5438800732334523,0.5706571926838687,0.5953034259171047,0.00029784584946157544,0.0004042610767528654,0.00020844163544240236,0.00010324423681740136,0.0003320024343118844,0.00045387547790956,0.0002617386432058222,0.3545930259077697,0.00029448705055735866
env_weather_cloud_cover_mean_futcov_lag6,0.505436648303033,0.174967178337603,0.5415337045249181,0.18645778751853365,0.28273058313808175,0.13258516105861667,0.4615505216492114,0.0005172009341706252,0.00018513228574621455,0.0005994300013234755,0.00021983291482259305,0.0001515837080431792,0.00013410476347526236,0.0002509154450113682,0.3264659406471425,0.00029402857894181685
ewm_expdecay7_total_ru_area_km2_pastcov_lag-14,0.7139391853085478,0.6608113130446566,0.49530056212135404,0.4209030483866916,0.7109692480886105,0.4532443435222762,0.1614012918626757,0.0003903097528581645,0.0005077300064853851,0.0003326306674674484,0.0001965969195224515,0.00022039957961885736,0.0002651494229783946,0.00011108116684066527,0.5166527131906875,0.00028912821653876667
env_weather_wind_speed_10m_mean_futcov_lag3,0.21496885966273263,0.24692314685225472,0.11776647430179905,0.2749183142723019,0.03794069211192432,0.22352433413275694,0.2646990019743793,0.0008594393484720131,0.00016087622238221134,6.995532852269726e-05,0.00023908017461153895,4.9397583489207975e-05,0.0002691854508475755,0.00036048721415629095,0.19724868904402126,0.00028691733178307647
darts_enc_fc_cyc_dayofweek_sin_futcov_lag0,0.40533420286604976,0.46519084885319695,0.3651918215471172,0.21869366428836842,0.6684414695831223,0.7102694755255373,0.15828273576242397,0.00034188369110161877,0.00030067092445797974,0.00046096218986033664,6.141106657870931e-05,0.0003960993019169301,0.00025538892257821467,0.0001509810409498824,0.4273434597751166,0.0002810567339205245
ewm_ewma14_act_drone_infra_ua_health_intent_pastcov_lag-7,0.25932045303688933,0.17747296944839913,0.20306770702205781,0.06204737155008386,0.1129117769046467,0.06654228146758648,0.05581743153906084,0.0006672098994679576,0.0003353414715187686,0.00035335536214811116,0.00021006272503492073,0.00017341107056230155,0.00011229894297879462,0.00010883610026402035,0.13388285585267487,0.0002800736531392678
env_weather_wind_speed_10m_mean_futcov_lag0,0.14656071396804132,0.14553808704878424,0.12411574053592493,0.17832050292270127,0.39609540236912094,0.12680984284725216,0.22383710327520767,0.00017047639617375764,0.00014688502904547374,0.00017124569369877384,0.00018184104202112472,0.0004364751239377407,0.00013850140779103626,0.0006958649428535413,0.1916110561381475,0.0002773270907887783
env_weather_wind_gusts_10m_mean_futcov_lag3,0.31647650817153794,0.2460607280634004,0.017408766805166835,0.08150089198933864,0.0007838700596631648,0.2791501871561073,0.05884535387537451,0.0007824574780816773,0.00047807074981085493,4.3334459334865014e-05,7.039511178712488e-05,7.860035685758326e-06,0.0003119776330399837,0.00023701549036754256,0.14288947230294125,0.00027587299401540095
rolling_rmean28_28_total_ru_area_km2_pastcov_lag-7,0.13131761657635335,0.2860489607902674,0.2694612930507194,0.1661111164569911,0.2675677748705071,0.954003839537105,0.43138630521182764,0.0002292310928575736,0.0002545402195265334,0.00019879270775311487,0.00033517477010602814,0.0003303128771592778,0.0003306387669492761,0.0002497089618632931,0.357985272356253,0.0002754856280307282
rolling_rsum14_14_act_drone_strike_on_rus_in_rus_nofpv_pastcov_lag-7,0.3625894014811675,0.22443257026463684,0.26537291479986985,1.0429658511927242,0.12694442373267587,1.280117572896876,0.3860546775925797,0.0003629254335054677,0.0002153748692897084,0.00018731297708540762,0.0005885034388308563,7.92298921136858e-05,0.0002803420207386553,0.00018433372190569398,0.5269253445657901,0.0002711460504956393
rolling_rsum14_14_act_total_daily_strike_events_pastcov_lag-1,0.2139748144758944,0.18092223513020628,0.20795516902941139,0.6216573505196094,0.6006369523816613,0.4593959566626817,0.3273799457078057,0.0003051846359203747,0.000185500466116606,0.00019055137972290304,0.000397284200470871,0.0002830944685265235,0.0002424798394821126,0.00021090708757713904,0.3731317748438957,0.0002592860111166471
env_weather_pressure_msl_min_futcov_lag1,0.7463044022469811,0.35362319292745775,0.34781121497106227,0.29161280490061287,0.3492087732624062,0.17265581575963712,0.3455979169772534,0.00036852104224280866,0.0001292523161967152,0.00026795604773008905,0.00032735860062027555,0.00034997388413249286,9.473659114744848e-05,0.0002706883248575487,0.3724020172922015,0.0002583552581324826
act_drone_strike_on_ua_target_lag-1,0.6509844095396408,0.04042681248689588,0.06201023783036906,0.003948019160558187,0.023706205755367804,0.019738107670213213,0.18255819551436248,0.001370716575556985,2.370863592688899e-05,0.00015074670698527192,-2.735099675188479e-07,2.7470432644194355e-05,2.1825504267436457e-05,0.0002081214157926503,0.14048171256534392,0.0002574736801722726
env_weather_cloud_cover_mean_futcov_lag5,0.22394655432457816,0.2505968590975369,0.12744125607315707,0.2827390359429635,0.36942468827664604,0.38061962973524954,0.2522547325783619,0.00015894425071363293,0.0002103435185333735,0.00014970924181596513,0.00024894713407974667,0.0003503077041512537,0.0003051593009034903,0.00036980037645282236,0.26957467943264185,0.0002561730752357549
env_weather_wind_direction_10m_dominant_futcov_lag6,0.14479606815098958,0.1554314784386997,0.14315705300389,0.32640353569918323,0.11545840154430492,0.08749162215459977,0.10889637347184944,0.00016820990229018395,0.00011316855218064248,0.00017827990377929925,0.000717633868163059,0.0002570419181008976,0.00017314998251205527,0.00016071016364678227,0.1545192189233595,0.0002525991843818457
ewm_ewma14_dist_to_nearest_contested_km_pastcov_lag-14,0.23859361692710002,0.38126554894917647,0.2626269754060608,0.22889521566240645,0.42499932733306206,0.3687708792797823,0.44988683937343543,0.0003479892779591154,0.000250889035298596,0.0001973427184467358,0.00014551729821403735,0.00032547074868447543,0.00020284632275693326,0.0002743363197573956,0.3364340575615748,0.00024919881730246985
darts_enc_fc_cyc_day_cos_futcov_lag6,0.24425509137202364,0.3554630619875831,0.039763228302803356,0.11122718044649187,0.18625830011274477,0.09017607862909417,0.08577583742412133,0.00039959142894989695,0.0004861286430773326,8.372822792779289e-05,0.0002594736097629724,0.00022798658762550604,0.00010604021501818828,0.00015953785665927532,0.1589883968964089,0.0002460695098601378
darts_enc_fc_cyc_dayofweek_sin_futcov_lag4,0.017568136557266363,0.40463146397869976,0.5460385722406214,0.17025893666894,0.26422812209769825,0.45541584012307923,0.2690115829093175,8.06237107152441e-05,0.00030901442342661233,0.00042505938374319817,0.00013600833717484218,0.00018060167367350832,0.00032144874653214914,0.0002600028204782001,0.30387895065366033,0.0002446798708205363
darts_enc_fc_cyc_month_sin_futcov_lag2,0.09224916058478042,0.11386170029163534,0.04618346386358222,0.03084796984858305,0.5111437987195668,0.2059478572184788,0.1708101109379325,4.7176036895790754e-05,2.0132042123499617e-05,7.3785137017612355e-06,-1.1302653893041637e-06,0.001408065250065893,6.671711270520576e-05,0.0001540153350002571,0.1672920087806513,0.0002431934321575862
env_weather_wind_gusts_10m_mean_futcov_lag6,0.19779733909516492,0.11900391396049773,0.3070946228120613,0.28647792516033876,0.20759419651402966,0.22281301264669978,0.19056827407562313,0.00015419816738553304,6.160626681135372e-05,0.0003128635435755811,0.0005912480851012258,0.0001366080290755356,0.00027237565446136536,0.00016622483492614303,0.21876418346634505,0.0002421606544766768
rolling_rsum7_7_act_total_daily_strike_events_pastcov_lag-7,0.342096584979835,0.5992876768647935,0.10297543828707245,0.1208624063692444,0.49199950794907227,0.27062457382308525,0.27881638312792106,0.000440983998069,0.000531036789329753,9.556258640017746e-05,0.00010904844088657217,0.00024299556872697803,0.00015556705706651908,0.00010851651037797616,0.3152375102001463,0.00024053013583671083
darts_enc_fc_cyc_dayofweek_sin_futcov_lag5,0.27492644878705175,0.3617128406158052,0.49299342110881583,0.5794787083972114,0.02451844177910396,0.3306935085121389,0.2689673162025847,0.00023744265987413193,0.0002465104835925436,0.00034561086933788677,0.0003553098801930998,2.8417134173142068e-05,0.00029083523203030646,0.0001722211947049024,0.3333272407718159,0.00023947820770085895
darts_enc_fc_cyc_dayofweek_cos_futcov_lag5,0.2487200163803861,0.5368129223987061,0.11040114832031583,0.3744773753338131,0.2006543171117247,0.92814004937236,0.2663128561857204,0.0001856394794593985,0.00033231176882604353,0.0001983046545625422,0.0002566043047095734,0.00012763565776112705,0.0004231862007389564,0.000152027333269511,0.38078838358614664,0.00023938705704673602
env_weather_wind_gusts_10m_mean_futcov_lag1,0.03754183640081655,0.16941801642542859,0.30826823329865927,0.3237329965176241,0.15672644394601676,0.4006486049662634,0.02220605161488649,9.506397739407202e-05,0.00022048345626024535,0.00024386229105708424,0.0004247251281633391,0.00023734096167269403,0.0004173604175174095,3.177964244911457e-05,0.20264888330995645,0.00023865941064485125
env_weather_wind_gusts_10m_mean_futcov_lag2,0.08711812590860323,0.1386313050893446,0.23937537797259886,0.17879424652668488,0.2865229005799883,0.17505559833147888,0.24437301376762435,0.00011086379925804302,0.00020356795892182423,0.0001994779105837452,0.0001610450464012425,0.00027446928456067445,0.00027148884171472875,0.0004331140503218034,0.19283865259661756,0.0002362895559660088
ewm_ewma14_dist_to_nearest_ru_km_pastcov_lag-7,0.15413962330001107,0.6742458091422745,0.33958106390241816,0.2764332449642069,0.2775971632134836,0.3374943802509559,0.31546165157952666,0.00010045530850717465,0.00035310025813499734,0.00028725287392390443,0.000265541935879865,0.00015907604085172445,0.0001959845524532211,0.00024145153728742929,0.33927899090755387,0.0002289803581483309
ewm_expdecay7_dist_to_nearest_contested_km_pastcov_lag-7,0.5556839319200798,0.42411719183871227,0.3020034308005218,0.210672310141556,0.5436850913928251,0.21688362113526605,0.23042030264581,0.0005322230905400405,0.00015117763906888904,0.0001599825276703548,5.6128793092757864e-05,0.00034249335379692435,0.0001596163828360364,0.00019985612328277114,0.3547808399821101,0.00022878255861253914
ewm_ewma14_dist_to_nearest_ru_km_pastcov_lag-1,0.516746107887355,0.21938436599448158,0.47917661358266195,0.3159671649396557,0.2831971758127332,0.36137168449895996,0.30927313581659005,0.00039687409960160737,0.00023442224987977323,0.0002757476024432215,0.00020268295127587877,0.00013766424219474604,0.0001931581843862329,0.00015610761500315374,0.35501660693320536,0.0002280938492549448
ewm_ewma14_com_diplo_bluesecondary_ua_pastcov_lag-1,0.12728662411221062,0.15930001899011795,0.18601057867939044,0.29711445198399095,0.18629486792168287,0.17277158334683387,0.15459987785628246,0.00037392103070172934,0.0002113819782654236,0.0002275415289132221,0.00015145959961704314,0.0002327505222859072,0.0001406275181476957,0.00025721918403431854,0.18333971469864419,0.00022784305170933422
darts_enc_fc_cyc_dayofweek_sin_futcov_lag3,0.013556086732600154,0.2731534708207907,0.11370402785565077,0.5684628852456866,0.4840942610858142,0.2516486411197295,0.44122328617606216,1.8692771570494314e-05,0.00026275292626947165,0.00012243797456701344,0.000394126532873873,0.00034220762407044525,0.0002300016399147342,0.00022185282531290708,0.3065489512909049,0.0002274388992255627
darts_enc_fc_cyc_day_sin_futcov_lag4,0.25383165737249924,0.22082264779146263,0.19361542901417692,0.141160719778672,0.4548904966725363,0.2199268534336827,0.1583570565215013,0.00021584703132020432,0.00019234654751163483,0.00018696433308031945,0.0002493530051165704,0.00032754800237990713,0.00024247642752583953,0.0001685229039275926,0.2346578372263616,0.0002261511786945812
darts_enc_fc_cyc_dayofweek_cos_futcov_lag2,0.39037100765913046,0.579966012621868,0.8335189437728516,0.05172265577183211,0.6814677746870612,0.8751444031081609,0.12011451713711195,0.00010642478404094824,0.0002964920006007121,0.0004909255754927067,-1.598335095380765e-05,0.0004957317369717274,0.00017549099255271817,3.269291203669145e-05,0.5046150449654309,0.00022596780724881373
rolling_rsum14_14_act_total_daily_strike_events_pastcov_lag-14,0.08862844231082821,0.27109223175943903,0.41496115435448555,0.4323463301358066,0.3971922849991263,0.3555390852639178,0.2937659427959464,2.33418225115134e-06,0.00017831573270707946,0.0006277258343952319,0.00039572709957886866,5.4983619365978066e-05,7.511728986313582e-05,0.0002253359148354228,0.32193221023136426,0.00022279138185669545
darts_enc_fc_cyc_dayofyear_cos_futcov_lag6,0.11624519803456322,0.13256519860817106,0.13555432364514278,0.1540730212081028,0.15210404055847124,0.13400450369443734,0.34045765539106804,0.00014224222246730366,0.0001103016366379217,8.87257365923988e-05,6.418566268389103e-05,0.0002654917755485986,0.0006213503138011278,0.0002622589287761379,0.1664291344485652,0.00022207946807248276
rolling_rmean28_28_act_total_daily_strike_events_pastcov_lag-7,0.3708915022795097,0.1390009012717244,0.45913766029467856,0.25557175250722913,0.3759873895795255,0.33544740132031725,0.2819124385975929,0.00042706441918598513,0.00012707718997360118,0.0003604240466259068,6.488415280794246e-05,0.00011297585528924348,0.00033282132439576005,0.0001286718775984852,0.31684986369293966,0.0002219884094109892
env_weather_wind_speed_10m_mean_futcov_lag2,0.1141608751435577,0.31179208291420896,0.14041029935185126,0.09498672114022091,0.18572343388375895,0.10608419864188391,0.11010038060830525,0.00018268600898274645,0.00026071352565666396,0.0001483287530120947,0.00018200662576535188,0.00021702329024255728,0.0002579147486934552,0.0002694724654859648,0.15189399881196955,0.00021687791683411918
env_weather_pressure_msl_max_futcov_lag0,0.08880579181244397,0.15432802361348422,0.10573751356899919,0.2241379332057889,0.24729122355045424,0.27014630045083365,0.20755473228443208,0.00019857621036090123,0.0003272169911607614,0.00010444252780119622,0.0001790792125035523,0.0003488447791560656,0.00023759237400353684,0.00011124095820427282,0.18542878835520513,0.00021528472188432662
ewm_ewma14_act_drone_infra_ua_health_intent_pastcov_lag-1,0.035737176239164156,0.21456254780622752,0.13742138379864982,0.07016364758831259,0.08352781260256567,0.18642594955038239,0.4032876141209668,3.1436056658207255e-05,0.00041153845510373267,0.00029249953204646406,0.00015591354043584805,6.642936848668679e-05,0.00028327873948750246,0.0002564294788601984,0.16158944738660988,0.0002139321672969485
darts_enc_fc_cyc_day_cos_futcov_lag4,0.19478781855110808,0.3469039062720147,0.16551061523537713,0.05241721714535029,0.18725787524935023,0.14814298956610028,0.10156313219039423,0.00018275143540500416,0.0005567077967743473,0.0001412478347531998,8.29444517989275e-05,0.00016256334448097042,0.00023525589820647675,9.842837753257783e-05,0.17094050774424213,0.00020855701985021484
rolling_rsum14_14_dist_to_nearest_ru_km_pastcov_lag-1,0.25766686049363646,0.30826622978956825,0.20233281740196685,0.601741714392857,0.33322029954649435,0.4617443342854892,0.49231369553832477,0.0001827164319197827,0.00015844297607423564,9.928238282457258e-05,0.00031329215797817336,0.00021308840662144225,0.0001741618996990768,0.00029536154270863867,0.37961227877833387,0.0002051922568322746
env_weather_pressure_msl_min_futcov_lag-1,0.2050309029161072,0.22514772994890764,0.05762662257669816,0.14987213852362316,0.17790438146451468,0.08126949120158801,0.18060329378221238,0.00037991474425680405,0.00021555900185865617,2.5702728244425543e-05,0.00020346481369466486,0.000320375392831207,8.016408827169475e-05,0.00017648705178257006,0.15392208005909302,0.0002002382601342889
env_weather_pressure_msl_max_futcov_lag-1,0.23962504106255839,0.05064964081635654,0.4958544006530204,0.1429064708242651,0.33352284364687595,0.08826211390419525,0.11339419736040127,0.0003270769962901099,3.301852577899389e-05,0.00026125833349157637,0.00035466754365496287,0.00025469102248574236,5.786823468472147e-05,9.725630262111818e-05,0.20917352975252473,0.00019797670842960357
darts_enc_fc_cyc_day_cos_futcov_lag2,0.32589340028299923,0.26641382615111814,0.05089729952147288,0.12875318361003693,0.14851989829975112,0.10041724047098576,0.04562913774402389,0.0004598305329128527,0.0003606813201627146,3.202975735301372e-05,0.00024869794006359135,0.0001289822612946745,0.000130203973958376,2.2268604343333997e-05,0.1523605694400554,0.00019752777001265097
env_weather_pressure_msl_max_futcov_lag1,0.0985619410799686,0.3818439499620489,0.13574810025483683,0.13778669793134937,0.018306153871717617,0.2793931391320841,0.14766429857573665,0.00015575616462986107,0.00035221085187360225,0.00027898906022307826,9.585301523389323e-05,3.156906651815561e-05,0.0002796565675197593,0.00018761141682293035,0.17132918297253455,0.00019737802040304002
darts_enc_fc_cyc_day_sin_futcov_lag3,0.12832816065920133,0.32382770798189653,0.3023402876086641,0.156759283014349,0.1388429846810688,0.16244705306159607,0.2966866976391547,7.71518548802197e-05,0.0002406371352196679,0.0003056119652043998,0.00010521401991492318,8.38784274608928e-05,0.00026354789444933414,0.0003036849921641549,0.21560459637799007,0.00019710375561337034
darts_enc_fc_cyc_day_sin_futcov_lag-1,0.2701052655069861,0.12397914534861258,0.14900778606970957,0.17030286300722927,0.1894294070388795,0.039059717790181074,0.05980019383265234,0.00019044689137917014,0.0001841722191398887,0.00025557828210434066,0.0003353200263775946,0.00017853773243936555,3.5580689551761856e-05,0.0001826775317134155,0.14309776837060723,0.000194616196100791
darts_enc_fc_cyc_dayofweek_sin_futcov_lag-1,0.27493548493896963,0.19605678118877082,0.2441834370696686,0.5939010727720728,0.35396099386072305,0.1173681627941204,0.09234068300189452,0.00020846248404049472,0.0001897672644102455,0.00017025246610313793,0.00040752100684335877,0.00023602772990169996,6.506345160677274e-05,7.953967550156094e-05,0.2675352308037457,0.00019380486834389581
darts_enc_fc_cyc_dayofweek_cos_futcov_lag3,0.24078977752664638,0.23553453557472076,0.40438739137929164,0.13468149623581196,0.06230460673915683,0.2283549081901249,0.41278430769131036,0.00022758825512594338,0.00025217634947041214,0.0002928348513715262,0.00013786781794853376,6.662405691035823e-05,0.00020046712329184756,0.00016764116322440792,0.24554814619100895,0.00019217137390614705
ewm_expdecay7_acled_other_rus_shelling_artillery_missile_attack_pastcov_lag-7,0.24061659585257805,0.11766541267570332,0.2731540724621187,0.2109449655153209,0.18887129974218478,0.21022212043315572,0.6862873459688764,0.000173563305259683,0.0001079079476256517,0.00015280441824880864,0.0002215800349711694,0.00010638041314885438,8.953791219461494e-05,0.0004763564062191028,0.2753945446642768,0.0001897329196668407
ewm_ewma14_act_drone_strike_on_rus_in_rus_nofpv_pastcov_lag-7,0.35441172582730823,0.1320764148814998,0.3469276417054426,0.5329593403374137,0.5147710110968747,0.3340422370929041,0.501668388435754,0.00023446229033508015,0.00019112340568385732,8.992727939300948e-05,0.0002946955564733011,0.0003234303863255183,2.0389984509594505e-05,0.00013722966974973882,0.3881223941967425,0.00018446551035287135
darts_enc_fc_cyc_dayofweek_sin_futcov_lag6,0.02536352118826682,0.3370331451770372,0.23589703944721094,0.4522111588239475,0.2970847994417755,0.09660737572064126,0.13677967767339405,5.1717295045983216e-05,0.0002244188345243092,0.00016066694648626535,0.0003540423350967936,0.0001557266224587739,0.00015824452838220093,0.00014372699853060222,0.22585381678175334,0.0001783633657892755
ewm_expdecay7_acled_other_rus_shelling_artillery_missile_attack_pastcov_lag-1,0.1927328234862378,0.15542341018430922,0.15182781603746157,0.23295087032439213,0.41739033714933654,0.16591790340410265,0.09526412100802169,0.00025990994356721585,0.00015654189007905384,0.0001317346619426507,0.00023187848339729645,0.0003222517923047397,6.153027367952201e-05,5.8582011331620445e-05,0.20164389737055166,0.00017463272232887125
rolling_rsum7_7_com_diplo_bluesecondary_ua_pastcov_lag-1,0.12223596379941669,0.1058201313849493,0.33848928099965014,0.13958462172858896,0.11200829022718976,0.1918026608882977,0.1164943833205726,0.0002621413286211016,0.00012271981470122207,0.0001884148913876782,0.00013905614559035496,0.00014609645418812712,0.00029612145730189,5.9469184181204504e-05,0.16091933319266646,0.00017343132513879692
ewm_ewma14_dist_to_nearest_ru_km_pastcov_lag-14,0.2065958354758995,0.31387532416135044,0.5714891527355315,0.24898733551009525,0.33609457591210745,0.22375177302081053,0.46639872008383804,0.00013354390414861418,0.00011908012792507527,0.0002908539666570453,0.00019035575573058682,0.0001618216289527963,0.00011590824967531166,0.00019852178239185836,0.33817038812851896,0.00017286934506875544
env_weather_pressure_msl_min_futcov_lag0,0.07554497619371138,0.1936873529887623,0.20242969798219698,0.12245445488174755,0.2953064407354577,0.17782734206342118,0.25350225518757286,0.0001082708486051187,0.00018476479431575043,0.00014921728542054423,8.236849368667976e-05,0.00027462449870898633,0.00026431785270426557,0.0001334072058057245,0.1886789314332671,0.0001709958541781528
darts_enc_fc_cyc_month_sin_futcov_lag4,0.07635000240870649,0.33542813335002697,0.05241383709379181,0.2026160161481799,0.08262416810538815,0.11868375261397543,0.1296960454912346,6.909129231169597e-05,0.0003055463702837269,0.00015585169865828252,0.00015882992115432427,6.214312738288541e-05,0.00011647892179789121,0.0003136896022260194,0.1425445650301862,0.00016880441911640368
darts_enc_fc_cyc_dayofyear_sin_futcov_lag5,0.2018738042766312,0.17457669587812577,0.27002120610950153,0.30238003347960196,0.10810065138639986,0.21304618743650158,0.1259702815141964,0.0002013969650763281,0.0001520295676044059,0.0002666985466748484,0.00018283621373731406,8.137777416530322e-05,0.00019219171340787434,0.00010433649933974109,0.1994241228687083,0.00016869532571511646
darts_enc_fc_cyc_dayofweek_sin_futcov_lag-2,0.16037091015229807,0.09838858325611258,0.5605579092986559,0.48047411244197874,0.3928233059406375,0.13959945488075653,0.14904552628009451,0.00015045883301421093,5.4317619784916005e-05,0.000241945950061484,0.00029055002268916217,0.0002671913841348461,9.433976683452805e-05,6.241946093688e-05,0.28303711460721914,0.00016588900535086104
darts_enc_fc_cyc_dayofyear_cos_futcov_lag4,0.08994213672138726,0.1510080638513897,0.13604641321112046,0.23843684565357817,0.08332699224400966,0.203927410745671,0.029202856956687836,0.00014984848735979383,3.5325762614424326e-05,0.00011221111976242871,0.00048110310088274045,0.00012753440258999048,0.0003000010877589387,-4.8280178739745774e-05,0.13312724562626344,0.00016539196888979584
rolling_rsum14_14_dist_to_nearest_ru_km_pastcov_lag-7,0.12332831360805173,0.03913519297228948,0.22628582068229083,0.5365691851564508,0.28676900443381353,0.2612262170914689,0.27998755655962587,7.699048500895423e-05,4.826556469499366e-05,0.00018346144417258348,0.0003560108179185395,0.0001931908205965671,0.0001404013053716513,0.0001479089430234115,0.2504716129291416,0.00016374705439810012
darts_enc_fc_cyc_day_cos_futcov_lag1,0.14278029072414317,0.13128856520497487,0.18541985285736803,0.12127937649193934,0.051156758294111156,0.22579574799805027,0.30085830083037884,0.000172984785631769,0.00019903533979159782,0.00024083414659852308,9.774060709604182e-05,6.426564595818363e-05,0.00018682719544094173,0.00018133458955940096,0.1655112703429951,0.000163288901439494
ewm_ewma14_dist_to_nearest_contested_km_pastcov_lag-1,0.09309600024053011,0.15702864637795264,0.022475345876301712,0.21269035221373822,0.3821659288188862,0.5259651664967628,1.0881009458609243,-1.567316316539724e-05,1.822564779989655e-05,-7.30172655835748e-05,6.72283150193298e-05,7.149468943554727e-05,0.0002671687102868914,0.0007823644813815811,0.3545031979835852,0.00015968448788203916
darts_enc_fc_cyc_day_cos_futcov_lag3,0.5218330250461306,0.16439959689568792,0.07849415060173782,0.07252052747036412,0.0702696092630168,0.10713660801476932,0.061975940789649464,0.0004795836218993932,0.00021973671143462603,8.861545960288097e-05,0.00010410346310305574,7.190804835026654e-05,9.533053794843482e-05,5.1342286248901024e-05,0.15380420829733657,0.0001586600183696512
darts_enc_fc_cyc_week_sin_futcov_lag5,0.20501454280664314,0.2054697215952544,0.09819812513282077,0.21244890215104859,0.3009367726915387,0.08118173707167589,0.32817045201514194,0.00014562937230537808,0.00019679115063360176,0.0001437814751195754,0.00011413453550768171,0.00016103998007483967,0.00010079754427985143,0.00021701015453232664,0.20448860763773194,0.0001541691732076078
darts_enc_fc_cyc_dayofweek_cos_futcov_lag0,0.10895391932682953,0.010074367958691868,0.2766656128656126,0.42173505741477785,0.13956925189943256,0.21635452548557696,0.3744652929722245,0.00020140933201524548,3.1287686302339246e-05,0.00025128616554939145,0.0002985142875061575,5.9433470569092425e-05,7.344571752005979e-05,0.00015781057722172865,0.22111686113187798,0.00015331246238343066
rolling_rsum14_14_dist_to_nearest_contested_km_pastcov_lag-1,0.10460778567320243,0.1447762209085562,0.3363501233297486,0.18471311259742398,0.21141108546268852,0.39349223964274327,0.27614480184252876,6.39869354653655e-05,0.00010770141082601103,0.0002976137626899744,0.0001252499332364154,4.487907209056452e-05,0.0002735150788087948,0.00015643883603182472,0.23592790992241314,0.00015276928987842148
ewm_ewma14_acled_other_rus_shelling_artillery_missile_attack_pastcov_lag-1,0.1944003720407612,0.5010967256638834,0.09984048287642983,0.22882247231331496,0.3548254808049616,0.3677443855542631,0.08982311903209232,8.900963402032058e-05,0.000268717814165087,0.00013871988770837175,0.0001981740229253015,0.0001222999363726496,0.00016925565831515943,8.160753256265529e-05,0.26236471975510095,0.00015254064086707786
rolling_rsum14_14_dist_to_nearest_contested_km_pastcov_lag-7,0.23500059060464115,0.24154253168378842,0.21204311575066834,0.3791332552093286,0.42328394108872835,0.3844219006088441,0.515152725437708,0.00017511236811167396,5.5612440715835376e-05,0.00012630754206930384,0.00019439435491159786,0.00017121032272027215,0.00012174810894129972,0.00021527141412767126,0.3415111514833867,0.00015137950737109345
darts_enc_fc_cyc_day_cos_futcov_lag-1,0.06485955414656379,0.2120989925085498,0.07698118008331169,0.11504307175105251,0.23870105158788285,0.20189766488929378,0.14109998137979268,9.201550702975236e-05,0.000184924640440709,0.00011248290789866999,7.99823184401749e-05,0.00019740922488848956,0.00024450454268241104,0.00013779266688791482,0.150097356620921,0.00014987311546687453
rolling_rmean28_28_dist_to_nearest_contested_km_pastcov_lag-1,0.3665116651980146,0.5356885539228929,0.5079649201023523,0.17560053727933247,0.34111911175277276,0.6657276458983146,0.12872063494897615,0.0001238363298368128,0.000133224024478662,0.00022816986336229305,4.892889273551137e-05,0.00022819750391995798,0.0002199215415921385,5.6110205310422326e-05,0.3887618670146651,0.00014834119446225684
darts_enc_fc_cyc_dayofyear_sin_futcov_lag4,0.2265884807904043,0.23252072261585427,0.14965619639332542,0.17944612528091497,0.21638856542659035,0.251265258458162,0.27424054121226576,0.0002021063662674738,0.000153569441658874,0.00010397447118903891,0.0001276160613554067,7.82504782027793e-05,0.00020479724104498497,0.00013614862469299994,0.2185865557396453,0.00014378038348736538
ewm_ewma14_act_total_daily_strike_events_pastcov_lag-7,0.00647397115438893,0.10501932850551383,0.27239650118885406,0.4174656492707645,0.3842745172686764,0.06727550355415636,0.15164878739086357,1.903714597404349e-05,9.633638595161199e-05,0.00010842853615320447,0.00036860328046810497,0.00013618977519453957,8.112200636876122e-05,0.00019251823557955294,0.2006506083333168,0.00014317648081283124
ewm_expdecay7_acled_other_rus_shelling_artillery_missile_attack_pastcov_lag-14,0.047168170951593494,0.2975238467128083,0.17991800207404718,0.14437068967923142,0.14175332539135715,0.35843482576963587,0.05575666589302059,1.54744615244784e-05,0.00018036376778594044,0.00029180373907085056,8.970995017190119e-05,0.00012929484980841454,0.00018040852277050322,9.899608759007527e-05,0.17498936092452771,0.0001408644826745948
darts_enc_fc_cyc_month_sin_futcov_lag-2,0.10111323402556485,0.17782299993079465,0.20337057041208678,0.28496916318210297,0.2393806407326764,0.3211570713001397,0.3203223938276276,4.148304923525803e-05,0.000215424707695,0.00021656461696080155,-7.816428663587337e-06,7.9132554863115e-05,0.00023152005568771727,0.0001828656523297223,0.2354480104872847,0.00013702488687257526
darts_enc_fc_cyc_week_sin_futcov_lag4,0.3082017177710689,0.13887422943458458,0.13467592773031095,0.08924106842445453,0.184727057617413,0.037441893362507195,0.17831117350467837,0.00013810254722406156,3.326384453521403e-05,0.00023846554551043564,0.0001490077029932868,0.00020012252030978672,3.7054357989441125e-05,0.00016042020502891053,0.15306758112071678,0.00013663381765587662
ewm_ewma14_act_drone_infra_ua_energy_intent_pastcov_lag-1,0.06489672705097486,0.09820050827243763,0.1984351678607209,0.1411592886874527,0.1191433981898922,0.12124461635230949,0.13956689483230914,0.00012964090277314266,-5.944935617741009e-06,0.0002273093528079695,8.916577094149058e-05,0.00011530110306594566,8.207070801946603e-05,0.0003149136682041309,0.12609237160658526,0.00013606522431348634
darts_enc_fc_cyc_dayofweek_sin_futcov_lag1,0.00805940625657803,0.2991348323299441,0.2400741198672353,0.41526622359235593,0.24082487710965372,0.20736555655769418,0.47235689811105636,-3.201210478920302e-05,6.63654668084046e-05,0.00015552893994486006,0.00026036659374486517,0.00012178778441700455,7.66045876804844e-05,0.0002926403624052609,0.2690117019749311,0.00013446880431595382
darts_enc_fc_cyc_dayofyear_cos_futcov_lag1,0.16444822259563482,0.1040843549884332,0.045621391219356294,0.20972560267322074,0.07693360304660708,0.03445101303850019,0.04708624960219463,0.0006664377172114433,0.00014744324045721236,9.421114551799726e-06,5.636102751611638e-05,3.0376471101045688e-05,-1.6124813072226907e-05,3.9915736971862795e-05,0.09747863388056385,0.00013340435639103617
darts_enc_fc_cyc_week_sin_futcov_lag-2,0.07056132044012117,0.039815953461508326,0.08105114657547625,0.09124754626894849,0.16439457551583248,0.14966374306397612,0.05377850507105057,5.7317316858873646e-05,2.5595450267767995e-05,9.299953036785435e-05,0.00020474110380634957,0.00024504314976647734,0.00018643295607145838,0.00011291753887667788,0.09293039862813048,0.00013214957800220846
ewm_ewma14_act_drone_infra_ua_energy_intent_pastcov_lag-7,0.23692387934991463,0.16422597740937286,0.11538384780878529,0.056883354625184464,0.08028698677727504,0.0777916534228879,0.029971402599402886,0.0002065483957742309,0.00017042552078472273,0.00012734911384415515,0.00010373712525133528,0.00012052183783288762,5.216787639541476e-05,7.687111129632829e-05,0.1087810145704033,0.0001225172830255821
darts_enc_fc_cyc_dayofyear_sin_futcov_lag0,0.16540046821650353,0.13435995256230618,0.11077818552808529,0.21524283890178694,0.15925082210526556,0.07887842705557359,0.12809202063097683,0.00016557912783965456,8.55281622823778e-05,3.5567497905386605e-05,0.0002461536282995391,8.723805264307938e-05,3.214904786379425e-05,0.000190479831851742,0.1417146735714997,0.00012038504981222483
darts_enc_fc_cyc_week_cos_futcov_lag1,0.14135087206932961,0.2137209431535319,0.04384619325142824,0.04338082974813154,0.17429848137675172,0.24630993119218447,0.18734190171039392,7.815071218653102e-05,0.0001505593215679779,5.636410715601503e-05,6.394633420028217e-05,0.00017504680762849833,0.00019373184216240347,0.00011399520370474203,0.1500355932145359,0.00011882776122949284
darts_enc_fc_cyc_dayofweek_cos_futcov_lag1,0.3062767961854007,0.1325625955744397,0.002468040899847786,0.27444062177708106,0.12116990387344503,0.02259647192679351,0.4091621948722236,0.0002695228717330744,9.07014516543736e-05,2.6251970257185063e-06,0.00019590070210895316,6.557101529793829e-05,3.2730959195981235e-05,0.00017461088063699392,0.18123951787274736,0.00011880901109329045
act_drone_strike_on_ua_target_lag-7,0.08039177544582789,0.12513972918006297,0.034643836860130055,0.05964956179553524,0.057434590604074916,0.0664238640820063,0.06667834302665081,7.04358879791478e-05,0.00028642538190257747,2.2682591707545717e-05,0.00023568258160195922,3.23882345208748e-05,0.00014376079002282883,3.44261682926561e-05,0.07005167157061261,0.00011797166228965572
darts_enc_fc_cyc_month_sin_futcov_lag6,0.1191057081704068,0.08670994743983333,0.2035120358822852,0.05012117495767382,0.23247822913690638,0.082529679376798,0.3239102364314124,6.579765480072553e-05,0.00013270518504584494,8.885954952675412e-05,0.00014452009663656895,0.0001229407557886919,0.00010523278250316182,0.0001657205059058642,0.1569095730564737,0.00011796807574394449
darts_enc_fc_cyc_dayofweek_cos_futcov_lag6,0.012553350051673415,0.17519074695091136,0.13808253954730557,0.2558098396649302,0.08293932237288945,0.3244234858148976,0.32027613295487456,2.3427869519387913e-05,0.00014406318164468247,0.00013437191169629603,0.0002691080391120426,7.456149083788777e-05,7.267720045895931e-05,9.980747647415633e-05,0.18703934533678318,0.00011685959567763034
darts_enc_fc_cyc_week_cos_futcov_lag-2,0.165640958461009,0.15600140928539616,0.08559764982230185,0.2695589904872396,0.10359851274324275,0.16026722522612702,0.0771002515487731,0.00014541122084503754,0.00014689605641302617,6.723526455878481e-05,0.000234938466710366,5.391436172801356e-05,7.069891095521364e-05,8.152916472303762e-05,0.14539499965344135,0.00011437477799049706
rolling_rsum14_14_dist_to_nearest_ru_km_pastcov_lag-14,0.2884213121569906,0.11348802033182763,0.23996833113046345,0.28661900384757727,0.2578364560436624,0.2653082356870439,0.40107656464422053,0.00012588509724573705,1.899638371556378e-05,0.00015376431288649517,3.357239693613234e-05,0.00015800438703592601,0.0001190696698566418,0.00015928346186053766,0.2646739891202551,0.00010979652993386197
darts_enc_fc_cyc_dayofyear_cos_futcov_lag5,0.07968251002412838,0.07084259099004492,0.018307216559416542,0.054013845540986295,0.11953266805365272,0.20228100224881457,0.07248616527843305,-4.5786913517509296e-05,-2.2686509686398183e-07,-3.442525380674688e-05,5.37302201683465e-05,0.0005121377064986277,0.00019885289934218342,6.886650257638127e-05,0.08816371409935377,0.0001075926137377741
rolling_rmean28_28_total_ru_area_km2_pastcov_lag-14,0.1651143242743008,0.5164287399109033,0.39009635973285767,0.31918603530081724,0.16022469863883393,0.0858209476628759,0.3830320777696346,9.671968561171251e-05,8.213277925843699e-05,0.000120026941651874,0.0001912579828204475,7.825994010564052e-05,5.0596845614769845e-05,0.00012195630352178633,0.288557597612889,0.00010585006836923823
act_drone_strike_on_ua_target_lag-4,0.04265809699782381,0.0754682269384518,0.06579559971576784,0.12119208151029805,0.10342295703971048,0.05747284869985701,0.10802141828310198,2.3089021077105087e-05,3.051373214593145e-05,5.7625247466597254e-05,0.00013721338741246036,0.00021453868033827206,4.557967883558334e-05,0.00019749610877430878,0.08200446131214444,0.00010086512229289405
rolling_rmean28_28_dist_to_nearest_contested_km_pastcov_lag-14,0.09933793180266416,0.09415392236025277,0.013358846178735083,0.1422862325836922,0.018722403801647965,0.20633632734540694,0.4455225462093288,0.00010263512719470569,7.324467027136627e-06,1.3986810045496512e-05,0.0001159329911321727,2.041676104380663e-05,0.00013803312975064764,0.0003032352710757635,0.14567403004024684,0.00010022350818138989
darts_enc_fc_cyc_dayofyear_sin_futcov_lag1,0.051086686846547054,0.0736370266139147,0.04527445609439314,0.15909304836754506,0.17410518743489675,0.09383915607556546,0.03608288475131353,8.567326943613729e-05,0.00017412693956251336,0.00011089793324383645,0.00012783890080811933,0.00010587290325432263,4.135736553589897e-05,4.3601189180964003e-05,0.0904454923120251,9.848121443168456e-05
ewm_expdecay7_dist_to_nearest_contested_km_pastcov_lag-14,0.0015433863150792401,0.14492853480671142,0.1078444182925595,0.11416336235172514,0.331159920771246,0.02944795567004933,0.014388313943068259,3.459235323144405e-06,0.0001681644511742908,0.00012307667952693446,5.9243926811825e-05,0.00023018702165715775,4.802152233567281e-05,2.2089654444701344e-05,0.106210841735777,9.346321303910381e-05
darts_enc_fc_cyc_dayofyear_sin_futcov_lag2,0.24628948364258693,0.18888539006634347,0.10406166121857452,0.15877300545370324,0.16956067238864317,0.19011900699511003,0.11623145931095394,0.00014253277478251113,3.2789065841454244e-05,5.6171674526850345e-05,0.00011023190073977673,7.73219329788022e-05,0.0001431146769057534,6.0852691865509456e-05,0.16770295415370215,8.900210252009392e-05
ewm_ewma14_acled_other_ua_armed_clash_pastcov_lag-1,0.06610761507492412,0.02041345127526682,0.053416550686236394,0.025396384228001542,0.009075796829275957,0.020743862666564108,0.11043735007343645,0.0001779062862584002,5.137131997179356e-05,3.3080574641308755e-05,1.0780108807062483e-05,6.137090821112245e-06,5.924413898514835e-05,0.00025856045466081666,0.04365585869052934,8.529713916366318e-05
darts_enc_fc_cyc_dayofyear_sin_futcov_lag-1,0.10464534951316978,0.10515003544310884,0.10641106704997061,0.04609404889721615,0.030523694186547507,0.08248111513523206,0.06501335568209632,9.811948248106273e-05,0.00011446664554430886,0.00011674307982278975,3.319452341483675e-05,4.327169303059985e-05,7.491290768841807e-05,0.0001044648809124915,0.07718838084390589,8.359617327064393e-05
ewm_ewma14_acled_other_ua_armed_clash_pastcov_lag-14,0.0691385250847475,0.06470189693272108,1.3253780142301207e-05,0.022587049639469746,0.006815832416991047,0.10725373685878575,0.040965509665595146,0.0003787823328457618,9.974536817427548e-05,-4.4120356945676063e-08,1.579755879843603e-05,8.239711284341312e-06,4.1071315519536354e-05,2.0194797120809406e-05,0.04449654348263609,8.054099476945923e-05
act_drone_strike_on_ua_target_lag-6,0.03960188863716697,0.04834364773070418,0.07424726161252984,0.019187699861363462,0.05242437229692644,0.026899758431744535,0.004036497254946313,2.6177267368443503e-05,6.086583267590484e-05,0.00021389364858352965,1.5282646479564123e-05,0.00021737345533656693,1.4736267086723487e-05,-1.3826279424922206e-06,0.03782016083219739,7.813521279832006e-05
rolling_rmean28_28_acled_other_rus_shelling_artillery_missile_attack_pastcov_lag-14,0.07620153044054832,0.21654807291300393,0.13353573568575225,0.12246817657682171,0.09505262781123278,0.0883456220256787,0.21431447424254696,5.3989443337099095e-05,0.00013765162984666902,5.997456472037754e-05,0.00010336297332946831,3.298407553422589e-05,4.423254727088377e-05,0.00011445665818647921,0.13520946281365495,7.809312746074327e-05
rolling_rmean28_28_total_ru_area_km2_pastcov_lag-1,0.028211766692538713,0.1680727828249203,0.04461720900348711,0.14173441539254752,0.09151520170468959,0.02861084688193394,0.13613548433434028,4.641771821543017e-05,5.944026024802262e-05,3.72533816567433e-05,0.00018785388293101056,6.0144085129265615e-05,4.109228479456384e-05,0.00011311070475856777,0.09127110097635108,7.790175967622913e-05
ewm_ewma14_acled_other_rus_disrupted_weapons_use_pastcov_lag-14,0.30753895515506946,0.09598046085955894,0.13949990194253062,0.13746100798573024,0.11479540438143299,0.06171815305198093,0.0545971136009138,0.00021812809038563864,2.5468929382110873e-05,2.6690050668576326e-05,5.019796725074244e-05,5.176271331288618e-05,4.323831541226397e-05,0.00010553956408461129,0.13022728528245955,7.443223292811853e-05
darts_enc_fc_cyc_month_cos_futcov_lag1,0.194196971697295,0.07966410148126085,0.21339871686543108,0.053084142779055904,0.044738741761410586,0.017647867992699812,0.08556516102901332,0.0001704052822995461,7.334808594301467e-05,0.00011232179685360943,6.068450608833764e-05,2.149038233101308e-06,-2.1199428714613334e-05,0.00010169362007397264,0.0983279576580238,7.134327153956693e-05
darts_enc_fc_cyc_dayofweek_cos_futcov_lag-2,0.11660705706195383,0.274497543076984,0.03784650151272275,0.353605724019443,0.2718230594172638,0.44818201315184214,0.1805899730546453,6.658720824641584e-05,0.0001250618449776031,-6.297210666621478e-05,8.623614683507252e-05,4.502174618865595e-05,0.0001359852105939252,9.042805683854294e-05,0.24045026732783642,6.947830100200011e-05
darts_enc_fc_cyc_week_cos_futcov_lag3,0.19712777726135103,0.2335299242192878,0.09452718316939035,0.09581200414551014,0.37040551114662107,0.294710272087563,0.11889958912672863,-6.558847441411331e-05,9.756910072398207e-05,2.402730032269318e-05,4.6040047440665254e-05,0.00017667985647367156,0.00011685068549303069,8.049568749901592e-05,0.20071603730806456,6.801060050556362e-05
act_drone_strike_on_ua_target_lag-3,0.14861225638468809,0.011142216498460625,0.0005078948965073117,0.0340285771892736,0.017554012799422026,0.041728172575904734,0.00452295997877903,0.0002851586232745174,1.5557883786598836e-05,2.717003029228948e-08,4.161098452839518e-05,3.095207424652635e-05,5.1513301133154775e-05,9.257184777045069e-06,0.03687087004614792,6.20110316823614e-05
darts_enc_fc_cyc_week_cos_futcov_lag5,0.11903565887140147,0.07946531283582937,0.08074008038712611,0.16987407296605178,0.09161657982209355,0.11589100537301823,0.14274143077964935,0.00011357168545733654,5.400712125245288e-05,5.709404500791049e-05,1.2523362326843923e-05,4.369946987732298e-05,6.22670484499821e-05,7.602839234486237e-05,0.11419487729073856,5.988444638810162e-05
darts_enc_fc_cyc_month_cos_futcov_lag4,0.038741904403484476,0.04086622240394147,0.0503211881789514,0.07251196102572982,0.09174854010324959,0.025930519030463672,0.027995522213263874,0.00010450041948997235,3.38878147877697e-05,4.81680139649221e-05,6.618702268945675e-05,6.20240588111054e-05,3.052576723401312e-05,7.054698619368693e-05,0.04973083676558348,5.940572616727519e-05
rolling_rsum7_7_acled_other_rus_shelling_artillery_missile_attack_pastcov_lag-14,0.2013048997337818,0.07542848361387801,0.05719768581559973,0.050599400186952206,0.045997431701396585,0.03981471391496007,0.09758660508058463,0.00020155358875497686,5.9468118227634646e-05,2.897743457335178e-05,4.111521288807651e-05,1.3292217517424377e-05,-5.700338974401475e-07,6.249165925431566e-05,0.08113274572102185,5.8046885331191374e-05
darts_enc_fc_cyc_month_sin_futcov_lag1,0.03941169060534564,0.07109610570393957,0.0550354712838184,0.013163551107358127,0.06705723605318435,0.06824874003748771,0.13808718868057215,5.2681949851063335e-05,9.855781321261858e-05,0.00010776862841659352,1.1786453467133029e-05,7.934756333902727e-05,-3.7485181847429775e-09,4.945936318967448e-05,0.06458571192452943,5.70854318511322e-05
darts_enc_fc_cyc_month_cos_futcov_lag6,0.04168585549590071,0.08656030658320685,0.2516329206752339,0.06075451048998544,0.08877426136076134,0.3493930169640459,0.04312269304967584,-6.102893318171709e-06,4.770955703470303e-05,9.462003445033229e-05,3.986485867484291e-05,2.3714221646242704e-05,0.00021308919639821954,-2.8668171048207293e-05,0.1317033663741157,5.4889543405423065e-05
darts_enc_fc_cyc_month_cos_futcov_lag-1,0.06582764484935182,0.018418210775285583,0.17690171630472482,0.041104865948972655,0.1963846733863271,0.04689083238297123,0.08984169693534458,2.2127171781782806e-05,1.43821323977944e-05,0.00010203404119590864,3.400197174034947e-05,5.7712526518760576e-05,3.583857572895255e-05,0.00010865166831786066,0.09076709151185398,5.353544109734415e-05
darts_enc_fc_cyc_dayofweek_cos_futcov_lag4,0.2683083928201248,0.04155379061484147,0.060511568201392515,0.19717891164159823,0.14606627569132047,0.213236382400146,0.10110715287085636,0.00011803246742960737,2.4816979503761162e-05,6.640332706833174e-05,5.7260708068684886e-05,7.969368911011631e-05,7.667312179027164e-06,1.9062514773104942e-05,0.14685178203432572,5.327671401894765e-05
ewm_ewma14_act_drone_infra_ua_energy_intent_pastcov_lag-14,0.04698004274238887,0.0016927356494454773,0.15066907352122716,0.0008685254928506499,0.0005089609484774466,0.08777964925680709,0.005426881856991286,3.740118805635184e-05,-2.5253524965562767e-05,0.00022829001834947515,-4.570990336461023e-05,-5.024713388732671e-05,0.0001668755624482543,6.126279676468282e-05,0.04198940992402685,5.323128620018063e-05
rolling_rmean28_28_acled_other_rus_shelling_artillery_missile_attack_pastcov_lag-1,0.1818509007747228,0.161260168187898,0.16789271887426077,0.07392630459027597,0.13444230639277974,0.09752083031243877,0.18362195133918857,9.497176107537974e-05,2.9702761032290857e-05,0.00010989714902520653,7.560180242949244e-07,5.9996098313797044e-05,8.728329368090648e-06,6.630178258608677e-05,0.14293074006736636,5.290769991787807e-05
darts_enc_fc_cyc_month_sin_futcov_lag3,0.01223083318768629,0.05791668598150135,0.023661621793535863,0.047488412492542695,0.052185608598782185,0.1220276029429096,0.07229109129820308,-4.0030494608434e-06,4.697860521389874e-05,1.2360651115272959e-05,0.00012008115083586012,3.63346325102043e-05,0.00014623978093877276,6.034554617717625e-06,0.05540026518502301,5.200376082441187e-05
darts_enc_fc_cyc_week_cos_futcov_lag0,0.11365985617563946,0.18591278612455348,0.1340997486629248,0.05161217110755119,0.10518070946644234,0.1333540666883434,0.12437668007840992,1.3233719829841562e-05,4.8629271889644166e-05,7.052727373670908e-05,-9.483041761537691e-06,8.8495956875434e-06,3.498961345880236e-05,0.00015161213096728243,0.12117085975769494,4.547979482975505e-05
darts_enc_fc_cyc_week_cos_futcov_lag2,0.047913127405992045,0.21176691435709818,0.056666572736201924,0.12529118341461098,0.011737837481064415,0.16220196852412924,0.008817682844852083,2.916785931519339e-05,0.00012643569890393724,3.454526575643602e-05,1.634571092319348e-05,-2.343662136428115e-06,0.00010242126589670164,8.845902441967369e-06,0.08919932668056411,4.505972015728586e-05
act_drone_strike_on_ua_target_lag-5,0.004352079099895316,0.00981480622491906,0.027153284138049877,0.05298672825283446,0.011772678509728135,0.0532442770385584,0.0003422064952857783,1.2340994454973498e-05,2.171970954740754e-05,2.208670773145016e-05,0.00011308927578268513,5.024975276990418e-06,0.00014081988443264136,9.994480902886238e-08,0.022809437108467286,4.502592743359671e-05
darts_enc_fc_cyc_week_cos_futcov_lag6,0.07228150153801781,0.05736433474545934,0.11359459942684967,0.15575905761471162,0.17216767366420369,0.25961673038627003,0.07690798209191484,5.2719001541712275e-05,1.2209005608943002e-05,5.283129630782035e-05,8.206142427655828e-05,-7.4234730590427844e-06,8.542061531342515e-05,9.510376904886542e-07,0.1296702684953467,3.982412966855784e-05
ewm_ewma14_acled_other_rus_armed_clash_pastcov_lag-1,0.03250452427049308,0.030971496782525417,0.1436386109552444,0.017442878029469224,0.011061869365556157,0.06941690329250874,0.11008282160467239,2.0051708032187142e-05,5.398073714379947e-05,5.814385885019036e-05,3.0007502815077026e-05,2.2328818701566887e-06,2.337241808949564e-05,7.741830310945553e-05,0.059302729185781354,3.788677284433741e-05
darts_enc_fc_cyc_week_sin_futcov_lag2,0.07938305941431294,0.030948528269678935,0.09584480783616987,0.02984806223592694,0.07573069295947188,0.29816550954773624,0.07323493483303828,5.2238693415418425e-06,-4.361797093472841e-05,1.4498950045971349e-05,-1.2034473570676774e-05,7.894030809700859e-05,0.00019128053119825682,2.640691182878019e-05,0.09759365644233357,3.7242589429450513e-05
ewm_ewma14_acled_other_rus_armed_clash_pastcov_lag-7,0.0036002182055940666,0.027645443665557892,0.04380928097564942,0.008815003303301455,0.01847665721724889,0.014207620043054708,0.059249583007157866,1.3800985783074536e-07,1.6530771648115562e-05,1.3680150124106839e-05,2.6211218930805024e-05,2.5212208211100595e-05,2.2104550839951997e-05,0.000155613159147161,0.02511482948822347,3.707000982272454e-05
rolling_rsum7_7_acled_other_rus_shelling_artillery_missile_attack_pastcov_lag-7,0.022300666118299617,0.006201053215247047,0.08988971554788285,0.03198754676005728,0.023395632697691016,0.13470268631860544,0.09046274994602115,2.0749968256383865e-05,5.320207743531036e-06,2.034356036209051e-05,1.4104626832978084e-05,2.3533600861580516e-05,0.00010353207416717858,7.175503107117453e-05,0.056991435800543486,3.704843847070245e-05
darts_enc_fc_cyc_week_sin_futcov_lag6,0.19208513431847157,0.13129337582313952,0.09355567372202397,0.037310845734366875,0.15384937451878325,0.1562583432432392,0.1150131929344725,0.00012280795131094368,0.0001098558901614588,-6.676315456577431e-05,-0.00010109459561660205,3.459372039718023e-05,9.168501694929443e-05,6.409018345112649e-05,0.1256237057563567,3.6453573155375325e-05
act_drone_strike_on_ua_target_lag-2,0.013939382073758434,0.0505824843236471,0.0030035652324604347,0.02311234090765502,0.010026528900354452,0.04540725866741051,0.029590796190466336,7.27905058655054e-06,8.824498579897976e-05,1.0920419655668923e-05,3.980946463786328e-05,8.509064503492424e-06,4.4745925086542294e-05,4.935352618387068e-05,0.02509462232796461,3.5551776636138266e-05
darts_enc_fc_cyc_dayofyear_cos_futcov_lag-1,0.09504028118890775,0.1078483971403487,0.2004015419368324,0.07242047292720592,0.11992179749553036,0.4129258302815081,0.12227272301666924,2.521467547644818e-07,1.3168393709817039e-05,2.7797693099129717e-05,1.71047896004195e-05,3.290606251520334e-05,0.00018110456503677151,-3.02120815728113e-05,0.1615472919981432,3.4588795591899186e-05
darts_enc_fc_cyc_dayofweek_cos_futcov_lag-1,0.007289531102001925,0.030592287688606095,0.4703123558785102,0.061397784000953914,0.026387106665641678,0.24646320926138046,0.07834738422561803,-4.374267530420362e-05,-6.657160489731418e-06,0.0002167230801276787,1.9429890108146884e-05,-1.4255204535551514e-05,9.532009752275528e-05,-4.370488612619461e-05,0.13154137983181605,3.187330590041424e-05
rolling_rmean28_28_acled_other_rus_shelling_artillery_missile_attack_pastcov_lag-7,0.1550531173477017,0.037293094849208695,0.08722008899995452,0.10182538472461129,0.02462376035504061,0.0432136031471519,0.06869524218976845,6.205518737769644e-05,8.737676495673696e-07,1.3341662714183577e-05,9.680831960856562e-05,1.4228741331612227e-05,6.478608657078944e-06,1.9889098907932556e-05,0.0739891845162053,3.052505517809096e-05
darts_enc_fc_cyc_week_sin_futcov_lag-1,0.1703504612364781,0.06464818034178751,0.1366751430180209,0.18896143924667844,0.0988278127800535,0.12262854835863671,0.08456388014119474,4.914037263019644e-05,4.838667040254485e-05,1.928110053492915e-05,6.391692766480884e-05,3.7012766029853594e-06,3.413392943942828e-05,-5.697565791940029e-06,0.12380792358897855,3.0408958783278985e-05
darts_enc_fc_cyc_dayofyear_sin_futcov_lag-2,0.033690133914182685,0.10872666963612386,0.04275138778486075,0.04484623280118671,0.2850929193675209,0.07668933432003701,0.08782312227153245,-4.233597066625183e-05,-2.9190907461629224e-05,-1.7070991140455405e-05,-1.2622807363737997e-05,0.00017400131552200993,5.171761918605355e-05,7.458848970032239e-05,0.09708854287077776,2.844096396804449e-05
ewm_ewma14_acled_other_rus_disrupted_weapons_use_pastcov_lag-7,0.018754268506498525,0.0450196405960859,0.004406381236649835,0.018977288228478696,0.0,0.04223321262261702,0.001963515426554625,2.820139710473235e-05,1.5701607019091846e-05,3.2390350731770213e-06,1.4533501611269095e-05,0.0,0.00011720878018239844,3.5466527584349093e-06,0.01876490094526923,2.6061567678443383e-05
darts_enc_fc_cyc_dayofyear_cos_futcov_lag3,0.26443337824592944,0.24952357145017612,0.12798640456079186,0.26377443035672704,0.04054738717142149,0.17393201508726167,0.18520427488497293,7.542437509009404e-05,-2.9482282015003137e-05,0.0001378647876364214,8.429896855719488e-05,-9.690413836989098e-05,4.807126332280198e-05,-3.890577860479194e-05,0.18648592310818296,2.5766742230975175e-05
darts_enc_fc_cyc_week_sin_futcov_lag0,0.08961688374899837,0.13653897841458032,0.0360113973249195,0.055472378345980115,0.09172567360536384,0.07240498698964566,0.15732580397896537,4.96441637694911e-05,6.431264411894677e-05,2.0430452376762887e-06,-1.6155415493779302e-05,8.359555678350006e-07,-1.0266631040223295e-05,7.83634975698444e-05,0.0912994432012076,2.411103710425585e-05
rolling_rmean28_28_dist_x_clash_pastcov_lag-7,0.0,9.999519536459434e-05,0.004395557813588623,0.0011774919287633355,0.00012272616546220178,0.005672619601358223,0.0,0.0,1.6939128995030471e-07,4.529987673624891e-05,2.7556526220173794e-05,8.874294943339578e-09,5.991538534415586e-05,0.0,0.0016383415292195685,1.8992864840781743e-05
darts_enc_fc_cyc_month_cos_futcov_lag-2,0.059878656356141105,0.13511408887474216,0.08491052953633257,0.05552066120505615,0.08795563470576963,0.09458274495516675,0.07090872913329929,-2.8800767474201906e-05,7.596949121424501e-05,1.0140956191628803e-05,-5.037991914240703e-05,1.1083276217593862e-05,5.838667048219115e-05,4.448691413441175e-05,0.08412443496664394,1.7269517374780235e-05
ewm_ewma14_acled_other_rus_disrupted_weapons_use_pastcov_lag-1,0.02453408875952179,0.051170142573609315,0.0017499366051467373,0.10279380628460413,0.01534541481235141,0.15295850470243988,0.09571997127478046,-1.099918341669337e-05,9.603815176717489e-06,3.599658818576046e-07,3.727094274368348e-05,4.381755164106771e-06,4.463586066727476e-05,3.142408765488547e-05,0.06346740928749339,1.666817769597603e-05
darts_enc_fc_cyc_month_sin_futcov_lag-1,0.0022367016293336726,0.016468796196847192,0.0025553328557212777,0.001892722712140585,0.030964792873891808,0.01572875446816074,0.03889905644116802,-3.723460570070891e-06,1.68792010019736e-05,-5.181409511667567e-07,4.4355504517978875e-06,6.481202090282689e-05,3.008887079380962e-06,-1.575801116799891e-05,0.015535165311037614,9.876578106677541e-06
darts_enc_fc_cyc_month_cos_futcov_lag3,0.06794639506370811,0.1696759285291661,0.050087049520260156,0.14461341515324086,0.040799450384496345,0.04084629781626143,0.04284791964954272,2.3962425022672207e-05,0.00010920709334947266,-2.198886493529617e-05,3.128782412538111e-05,-7.228082874224384e-05,-7.276985409099268e-05,4.087948661486429e-05,0.07954520801666796,5.471040191979655e-06
rolling_rmean28_28_dist_x_clash_pastcov_lag-1,0.0,0.0013014116277543597,0.0,0.0,0.0,0.0,1.4322587953189015e-05,0.0,1.0357291405838076e-05,0.0,0.0,0.0,0.0,1.2392214465695162e-07,0.00018796203081536408,1.4973162214992896e-06
Activity_Level_statcov_target_act_drone_strike_on_ua,0.0,0.0,0.0,0.0,0.0,0.0,0.0,0.0,0.0,0.0,0.0,0.0,0.0,0.0,0.0,0.0
rolling_rmean28_28_dist_to_nearest_contested_km_pastcov_lag-7,0.25042989519957193,0.0967859040051021,0.22401831769345515,0.09459029685676223,0.27489142420367046,0.10532821263077458,0.14720929509065625,0.00010729755544229836,-7.921732206501719e-05,3.7812421496008496e-05,-3.147629805941854e-05,-5.139921402941283e-05,-4.898157157278149e-05,2.1204101203564642e-05,0.17046476366857038,-6.394332512108364e-06
darts_enc_fc_cyc_week_cos_futcov_lag4,0.018415329657283454,0.20143244118782577,0.10850779362536586,0.3002280122031733,0.10064612267483186,0.1340023736057703,0.18390107289537805,-0.00015935820641308496,1.0739378934387922e-05,-6.557459223708318e-05,2.072927810385927e-05,2.775012971314439e-05,-1.9860104194835414e-05,6.878711957618578e-05,0.1495904494070898,-1.6683856645346604e-05
rolling_rsum7_7_acled_other_rus_shelling_artillery_missile_attack_pastcov_lag-1,0.022716788263454555,0.03764934248345569,0.0220692243520177,0.05939624561616826,0.016231024299230606,0.01740108862150565,0.018938826884770128,-3.72273012940294e-05,-5.297215778354847e-05,-2.812924104904635e-05,3.872207883961476e-05,-9.781509779549503e-06,-2.3438380112361656e-05,-5.600616553107507e-05,0.02777179150294323,-2.4118953815713672e-05
darts_enc_fc_cyc_dayofyear_cos_futcov_lag-2,0.09657583448735982,0.08972640062040864,0.29574653744195756,0.1567881801979126,0.2546777685183586,0.14726605626837574,0.3209113106694968,-7.389858601012378e-05,-8.42817317260991e-05,0.00011198176393107939,-2.7682493573522037e-05,3.2607097459669276e-05,-0.00010550584550104159,-3.0148209903879675e-05,0.19452744117198142,-2.5275429331988212e-05
darts_enc_fc_cyc_dayofyear_cos_futcov_lag0,0.030980551455902505,0.011054003520892093,0.019913718404954792,0.05825768385191063,0.043718090381044024,0.1700454596955021,0.0260291085356663,2.3905451852579417e-05,-1.3740277773077737e-05,-6.555023721428465e-05,-4.705887672695752e-05,-7.490953631636988e-05,2.5145125911252288e-05,-6.905219836519371e-05,0.05142837369226749,-3.160864980457883e-05
darts_enc_fc_cyc_dayofyear_cos_futcov_lag2,0.047842076972923815,0.1877777190786958,0.18009542348141083,0.20948768349713498,0.08301348066622533,0.29007206991720424,0.10579501472437508,-8.460340173646052e-05,0.00018254470582146354,3.2002816831022685e-05,-4.9596986010458365e-05,-0.00015387531391919396,-4.203631073009806e-05,-0.00015562061287683894,0.15772620976256715,-3.87407289457948e-05
darts_enc_fc_cyc_month_sin_futcov_lag5,0.0658795719341817,0.03360775916365551,0.03705274336082334,0.010252332676938498,0.14362236960936686,0.20512774814470974,0.05510243726438979,-0.0001088220729002165,-7.775385045949434e-06,-5.377091006408818e-06,-0.0001476084692974,-1.482108954813377e-05,5.19117783218892e-05,-4.964630027297634e-05,0.07866356602200934,-4.030551853559938e-05
darts_enc_fc_cyc_week_cos_futcov_lag-1,0.26198641601268385,0.05670091204971004,0.4334815079624964,0.2361222025161938,0.20783253737524612,0.16654884851891139,0.08425099940233238,-4.7268419030377375e-05,-7.741814126802638e-05,-2.1217771648163187e-05,-1.723587777529012e-05,-6.829384814088791e-06,-7.052931624342839e-05,-0.0001268238549923195,0.20670334626251055,-5.247468082452768e-05
darts_enc_fc_cyc_month_sin_futcov_lag0,0.03771516120816501,0.030931379735833302,0.04832650278858818,0.0474195740339629,0.0542497685731772,0.1435524803484646,0.05330062147064055,-5.557429251388246e-05,-8.298154096271215e-05,-9.062717391672415e-05,-1.8163613534061262e-05,-3.0682728107711556e-05,-1.6486372738744314e-05,-9.156484817847143e-05,0.05935649830840454,-5.5154367136043904e-05
rolling_rmean28_28_act_total_daily_strike_events_pastcov_lag-1,0.10761748478623127,0.34835092628607944,0.1700189946249712,0.18510947157901644,0.3805791746908029,0.14665346207765556,0.3050277740020795,-0.0001782283183713096,3.430532697406008e-05,-6.63010038532752e-05,-0.0001505834967737485,5.853467546994562e-05,-0.00012350932980857986,-5.006648701451066e-05,0.23476532686383375,-6.797837619677401e-05
darts_enc_fc_cyc_dayofyear_sin_futcov_lag6,0.03969351185574392,0.10847329589872848,0.15093873889113632,0.06191311574639815,0.05674154873957135,0.31805516539686846,0.2061770676052988,-7.541100638555064e-05,-5.340308226835511e-05,-1.7059372941652384e-05,-0.0001346439167635882,-0.00018499251160712936,1.1563052733998269e-05,-7.258730771297905e-05,0.13457034916196364,-7.521916356360806e-05
darts_enc_fc_cyc_dayofyear_sin_futcov_lag3,0.07944749656440726,0.03900708438803991,0.031243758147116264,0.1023472316709101,0.13981504709929,0.14400128370906395,0.1457516335313769,-0.00010704500441809373,-0.0001001656079228308,-0.00017648370272080883,-0.00012666319346226195,-1.4234381831257359e-05,-5.587711902605985e-05,-9.85926842755891e-06,0.09737336215860062,-8.433261111555306e-05
darts_enc_fc_cyc_week_sin_futcov_lag3,0.10647437923068696,0.19375810564068977,0.023864245518929465,0.022123552604879606,0.06065126772375243,0.07424696164809332,0.04021665005613099,-3.487141941178606e-05,-6.671967216480557e-05,-0.0001180353185041838,-0.00011658033384407407,-6.745020173959393e-05,-5.81113781219722e-05,-0.000129287944980927,0.0744764517747375,-8.44366098239061e-05
darts_enc_fc_cyc_month_cos_futcov_lag5,0.058355355482158526,0.08435139036164242,0.099660024096203,0.19369484926524094,0.1668946928691891,0.15653907812581683,0.22313226635083602,-0.00010847941404885652,-6.150396388264756e-05,-0.00011036763495733126,-7.75398754693235e-05,-8.358283661611399e-05,-8.988145748676236e-05,-0.00010071300662792826,0.14037537950729811,-9.029545558413762e-05
darts_enc_fc_cyc_month_cos_futcov_lag2,0.11290892784850147,0.08041402649332874,0.08187847240095993,0.07306723009053522,0.2680832311177913,0.15389381077480707,0.09341063169264952,2.472508081936553e-05,-0.00018510346835316495,-0.00023652771455222598,-0.00014258212818312187,-0.00012971655514524283,-0.00026739433353784037,-0.00023328329634892954,0.12337947577408191,-0.00016712605932873713
darts_enc_fc_cyc_week_sin_futcov_lag1,0.10658699043004749,0.20378657163225655,0.04335222268826167,0.09292947016553237,0.13087954006733016,0.08245549900233273,0.19788889466610726,-0.00012454319099270973,-0.00019812136810470893,-0.00018726608877412955,-0.0002686834778791392,-0.0001435555404486921,-0.00020542146354505242,-6.255591089929791e-05,0.12255416980740974,-0.00017002100580624716
darts_enc_fc_cyc_month_cos_futcov_lag0,0.06286245268035887,0.24710602076478322,0.1533333518693451,0.04043330407775803,0.060627602143548044,0.11135032506026622,0.25985427997331967,-0.00019363917765211625,-0.00011537815939337559,-0.00019021666590222087,-0.0002306320329626299,-0.00012373440234956235,-0.00022360338275928537,-0.0001523507964474202,0.13365247665276844,-0.00017565065963808722
