Feature,h1_gain,h2_gain,h3_gain,h4_gain,h5_gain,h6_gain,h7_gain,h1_perm,h2_perm,h3_perm,h4_perm,h5_perm,h6_perm,h7_perm,agg_gain,agg_perm
region_statcov_target_act_drone_strike_on_ua,9.105301008805418,7.431369802931232,7.609495428551487,7.30590990183614,7.1969421300958185,6.492938529066689,6.9939261593406865,0.17978485058819485,0.1568012220046741,0.16031068189064843,0.13780392142496872,0.13541024836066395,0.13335843901110647,0.14619360540561852,7.447983280089639,0.14995185266941072
act_drone_strike_on_ua_target_lag-2,0.21488411093774631,3.128333548451743,0.29808934524510666,0.22876765286026748,0.4046493772479894,9.444594813581102,3.72124349478112,0.00511838169724983,0.03136219273354213,0.00417033758952523,0.007759463998490057,0.005688489131255836,0.18396466436630837,0.07494221477245207,2.491508906157868,0.044715106326974785
act_drone_strike_on_ua_target_lag-3,2.752079630315341,0.3481549340019253,0.26264317697469736,0.2854929145375413,9.098040913778643,3.906848344865391,0.2341233165583352,0.031151170378888926,0.00555552338243559,0.0035254349940275764,0.0040517512949614035,0.17413570796949235,0.07164511530982312,0.0031997736344156146,2.412483318718839,0.0418949252805778
act_drone_strike_on_ua_target_lag-6,0.24885981243840724,8.397886456752108,3.9333713556262717,0.4278723772866159,0.40246914747772233,1.773981642263783,0.47396935095178017,0.00380370425332619,0.15972940267632504,0.07272224821738597,0.003954613482230052,0.007132336360488822,0.025861256183202584,0.006075931466385742,2.236915734685241,0.039897070377049204
act_drone_strike_on_ua_target_lag-5,0.15860357466502176,0.40702369583585646,8.832190361783853,3.695529230776751,0.30471402122682717,0.4117895188292384,1.6662191774012474,0.0034926421243242967,0.003948446945096151,0.16029862547011317,0.07424222052434822,0.0034156370263570546,0.007753255423324945,0.018629020619775782,2.2108670829312564,0.038825692590477086
act_drone_strike_on_ua_target_lag-7,7.318496045722759,3.519883618922921,0.3551002509998277,0.4082639429749473,1.7628638089268134,0.2278961807926218,0.06121016123036686,0.1569965648095341,0.06893299136879023,0.005036574420719519,0.006359139380597445,0.024676704919892888,0.004648258592143639,0.00207309003013465,1.9505305727957507,0.03838904621740179
act_drone_strike_on_ua_target_lag-4,0.3188831549015726,0.1334625301442228,0.3315232708570187,8.793118369166654,3.526363505895342,0.43390230263378865,0.3612446950019611,0.00523952647577981,0.004868253350008378,0.004421841252838088,0.15866806848830778,0.07321390803487224,0.005377153268205048,0.006373880260511155,1.9854996898000798,0.03688037587578893
act_drone_strike_on_ua_target_lag-1,1.02212136026686,0.39163905818845984,3.185424548221782,0.5250929318512263,0.09685428305482814,0.5584146560651537,9.204169581728694,0.011964512960646401,0.006228404189045023,0.029804370408448057,0.006652789129578451,0.0030979959965395263,0.006191857779930743,0.16696843970903585,2.140530917053858,0.03298691002474629
rolling_rsum14_14_act_total_daily_strike_events_pastcov_lag-7,4.370353760409125,4.659731217554079,3.37733595537456,6.291281459440345,3.1188473527271467,3.0870069387355756,1.7220935157653736,0.029981614726847107,0.032049647138548035,0.015050088687980856,0.028422614657902433,0.017026066436634756,0.01754894547635786,0.008330971122636277,3.803807171429458,0.02120142117812962
rolling_rsum14_14_act_total_daily_strike_events_pastcov_lag-1,1.9084474993181055,2.643214242784279,2.86168168764044,3.994004667781908,2.7111516872153696,1.151646600290347,3.4733257970459652,0.013363554746949302,0.014944249443770907,0.016138655695580262,0.020861646096411012,0.01336396809839413,0.008252536273509924,0.01738170074391261,2.677638883153773,0.014900901585504023
ewm_ewma14_act_drone_infra_ua_residential_intent_pastcov_lag-1,0.2724135933434644,0.504858544787251,0.2684568851503012,0.1705418523121975,0.41400906909793345,0.5644298301518822,0.30061809737184764,0.010826287489858321,0.018011075804098442,0.007187850337319879,0.006098739209780435,0.02340722871050105,0.021032728597793683,0.012233341833247069,0.35647541031641106,0.014113893140371267
rolling_rsum14_14_act_drone_strike_on_rus_in_rus_nofpv_pastcov_lag-14,1.815691947825519,2.3703868522274774,4.188912910386088,0.6425479970586719,1.864405220144508,2.51477283002406,2.129968764600413,0.012435946213435356,0.013103092424566577,0.02759635370243265,0.002453950894821233,0.014259870404092333,0.012588559832099699,0.012283151140671444,2.2180980746095336,0.013531560658874184
rolling_rmean28_28_act_total_daily_strike_events_pastcov_lag-14,2.246954403541533,1.540128762267176,2.16961340729622,3.057663458807172,2.721023128230437,2.4518702817661766,1.986324775328136,0.0142552425461685,0.008925791925855475,0.013239144412261861,0.013753529632642581,0.016015079668837105,0.012212873099791,0.011710973697821748,2.310511173890979,0.012873233569054036
ewm_ewma14_act_drone_infra_ua_residential_intent_pastcov_lag-7,0.3217563249283888,0.27634828889064256,0.2917799869029665,0.3408108624549739,0.3472213378697799,0.5283351620381539,0.3963853288186814,0.013213497306497258,0.010801770505738073,0.013234088780579101,0.02022803694848039,0.005473171666008492,0.011224565329653014,0.013665610103493719,0.3575196131290838,0.012548677234350008
rolling_rmean28_28_act_total_daily_strike_events_pastcov_lag-1,2.0094468144907127,1.6407411879494367,3.2589630501428664,2.7995219610370494,2.6841210227381507,2.122071018449825,2.8489481643814667,0.014318371353536263,0.009784632566199348,0.017504888426182186,0.00880530856071422,0.013361842959799785,0.010735074128831613,0.011752233080397212,2.480544745598501,0.012323193010808661
rolling_rsum14_14_act_total_daily_strike_events_pastcov_lag-14,1.5810971833812515,2.2971048705852715,2.002242375752419,2.4266429871219994,2.8686079590199975,2.244763915957578,2.706160526727984,0.010117639470570783,0.010279729975446683,0.01078317276866061,0.0125212042741512,0.016787657065940053,0.013786899862256919,0.011713404927728899,2.3038028312209287,0.012284244049250737
ewm_ewma14_act_total_daily_strike_events_pastcov_lag-1,2.668547972520612,0.9252094490179612,1.4948770812390204,0.8752939424831163,2.220086630606183,3.1551621592379653,2.7334830729953867,0.015519706956565927,0.005218083676278518,0.007232147632149677,0.006533350589404274,0.014172248136250643,0.019968158304474338,0.013691655359105836,2.010380044014321,0.011762192950604173
rolling_rsum14_14_act_drone_strike_on_rus_in_rus_nofpv_pastcov_lag-7,1.4851013415544991,2.8202016365865545,2.494012407750537,3.3172057200399365,2.722971206654774,2.6043151245026404,2.75369514494152,0.005844625133276748,0.010906593782324258,0.010192607944945364,0.01292102255435923,0.013528209635094868,0.014320107594166598,0.01411378745343952,2.599643226004352,0.011689564871086657
ewm_ewma14_act_drone_strike_on_rus_in_rus_nofpv_pastcov_lag-14,2.1506618392391594,3.239472677994502,1.9573161995186885,2.25270415305955,2.1574347231692554,1.349673797287633,1.6714308836541742,0.012856627742662052,0.018554805368488348,0.012910622095703973,0.010708168744933388,0.009042745266576136,0.007448362057734359,0.009701655061004334,2.111242039131852,0.011603283762443226
rolling_rsum7_7_act_total_daily_strike_events_pastcov_lag-7,3.100281188626494,1.6639882022575094,1.7636126376211092,1.129602545144713,1.972331682012753,1.7085775538956687,1.7521982253654096,0.02006116627145036,0.009307693571308251,0.0072099150216253126,0.009088584959662426,0.013208339786288992,0.010952500964835021,0.010607032738645494,1.8700845764176652,0.011490747616259409
ewm_ewma14_act_total_daily_strike_events_pastcov_lag-7,3.0893960537727754,2.091484058875753,2.095644918444773,1.6729295150731591,1.4872550171401477,1.6753492059929467,0.7713141711422979,0.02077121135662856,0.010543419690657063,0.00893210481464044,0.008842656765364243,0.00871454540321015,0.007952735055100302,0.005483900058880331,1.8404818486345502,0.01017722473492587
ewm_ewma14_act_drone_strike_on_rus_in_rus_nofpv_pastcov_lag-1,2.4231057302815584,1.8846994092795895,1.7642966229542254,2.5858866072948175,1.7685904889346227,1.766197746360425,0.8987566293269292,0.01438506002213973,0.010457702716368856,0.00842240887106882,0.011978024575564628,0.007362419422747557,0.010800833191046254,0.0050289422729106635,1.8702190334903095,0.009776484438835215
rolling_rsum7_7_act_total_daily_strike_events_pastcov_lag-1,0.7413690163604963,0.655852131100166,1.5444831395481553,2.029061023781693,2.0376433701560237,2.622266811283672,1.718846741857469,0.006405227694090643,0.006704823157906059,0.007129319959879065,0.0071918946160103745,0.012997634481995535,0.012104663346903166,0.007785141297975295,1.6213603191553823,0.008616957793537163
ewm_ewma14_act_drone_strike_on_rus_in_rus_nofpv_pastcov_lag-7,1.51694939224765,1.6211613832326495,0.5302220908370388,1.280184494762866,2.6871086941708566,2.0320332756386783,2.7144655728635203,0.010166805676191614,0.006517133752824455,0.0022876205450536704,0.0052561125195195405,0.014248371303147534,0.010416488465777562,0.011187967573779134,1.7688749862504658,0.008582928548041931
rolling_rmean28_28_act_total_daily_strike_events_pastcov_lag-7,1.54100367331883,2.50267288089104,1.9080947794757328,1.4703357421376155,0.6339151767437378,1.2397556631049562,1.5118114050190161,0.008927577066161674,0.015435194451877198,0.010441187532101482,0.007192314494471552,0.005040256559239653,0.00637176133976527,0.00635512846708366,1.5439413315272754,0.008537631415814356
ewm_expdecay7_act_total_daily_strike_events_pastcov_lag-14,0.3891925577661431,0.3684010410139722,0.283913784623144,0.08107675189847721,0.25821748600643046,1.3808144871966543,0.2471276271842721,0.022517204703707237,0.009855123888926842,0.009534680948427843,0.0004736673834708549,0.0018605261618261037,0.013263318478807485,0.0016905053450656515,0.42982053366987044,0.008456432415747431
ewm_ewma14_act_total_daily_strike_events_pastcov_lag-14,0.6225336422596802,1.1421186197245334,2.1703395647893595,1.0428038942257805,1.5451971118447914,2.250209832349745,1.2276365001326852,0.004017097095144306,0.006340597883624466,0.011376159172899959,0.0039026515199779956,0.007264351760768428,0.010502366406358599,0.006711257254489955,1.428691309332368,0.007159211584751958
ewm_ewma14_fin_usd_uah_rate_pastcov_lag-1,0.32855683244883993,0.41186407384946333,0.4494759206650895,0.22519197246977518,0.4054231657878856,0.7660968031812023,0.31763390465788266,0.004459374428260299,0.005275610426885469,0.0053172001406474045,0.0020120598872904517,0.00862241569250317,0.012018569854472338,0.010031194322968973,0.4148918104371626,0.006819489250432587
rolling_rsum7_7_act_total_daily_strike_events_pastcov_lag-14,1.412390457894004,1.5135528775262879,1.4261111487147702,1.5612672838453066,2.012756049580217,0.9255234372946339,0.871096343234946,0.008342931615820226,0.006498156603016669,0.006370579759450856,0.00660949161130826,0.009041042216638307,0.007683180233638565,0.002668009735245147,1.3889567997271663,0.006744770253588291
rolling_rsum14_14_act_drone_strike_on_rus_in_rus_nofpv_pastcov_lag-1,0.9235161695676801,1.3187207580540095,0.5808340838327233,1.553874313382552,2.1486310660911636,1.6201650425932974,1.9855794145696197,0.0059494366332752515,0.006522303782607231,0.00244244934565232,0.005368815733311228,0.009743247558593793,0.007850267808366196,0.009064076361205787,1.447331549727292,0.0067057996032874
rolling_rsum14_14_dist_to_nearest_ru_km_pastcov_lag-7,0.9431526688403289,1.2764350280487722,0.9583061423207291,1.0155503857820616,0.9018016468538786,0.9716881699780255,1.0898296424929648,0.003874105100550951,0.007784600929910979,0.006626290549922342,0.00488151533730039,0.006290999050496682,0.006094916893664015,0.004642479437655922,1.0223948120452515,0.0057421296142144695
ewm_ewma14_act_drone_infra_ua_residential_intent_pastcov_lag-14,0.4863002942699974,0.4114867583242772,0.45792686884339073,0.7602496054767756,0.18893513824845645,0.417128883038874,0.47981602010382823,0.010792531603017696,0.004374623433171965,0.004460258629932601,0.007146077747298074,0.002558031772447089,0.0062708872454923185,0.0038952127360716293,0.4574062240436571,0.005642517595347339
ewm_ewma14_act_total_damage_events_pastcov_lag-7,1.193846178195258,1.4163743958860184,0.747873152756013,0.15296978929597768,0.39610358412896723,1.0303621660660491,2.532616885276582,0.005358368555726245,0.007073775981325814,0.0030168106212063337,0.0013642230027543167,0.002962721524873357,0.004397465931996592,0.010860420980157649,1.0671637359435522,0.005004826656862901
rolling_rsum14_14_dist_to_nearest_ru_km_pastcov_lag-1,0.7710538036633339,0.8095981573922439,0.7915406166957262,1.0296290621181456,1.1594549341360503,0.9204193553326474,0.6685983137197358,0.0033605798060807766,0.004179947213490576,0.004137844923818257,0.0032744249145323368,0.005866572776597257,0.005049777377881193,0.0047394367362245445,0.8786134632939833,0.0043726548212321345
ewm_ewma14_fin_usd_rub_rate_pastcov_lag-1,0.25602242207399056,0.19742022203399395,0.025833066322986646,0.12980106526723575,0.3737439790713344,0.8355028661573272,1.8450515261667833,0.0021689435148409377,0.0006969245808037039,0.0005792051094408723,0.0007283064056070598,0.0024788918197758748,0.01321692652807882,0.00936489319609124,0.5233393067276645,0.004176298736376929
ewm_ewma14_fin_usd_uah_rate_pastcov_lag-7,0.23891910668128769,0.0870676788492254,0.3461916295486778,0.47253664189404243,0.24290426090262485,0.24097221321391513,0.4792287406471427,0.008411529224911063,0.0007739736228323801,0.0035691319403802213,0.005760657639565281,0.0013758408610623496,0.0025845629157043694,0.005761611482378526,0.30111718167670226,0.00403390109811917
ewm_ewma14_act_drone_infra_ua_health_intent_pastcov_lag-7,1.0056940671630703,0.5857075864444204,0.6667147886450551,0.7429489556220068,0.7642325160006008,0.5307243189165579,0.6448062425569754,0.005995997613591197,0.0036253762214783604,0.002521161066286859,0.0030670249648442117,0.00657002676238414,0.0025413449987810475,0.0034301188442197317,0.7058326393355266,0.003964435781655078
rolling_rsum14_14_dist_to_nearest_ru_km_pastcov_lag-14,0.8337031018520745,0.40564160404273253,0.7843982654668354,0.9805388145880963,0.6067068901066672,0.8096550895998396,0.621999166464973,0.0036336336133542257,0.0019814811785661356,0.0048579518487617875,0.004224441721145333,0.003945598872753342,0.005559327900188182,0.002833963202495915,0.7203775617316027,0.003862342619609275
ewm_ewma14_dist_to_nearest_ru_km_pastcov_lag-1,0.8174437386645664,0.6573024343469085,0.41903525823152843,0.7387626333522758,0.8583964021929769,0.5632310124916513,0.8266327790070667,0.0035553043017846563,0.003470913212860838,0.002194961324975253,0.004982707720032731,0.005083568186531462,0.0025085750199111746,0.004671553934677686,0.6972577511838535,0.003781083385824829
ewm_ewma14_dist_to_nearest_ru_km_pastcov_lag-14,0.8490014608638006,0.8305615898019618,0.5786477241802138,0.6464386222630797,0.5133754556142047,0.6702264893521939,0.6892811846114277,0.004424338150950402,0.003941449151141296,0.0031131306799992986,0.0027582055402314955,0.0028122037105077435,0.003368576999214068,0.003351226151752895,0.6825046466695547,0.0033955900548281706
ewm_ewma14_fin_usd_uah_rate_pastcov_lag-14,0.18470488690277526,0.23566777944661002,0.21093492946768244,0.2185742906160739,0.3374183621184936,0.41335887619555767,0.5876361858364791,0.001526630022750597,0.0017072046603532121,0.002194380031195231,0.002332551172301578,0.002190099029290771,0.006526069533518908,0.007177650792347801,0.3126136157976674,0.0033792264631083
ewm_ewma14_act_total_damage_events_pastcov_lag-1,1.0846912681495964,0.26034382565253095,0.3469425101524354,0.3805533511530748,0.1210696260130159,0.3554444162079301,0.5103163973368348,0.006266314022299579,0.0008373328010133241,0.0015360169171766192,0.0010122006009380291,0.002840105548649041,0.0046945823317332104,0.0037924426980820323,0.43705162780934553,0.0029969992742702625
rolling_rmean28_28_fin_usd_rub_rate_pastcov_lag-14,0.18421536375698308,0.87644229273872,1.2086969255361906,0.8938798392842727,0.5416369256810346,0.7282065048949375,0.833983892362302,0.0009534889135196067,0.0032762010742237056,0.004904841695441675,0.0019087089854365803,0.003327916050268964,0.0036219357608288536,0.002607024894070209,0.7524373920363486,0.0029428739105413705
ewm_ewma14_act_total_damage_events_pastcov_lag-14,0.38645186643100504,0.3123203697042983,0.7641516205934681,0.37048850228655494,0.4311873637967137,0.528231742698905,0.8986932581572186,0.0029297536036215766,0.0015109952073037336,0.005050849627120946,0.0019992026903720593,0.001991013516104423,0.0025061933017254566,0.004496613999730048,0.5273606748097376,0.002926374563711178
ewm_ewma14_acled_other_rus_disrupted_weapons_use_pastcov_lag-1,0.6340740420077707,0.4845394722719058,0.9912533441383913,0.44606872776327405,0.1362273955426076,0.10926729217011599,0.26286145011990075,0.0038330471696950584,0.0037436336872227693,0.0059968500639955066,0.0028377090963393804,0.0007882114399045071,0.0010620341835285707,0.002141018273454076,0.4377559605734237,0.0029146434163056954
ewm_ewma14_act_drone_infra_ua_health_intent_pastcov_lag-1,0.6011547595495713,0.9240740969621857,0.7269901577105594,0.7648518867516575,0.8272047643636925,0.5195733453822723,0.4210740079738748,0.0030314982041303785,0.002806231624147193,0.0023638535411970364,0.003222367695739936,0.00441472967882599,0.002202800401132343,0.002317536584556268,0.6835604312419734,0.0029084311042470207
rolling_rmean28_28_dist_x_clash_pastcov_lag-14,0.5180262550179251,0.5408232967620066,0.5029672591065673,0.5933528292201343,0.4769269481010437,0.6428539464459342,0.6520083934519304,0.0028393563872852303,0.002796444347631355,0.003359077907885233,0.0031648365407505484,0.001419830017019108,0.004117677901210115,0.0019474181953943238,0.560994132586506,0.0028063773281679877
ewm_expdecay7_fin_usd_rub_rate_pastcov_lag-1,1.2528724468907608,0.05092715873594854,0.12126352525262842,0.15474228852555663,0.10291990731491278,0.16482540379380675,0.16218381061044795,0.009310514838591955,0.0004137873798006453,0.001906987129259341,0.0010293803052944916,0.0024478472084520143,0.0025044379081717192,0.00202085281771196,0.28710493444629454,0.002804829655326018
ewm_expdecay7_total_ru_area_km2_pastcov_lag-1,0.282384032353237,0.07867527272364484,0.39863644793826813,1.1676514553075705,0.6603034034755,1.1484526057383944,0.29890955469359454,0.002133567880578302,0.001554704435785048,0.0021397520301535745,0.005311517981220093,0.0024062079529711513,0.004186530782032261,0.0018198726614085503,0.576430396032887,0.002793164817735568
ewm_expdecay7_dist_to_nearest_contested_km_pastcov_lag-7,0.28115536175201017,0.4504913098387573,0.671070736320902,0.30944066754829547,0.43496281431150097,0.3946771048809288,0.19723665774178176,0.0021134714371850993,0.003877556903320345,0.0036288489610549536,0.003572653741092946,0.001957520498257881,0.001988820621576104,0.002394240591228991,0.39129066462773937,0.0027904446791023317
ewm_ewma14_act_drone_infra_ua_energy_intent_pastcov_lag-1,0.23861179013016878,0.292235769287045,0.2105939865482016,0.46820802958357227,0.42191158427526765,0.10598295805972448,0.2150104312262948,0.0030117346952417854,0.0018287664251630976,0.0016318881763926596,0.003828629642910597,0.004363322790590485,0.001666883533149699,0.0029302985371024715,0.2789363641586106,0.002751646257221542
ewm_ewma14_acled_other_rus_armed_clash_pastcov_lag-1,0.5589997117989324,0.6456398200111703,0.33055580660742373,0.2768256696906501,0.6321241792495904,0.45717080672525623,0.5457227667268112,0.0031576199492319825,0.004128397012761265,0.001905889117287418,0.0015528898522438217,0.0033846152223971472,0.0024316395679485846,0.0026276914432806775,0.49243410868711923,0.0027412488807358423
ewm_ewma14_fin_usd_rub_rate_pastcov_lag-14,1.6300615128696276,0.16101633039966537,0.28110284972906185,0.05570169733623573,0.19641394337741924,0.7284904567139774,0.5279279305424907,0.010331869503351188,0.0012173422523661826,0.0017457571044220631,0.0008726603132896083,0.0004020819229892947,0.0019901283463046094,0.0022937994706220045,0.5115306744240684,0.002693376987620708
rolling_rmean28_28_dist_x_clash_pastcov_lag-7,0.4274197920941786,0.44088132490412585,0.4749442608716503,0.4664974229891548,0.45586269803052465,0.5991361145851577,0.6167525780880192,0.002583519302576542,0.002429047658337091,0.0034838136335644033,0.0028508453033711635,0.001496588948414046,0.003447597270237157,0.0024486588327303103,0.4973563130804015,0.0026771529927472446
ewm_ewma14_acled_other_ua_armed_clash_pastcov_lag-14,0.7998501755649647,0.5921950254779256,0.44961341410970473,0.4441660709032307,0.39003414699988154,0.3148772760491142,0.3114916971186859,0.005869532512162645,0.00324673335213308,0.001819763142345754,0.0019278162081946438,0.0017739789128713213,0.0014257929493893152,0.002308707194097437,0.4717468294605011,0.0026246177530277423
ewm_expdecay7_act_total_daily_strike_events_pastcov_lag-1,1.1484330593307441,0.08413975969942952,0.5445382164129571,0.2827815121357473,0.28151979858142856,0.42338252395074966,0.43061630813062085,0.004061853061020648,0.0027276918128695594,0.002746020433881924,0.0010536620598132096,0.002795942613309799,0.0023388540825630467,0.002290901785997379,0.45648731117738234,0.00257356083563651
ewm_ewma14_dist_to_nearest_ru_km_pastcov_lag-7,0.37148045295281484,0.3385127011933255,0.37520398120397447,0.5112249197207624,0.3364493992149469,0.5256047599823878,0.6260342251162925,0.001415676194556581,0.002014265970196649,0.002174572721732648,0.003152346748160384,0.0023867433938792536,0.0030090631300241587,0.0035754631733721843,0.4406443484835006,0.0025325901902745513
rolling_rmean28_28_acled_other_rus_shelling_artillery_missile_attack_pastcov_lag-1,0.3738856296993442,0.21138260275236498,0.1626802804799643,0.2815216813692996,0.06624914391533776,0.1440397546184565,0.09371356547367146,0.004717167764200991,0.002367438718980974,0.0020142244795236406,0.004490561866992504,0.0011014574877761917,0.001849877127481081,0.0010971442237627028,0.19049609404406267,0.0025196959526740123
ewm_ewma14_act_drone_infra_ua_energy_intent_pastcov_lag-7,0.1651868673883008,0.1392844253169397,0.42393749121676777,0.2135632899959297,0.02325854121915407,0.1417575970874791,0.13242570341165505,0.001976440133922397,0.002141432836965285,0.006634996304256724,0.0028169488514703687,0.001223485929446877,0.001329194917475718,0.001512461725410552,0.17705913080517519,0.002519280099849703
ewm_expdecay7_dist_to_nearest_contested_km_pastcov_lag-1,0.23862848722520683,0.3988701302137493,0.4846876985242563,0.3691182780969579,0.42763327766771386,0.2537628743422436,0.3733028233964997,0.0028700839753854623,0.0036724218082409667,0.001798538951048778,0.0025136796223082848,0.0034981151421288104,0.0016664851303117123,0.0014776914896461157,0.3637147956380896,0.002499573731295733
rolling_rmean28_28_dist_x_clash_pastcov_lag-1,0.5955211294532922,0.4148029766087097,0.4273673377724105,0.49535154177286517,0.47706367720593634,0.40140893734023103,0.44578598080551046,0.0030651267112853597,0.002508465754594491,0.002201601687708199,0.0032375720460293246,0.002028194537381567,0.002458805478256143,0.0016555590444736312,0.4653287972798508,0.002450760751389817
rolling_rmean28_28_fin_usd_rub_rate_pastcov_lag-7,0.7604428865580681,0.4233539286575027,1.01930234290039,1.1600318195429926,0.9723013267228211,0.4746651808230947,0.7720729478970685,0.0024608990389727746,0.0015696876238396663,0.0023575274537404713,0.003079159452762781,0.0031371072857590667,0.00247923220195716,0.0019745895204158924,0.7974529190145626,0.0024368860824925446
ewm_expdecay7_total_ru_area_km2_pastcov_lag-7,0.14158608279844914,0.8518984242220083,0.23695037021830048,0.4503403655683029,0.17457917210158094,0.0879411918048095,0.5929829682886403,0.001617954556720136,0.0032860989347081706,0.0008511044575270743,0.0031475545624163994,0.002541661279244156,0.0018570100683477752,0.003622700102494236,0.3623255107145845,0.0024177262802082783
ewm_ewma14_fin_usd_rub_rate_pastcov_lag-7,0.8276678168876158,0.351809334144582,0.09096497140556578,0.1945165886222798,0.18797556285692757,0.11618874678615496,0.717786164824072,0.0059485249764569485,0.0014946636632301891,0.0006781459468461426,0.002140983993299206,0.000702538633665517,0.000518616473013056,0.004652240331858737,0.3552727407895997,0.002305102002624256
ewm_ewma14_acled_other_rus_armed_clash_pastcov_lag-14,0.5037562225787463,0.44501041858861257,0.5677349357642781,0.4595219921273498,0.2828776195074759,0.1616248789501153,0.12942779990961079,0.0022902278684071133,0.0033923710919405046,0.003518992612247063,0.002274263567596391,0.0015640556686040475,0.0014514438707470712,0.001367850052265407,0.3642791239180269,0.0022656006759725136
ewm_ewma14_act_drone_infra_ua_health_intent_pastcov_lag-14,0.9265531238113714,0.48909510684202295,0.6594643546556551,0.714871668661252,0.8485583591669832,0.6709755910994828,0.7675285588286634,0.0032836980827116056,0.002495102425532414,0.0016159372341044919,0.001932014807367488,0.0023666177330779804,0.0019396820328263953,0.0021634768171422624,0.7252923947236329,0.002256647018966091
ewm_ewma14_acled_other_rus_armed_clash_pastcov_lag-7,0.3564669504476389,0.3367100070887243,0.24369757690478094,0.2976115108032336,0.22440356013559692,0.3354835778145278,0.2526463655555087,0.0021874872715575535,0.0032947083565408875,0.0022382752910911964,0.002530174957592757,0.0017979486876132933,0.0014610218358839244,0.0016890871062304803,0.29243136410714443,0.00217124335807287
ewm_ewma14_acled_other_ua_armed_clash_pastcov_lag-7,0.13293444890834516,0.3190472594314782,0.4609341531787654,0.2677777630338309,0.3091384226693829,0.6893304712037653,0.720140533703337,0.0004273589119727639,0.0015228699620909226,0.002496144837678904,0.0016861748087534378,0.0016173891938599417,0.00289071433800947,0.004358226978839808,0.41418615030412925,0.0021426970044578922
ewm_ewma14_com_diplo_bluesecondary_ua_pastcov_lag-7,0.07146442788784059,0.04609603674554405,0.04071468694852931,0.0485186236294546,0.11571784236106383,0.07587735635666946,0.01989186496053817,0.0029088991384970562,0.0017752209937342612,0.0010782367439670538,0.0020982556395605203,0.0018213740506478836,0.003931251729277929,0.0013559448713697853,0.059754405555662866,0.0021384547381506414
env_weather_wind_gusts_10m_mean_futcov_lag3,0.017874184456759683,0.07286630083282696,0.05139928367827446,0.9526714684638374,0.21573041471537732,0.012292120168095328,0.023346600714451195,0.0004203124640515643,0.0011074099788533243,0.0005132592397026903,0.010933789020629626,0.0011557708174033455,0.00017551286336461302,0.00039521064608620814,0.19231148186137462,0.0021001807185844815
rolling_rmean28_28_total_ru_area_km2_pastcov_lag-7,0.20578833319045087,0.1766289689137359,0.2530076834992784,0.3525378231598311,0.2571422253293797,0.3422116914360398,0.14607368321900532,0.002839562108728666,0.0006845689939203759,0.001845877911590832,0.0025446995913851467,0.002579828500150061,0.0014751383968601539,0.0025488393744966366,0.24762720124967444,0.0020740735538759816
ewm_ewma14_acled_other_ua_disrupted_weapons_use_pastcov_lag-1,0.28835245711718327,0.28555274608350406,0.10719059287940959,0.04848964224987967,0.08788530989808824,0.08807928422879728,0.2798578797954674,0.0035292717420651433,0.004577220913981095,0.001007700221389496,0.0005441268905253871,0.0016121741272506318,0.0005945662899304426,0.0026109252595233113,0.16934398746461848,0.0020679979206665007
ewm_expdecay7_act_total_damage_events_pastcov_lag-7,0.12061586921704252,0.0036515388723874437,0.044578588779883875,0.04574461693199297,0.08536484740016269,0.1632197563911996,0.16532101673755634,0.0019608606931297732,0.00011171460548820011,0.0008313438806998752,0.0009178116796020097,0.0005040961922955223,0.002707550263656344,0.00740890205696938,0.08978517633288934,0.002063182767405872
ewm_ewma14_acled_other_ua_armed_clash_pastcov_lag-1,0.5392255824910214,0.30600173678012205,0.25249876596561127,0.4443410436375095,0.6153690800286528,0.4970107669716334,0.42847919870608797,0.0036890431139540826,0.0017987553147805536,0.0015633223474591728,0.0013683977726431707,0.001627201229287567,0.0025732289045318434,0.001576810130683093,0.44041802494009114,0.0020281084019056405
ewm_ewma14_act_drone_infra_ua_energy_intent_pastcov_lag-14,0.1631336852157098,0.1738603322723274,0.12257090695854242,0.047587311322358265,0.20987981565924738,0.0552140495928124,0.0062323935748609316,0.002888464145305791,0.0023071542346237983,0.003048632356535097,0.0006854373061816021,0.0035353003928541237,0.0010735571270239718,0.0004569023659649174,0.11121121351369409,0.0019993497040699
ewm_ewma14_acled_other_rus_shelling_artillery_missile_attack_pastcov_lag-1,0.06253571450131068,0.23279797129692434,0.11606014563988512,0.10857786974191978,0.16336946754942036,0.11453342617169361,0.2050981565639688,0.000621517317759479,0.002971878109410864,0.0019585109513618804,0.0015124502443072396,0.0015713173565347516,0.0016339341778835114,0.003643056296678582,0.14328182163787467,0.0019875234934194725
env_weather_wind_gusts_10m_mean_futcov_lag6,0.17941856268399597,0.05729370189185478,0.02992852032864856,0.014343554805739287,0.09287148746833186,0.021684145372597764,0.8301423275908664,0.0025803486394439857,0.0005926199604071147,0.0008358809315299531,0.0002559533387323398,0.0012848674960466821,-9.53875968878748e-08,0.008220046840804063,0.1750974714488621,0.0019670888313381785
rolling_rmean28_28_fin_usd_rub_rate_pastcov_lag-1,0.3917288266401937,0.9711687794134101,0.5051149237034043,0.44169160865585055,0.3891947200632173,0.703922817250215,0.43554096457122865,0.0020453622860413965,0.0024777554784131796,0.0017806004175339619,0.0015358912932177614,0.0018361951062407123,0.002690461823044754,0.0013616192351008972,0.5483375200425028,0.001961126519941809
darts_enc_fc_cyc_dayofweek_sin_futcov_lag4,0.06999354396760002,0.34052671438932924,0.27974284227391627,0.032088763474587716,0.22664936229481564,0.1544736991640321,0.0896565305074101,0.0010610383631510123,0.0045166968498265405,0.0015173689423158665,0.0006311138324766929,0.004199833339083958,0.0009079298372537848,0.0006112840925859509,0.17044735086738444,0.0019207521795276867
ewm_expdecay7_fin_usd_rub_rate_pastcov_lag-14,0.3724369790063472,1.1258606260073774,0.05055210723487426,0.10200067434130543,0.19476928024390952,0.0,0.13483618905986766,0.0034846730770554,0.004174238168885225,0.0004907187903339328,0.0014693704280234199,0.0017691758505072653,0.0,0.0019006832298196885,0.28292226512766877,0.00189840850637499
env_weather_wind_gusts_10m_mean_futcov_lag0,0.7686204748318032,0.0597429490208777,0.03545093504084726,0.008015891574272151,0.030816511458206387,0.14300986163828258,0.019777325505856112,0.008552530230339528,0.0010568528025101775,0.000448797075013041,7.416107474067513e-05,0.0004303328524154049,0.0021212117546071108,0.0005695736232884885,0.15220484986716368,0.0018933513447020607
env_weather_cloud_cover_mean_futcov_lag4,0.16024269697325622,0.05201590836365472,0.018210882055765723,0.02552673505066591,0.6408879850932546,0.012042025180509602,0.0020574107220034605,0.0043294374353704205,0.0012546021941493013,0.0008066224987419268,0.0002912796288318864,0.006205788026369485,-1.2151072960331356e-05,4.547423110254911e-05,0.13014052049130145,0.0018458647059436055
env_weather_wind_speed_10m_max_futcov_lag6,0.0995517247867016,0.046499723652735026,0.08977359270303249,0.04457465404493605,0.19530945902214694,0.05391732678663654,0.6753713754669565,0.0012063681854465492,0.0011405835625399208,0.0008306104536206727,0.000494437398085723,0.002550952442673715,0.0004910853926933578,0.006189552106594287,0.1721425509233064,0.0018433699345220321
ewm_expdecay7_com_aid_humanitarian_pastcov_lag-1,0.32030100804187495,0.31765309123578267,0.14427729639232278,0.038965953087197636,0.2824459634259674,0.06440062253680726,0.02245565323066617,0.003031281783090889,0.002784653224412281,0.0016720157090071685,0.0002858993595507453,0.00445910400002465,0.000190647036139846,0.0003184478789676648,0.17007136970723127,0.0018202927130276064
ewm_ewma14_dist_to_nearest_contested_km_pastcov_lag-1,0.29402370634686753,0.1913377274436387,0.16591907547169404,0.24829352183313014,0.17675843443982758,0.3031784423886892,0.24472508611822222,0.0022540180035057087,0.0021934356930869646,0.0010300018799176414,0.0019406927383761152,0.0015730738939297995,0.0017298415983392212,0.001958721495748006,0.23203371343458135,0.0018113979004147792
env_weather_wind_gusts_10m_max_futcov_lag0,0.7652788707908308,0.11696654950454394,0.02646385923143406,0.0569449784408144,0.052316395212182384,0.08860892431319911,0.02514061061072601,0.007249621792813343,0.0007323281887783306,0.00042839158287943935,0.0014368724274322231,0.0007858037925096983,0.001558637328472412,0.0003881115789454048,0.1616743125862472,0.0017971095274044078
env_weather_wind_gusts_10m_max_futcov_lag6,0.0817079269842665,0.010534791764114855,0.03817539885639187,0.016309282959988625,0.14722886719799733,0.017200144026084344,0.8613766842960302,0.0007254323998490797,0.00026738941533892556,0.0005586258146785151,0.00027992225710540277,0.0019104625836505295,0.00037892176950129477,0.008447641821726836,0.16750472801212482,0.0017954851516929406
ewm_expdecay7_act_total_daily_strike_events_pastcov_lag-7,0.667874739172587,0.9170990660581576,0.13352041027800515,0.23997101356112427,0.03260066097554734,0.034699484006478834,0.035397655562609986,0.004251816557759702,0.005090326924053823,9.06669610711841e-06,0.0007562636786456745,0.0013188163852029255,0.0006945610996003327,0.00014453315525577714,0.2944518613735015,0.0017521977852321935
rolling_rmean28_28_dist_to_nearest_contested_km_pastcov_lag-1,0.28226571692329,0.2351841937611765,0.20389783780365145,0.27480079221006587,0.2296345339469715,0.226089254109122,0.2662762412887316,0.001818443063049302,0.0019095358650350392,0.001746455668446889,0.0011888644694184602,0.0007662543872406058,0.00243365799046924,0.002346967954587198,0.24544979572042983,0.0017443113426066762
rolling_rmean28_28_total_ru_area_km2_pastcov_lag-1,0.2540209532626406,0.08661562440081412,0.17441729726984484,0.1319351848472983,0.3595524391854609,0.11113324635238066,0.22522339795516386,0.0023586235659698975,0.0009686098627077477,0.000867012436270187,0.0008278052449221196,0.0030431530245603744,0.0017952295211193902,0.002331131343414894,0.19184259189622904,0.00174165214270923
darts_enc_fc_cyc_dayofweek_cos_futcov_lag5,0.10515135034791495,0.030443381539580087,0.04970661805986767,0.14088066632642476,0.23447643215234978,0.09319675270143775,0.04372438233180785,0.0026200984767957847,0.0002631169732222105,0.0003844745933415217,0.002026232842486575,0.0052716074888619294,0.0004857979276759128,0.0010289463812201305,0.09965422620848328,0.0017257535262291523
rolling_rmean28_28_dist_to_nearest_contested_km_pastcov_lag-7,0.213386189100202,0.21779677897358485,0.09406551083745247,0.27194052342940117,0.190117967423365,0.18724166242523768,0.3220110264065737,0.0020110164372488582,0.002627781178889066,0.0008518657927526485,0.001426965046556017,0.0011469176182053343,0.001937399451595745,0.0016362159289734057,0.21379423694225957,0.0016625944934601533
darts_enc_fc_cyc_dayofweek_sin_futcov_lag5,0.04690283290727106,0.09147827870326133,0.14996055891887522,0.17304249530812194,0.0708200392497443,0.19955353266770345,0.1243099922315115,0.0005974598032185696,0.0008883535519521368,0.0030680720632389356,0.0008773239493750529,0.0009914128301370395,0.0036780541453288462,0.0014530582448529338,0.12229538999806984,0.0016505335125862161
rolling_rsum14_14_dist_to_nearest_contested_km_pastcov_lag-7,0.17084464554295162,0.20433347941937127,0.2721496333882349,0.23739013616047847,0.23636930210134657,0.11357102953019688,0.40754197887670424,0.0015997808564691019,0.0017876031167570528,0.0025794992471362523,0.0012399727563119135,0.0013549077103337305,0.00035399061811898226,0.0025123020645460236,0.23460002928846913,0.0016325794813818652
ewm_ewma14_acled_other_rus_shelling_artillery_missile_attack_pastcov_lag-14,0.1892601614405679,0.09646987203329206,0.038333938600044165,0.11544687192771325,0.1353263599489922,0.06448225488502615,0.08896708817951461,0.0027263458694314346,0.0016135660640157479,0.0008491454400709975,0.0018428472622355363,0.0016734197773389692,0.0011733943658735146,0.001297715222591811,0.10404093528787861,0.0015966334287940017
darts_enc_fc_cyc_dayofweek_cos_futcov_lag2,0.07326059281652549,0.26860261597935775,0.3210643712013151,0.047131503106299905,0.1510852620328189,0.1820711112816411,0.031780846579435994,0.0010782020188178753,0.0028720465201601763,0.0016583418424544138,0.0006648907503534973,0.00305647138595726,0.001559494720018173,0.0002419061044911741,0.15357090042819915,0.00159019333460751
rolling_rmean28_28_dist_to_nearest_contested_km_pastcov_lag-14,0.3309462204830309,0.4330575038913588,0.3351178465850941,0.24082239787755533,0.4036575270553218,0.3028097646068491,0.3771803475524681,0.0014278414510318527,0.0021026819082291316,0.0017778179129754879,0.001341825555055931,0.001467963236971337,0.000746849894335444,0.0021919974081205497,0.34622737257881114,0.0015795681952456761
env_weather_cloud_cover_mean_futcov_lag5,0.009480213377832069,0.12838426748829643,0.07993543049333449,0.018573717721364097,0.0007326565863312823,0.6039978626890243,0.0337767603819924,0.00037587399950322897,0.0024404125989957006,0.0022730009985807874,0.00027322821282882437,0.00013227557615191898,0.004882567075531674,0.0006147385943239935,0.12498298696259645,0.0015702995794165896
rolling_rmean28_28_acled_other_rus_shelling_artillery_missile_attack_pastcov_lag-14,0.13785212513244238,0.13394589403475723,0.2631327124081861,0.1496123888096399,0.11395318676648791,0.18350850115260972,0.05517489237666749,0.0016087750621622155,0.0021825482659498575,0.001052755121990523,0.0023158503364862472,0.0015780217888834657,0.0013775417047344972,0.000716951916495212,0.1481685286686844,0.0015474920281002883
env_weather_cloud_cover_mean_futcov_lag3,0.10500345268431692,0.01940674314433167,0.016188588338799048,0.568095447777435,0.05045765409105423,0.0015845976003644562,0.05795924139565429,0.0022550067114759597,0.0006374956949014354,0.00033864945251904643,0.005955034862209496,0.000724223654936762,0.00014098393470460824,0.0007558666391557223,0.11695653214742223,0.0015438944214147185
ewm_expdecay7_dist_to_nearest_contested_km_pastcov_lag-14,0.1718402206521368,0.14483241242900002,0.19036274567564795,0.19912576168978127,0.5162673078596959,0.1732798114683365,0.11180703600544366,0.0015699145934483737,0.0009542800336319823,0.0015469906299339976,0.0014784990748735627,0.0031117321260259343,0.0015522168871416441,0.0004504592348726355,0.21535932796857743,0.00152344179713259
darts_enc_fc_cyc_dayofweek_cos_futcov_lag1,0.15421376378702112,0.22006200633349352,0.053022093368013466,0.15591430748710924,0.16439971870614029,0.020932026746053545,0.1398935578302451,0.0022921101445675606,0.0010205844250835484,0.0005162049126997248,0.003962364377355199,0.0011174409438203358,0.00015189560352562025,0.0015993630840805961,0.12977678203686804,0.0015228519273046551
darts_enc_fc_cyc_dayofweek_sin_futcov_lag0,0.17510789896454376,0.21970952126799811,0.10229295559493139,0.06150904790806563,0.1662513750507511,0.16593684888200616,0.030967829354500397,0.00260521810795451,0.0027897634786678616,0.0004196564802897651,0.0008199941298433933,0.0022609694631714693,0.0010393667253424388,0.0005951250686678123,0.13168221100325664,0.0015042990648481789
ewm_expdecay7_fin_usd_rub_rate_pastcov_lag-7,0.22193815029141795,0.6062087120472789,0.13036896030107112,0.08918800400117034,0.10450282655547814,0.1209791271178186,0.1890764790174888,0.002606220495602507,0.003088041948089826,0.00028828396098155016,0.0010120189215866659,0.0012811763840650191,0.00041614349673706473,0.0017379368802480587,0.20889460847596059,0.0014899745839015276
darts_enc_fc_cyc_dayofweek_sin_futcov_lag6,0.0860193638296789,0.07711037296834013,0.045822553597620407,0.2035870229914579,0.24890377083993398,0.05495019788775975,0.21538619401663647,0.001502723449298271,0.00040539239962200657,0.00040815709348562823,0.0035632794820876336,0.001336918407037424,0.0008359421686148227,0.002363191756893168,0.1331113537330611,0.0014879435367198507
env_weather_wind_speed_10m_mean_futcov_lag5,0.20424089343273388,0.04515023667422164,0.006361353957919279,0.061395327898017875,0.041552861321119974,0.5500355708886469,0.061881360233460886,0.0032816010455335,0.00050407114391815,9.429916618564071e-05,0.0014838619644728323,0.0002460499271506711,0.003952607373464967,0.0004986564660734771,0.1386596577723029,0.0014373067266856053
rolling_rsum14_14_dist_to_nearest_contested_km_pastcov_lag-1,0.0867180840379066,0.3508519012426048,0.15426593693299612,0.15735767452223068,0.20066265313914544,0.22901171618059182,0.31625373081466135,0.0007270778824014501,0.002554225193441151,0.0018727193402140684,0.0011553898494164993,0.0009489651460504733,0.0013247485518559144,0.0014475958886952744,0.213588813838591,0.0014329602645821189
env_weather_wind_gusts_10m_max_futcov_lag4,0.037594202823927315,0.02291330519218778,0.163649320681406,0.006648715047636938,0.9810081489450728,0.05341337039744392,0.01827709812480889,0.0005254451393638338,0.000377763320040847,0.0016867900490500133,0.00012623450096591605,0.006167794984243358,0.0008842418003236041,0.00024832035455657486,0.18335773731606908,0.001430941449792021
ewm_expdecay7_total_ru_area_km2_pastcov_lag-14,0.06625416806444244,0.05336477231992168,0.4077002745749367,0.2799565744336749,0.17901005729927635,0.5608618492905926,0.38268480685465694,0.0010950200991730608,0.001404339280406819,0.001112031202752739,0.001639502292676087,0.0004637109243970317,0.0021685883120188707,0.0020791627479360697,0.27569035754821447,0.0014231935513372399
env_weather_wind_gusts_10m_mean_futcov_lag5,0.08061366375660918,0.04204926064126497,0.007116078794301929,0.04358024055036773,0.020081586007696235,0.813235934143938,0.14897985204124645,0.0011182062059977627,0.0004772678915249573,6.0164054041411674e-05,0.0012574912216383848,0.0001734661659698711,0.0061981124157161945,0.0006669919941171054,0.1650938022764892,0.001421671421286527
ewm_ewma14_acled_other_rus_disrupted_weapons_use_pastcov_lag-14,0.30868424536111727,0.16056692735224676,0.09029446823795342,0.2047854058906027,0.40040025186013684,0.19434543595997375,0.0655280233388205,0.001586643571813351,0.001555795614555855,0.0009225784605632059,0.0011604878903225923,0.0015077933306420822,0.0024635279118093933,0.0007382918891283508,0.20351496542869302,0.0014193026669764043
env_weather_wind_speed_10m_mean_futcov_lag1,0.07190703734142374,0.5462973544077011,0.05054632454856018,0.02068375881032844,0.05219092913164513,0.06668983836672414,0.09284577338827223,0.0006687876822945915,0.004621551254767753,0.00018566180908976548,0.0006371895796877469,0.0006305095762332957,0.0016219149111465826,0.0013428504469113812,0.12873728799923645,0.0013869236085901594
env_weather_cloud_cover_mean_futcov_lag6,0.06103414947401811,0.015901353484614418,0.19107527140406017,0.061736021724653256,0.0022228357626959006,0.014812179703234885,0.4887998616896324,0.0003765487811762336,0.0005276174737557593,0.003372441807626614,0.0007915682843996352,6.576222532410636e-05,0.00029461326194792916,0.004233398821563372,0.11936881046327273,0.0013802786651133786
env_weather_wind_gusts_10m_mean_futcov_lag2,0.08067538942247524,0.09083560892466908,0.7345547641439584,0.22247625880596664,0.016865242906530006,0.014906981650649062,0.03307524315766052,0.0012032381263274328,0.0009316756798898318,0.005079577158658077,0.0015184809705531155,0.00023075981279498947,0.00027318791130972466,0.00032069282679918486,0.17048421271598696,0.001365373212333194
env_weather_wind_gusts_10m_max_futcov_lag3,0.0030986449607400693,0.12601183452149262,0.026550006803642646,0.6988537397145557,0.11057993617591602,0.016169802428836918,0.02832814076850236,2.6117057928365383e-05,0.0013040553382423826,0.00037593094710413054,0.005847336816616466,0.000749578045613486,0.0002825742197169356,0.0009472520334336653,0.14422744362481232,0.0013618349226650617
ewm_ewma14_acled_other_rus_disrupted_weapons_use_pastcov_lag-7,0.14002387697840266,0.2151632139141359,0.11972586518448683,0.14642497478565872,0.15099794234893824,0.21006290466469896,0.1976883956453962,0.0010052586667759877,0.002425223673418486,0.0005185761550167145,0.0012958305288402582,0.0009850959198371533,0.0013535935985554914,0.0019061698891533752,0.1685838819316739,0.0013556783473710667
ewm_ewma14_dist_to_nearest_contested_km_pastcov_lag-14,0.3403106627281483,0.20262619825387093,0.15809918949067991,0.27513415008734593,0.18914924430314986,0.17012524713618893,0.48543211283397947,0.0014417154118061993,0.000965088570725614,0.0007438127917767323,0.0015335138735984798,0.0011503351108767435,0.0013097934533717215,0.002342021794136251,0.2601252578333376,0.0013551830008988201
darts_enc_fc_cyc_dayofweek_sin_futcov_lag1,0.06079772783982758,0.13682770110486478,0.24654362982842135,0.044605083754560806,0.10580961513227342,0.04345419722596455,0.07265702131581447,0.0006202006424085082,0.002195904234594326,0.003799452431550221,0.00037715067470991406,0.0008793712608434534,0.0012707359414465768,0.00031017856339021765,0.10152785374310384,0.0013504276784204597
env_weather_cloud_cover_mean_futcov_lag0,0.49014558865521296,0.03659820939281456,0.01162164284211869,0.05409377637295648,0.003166416350817372,0.054025405351955484,0.0735104298619344,0.0061319480718819985,0.00041408143564158895,0.0003828470253407712,0.0012289460020878274,0.0003038101221202405,0.0007204212670839149,9.643854415319897e-05,0.10330878126111569,0.0013254989240442203
env_weather_wind_speed_10m_mean_futcov_lag6,0.04292139673895687,0.05059969310535683,0.05448275637563117,0.008281436619205346,0.09705433803915017,0.014405478787403914,0.5197155876071546,0.0011043700576566673,0.00041952304266126286,0.0007733679782392589,7.392813687510103e-05,0.0010235332806148856,9.179119593123452e-05,0.005771970641938506,0.1124943838961227,0.001322640619130988
env_weather_wind_gusts_10m_mean_futcov_lag1,0.03306110700693189,0.7546937872647176,0.2664950390271856,0.0068016379203707554,0.04675325885339669,0.05811492376068503,0.11633263651799569,0.000417337201642054,0.004689256050025614,0.0011238180146573296,5.045530044671676e-05,0.0006753421441222596,0.00046450074473705085,0.001796142635624065,0.1831789129073262,0.0013166931558935841
ewm_ewma14_acled_other_ua_disrupted_weapons_use_pastcov_lag-7,0.20917809611438362,0.06376744946489087,0.09036836872633579,0.01790915978702069,0.027094431097398838,0.039521426818940913,0.0683158223586172,0.003136435105003099,0.0015024465005376575,0.0023657851647379768,0.0005461437251185197,0.000789088017399231,0.0006263416368334829,0.0002484589742741017,0.07373639348108399,0.0013163855891291528
darts_enc_fc_cyc_dayofweek_cos_futcov_lag-2,0.18309218571317612,0.07514895800623057,0.001209510072383598,0.0973069849656132,0.18538424447615234,0.17677202899761063,0.023903217457928855,0.0021523166811775905,0.0006693531204124525,0.00010520418343216154,0.0016342476196497425,0.0036556221740642546,0.0007624982509001788,0.00020947890147946513,0.10611673281272792,0.0013126744187308352
ewm_ewma14_dist_to_nearest_contested_km_pastcov_lag-7,0.2752566126894831,0.3813398882908693,0.15634215576545796,0.3601045544657063,0.15088860681688754,0.3560389689607876,0.3494568947785669,0.0012508619047711944,0.0017249625190529194,0.001020759355061518,0.0016222565038312541,0.0010836397554019328,0.0011588654765344098,0.0012955863848198134,0.289918240252537,0.0013081331284961488
darts_enc_fc_cyc_dayofweek_cos_futcov_lag6,0.013144658796387753,0.09724235840456058,0.1907891975402709,0.030281832545352976,0.13477318474029204,0.16021130861669555,0.12363672329265482,0.00011869834209701224,0.0014278456047460697,0.0009151580148963001,0.00046127188935138894,0.0018764256399213864,0.003669378474076934,0.0006195215506800134,0.10715418056231639,0.0012983285022527293
darts_enc_fc_cyc_dayofweek_cos_futcov_lag-1,0.03177498050795201,0.19206530777942102,0.13680871703978686,0.03236031412844141,0.1461209997283485,0.14959987797877022,0.025567468686344436,0.0003044535082492361,0.002484286392607249,0.0014154018908062894,0.00045215837374084077,0.0022345960546993338,0.002065401494340846,5.431792993626505e-05,0.10204252369272349,0.0012872308063400085
ewm_expdecay7_act_total_damage_events_pastcov_lag-1,0.15419235033380063,0.08883581797384268,0.19066482466437126,0.08571977621423214,0.06772512167742203,0.04449377087480981,0.04388041607559499,0.0012479655584448413,0.0018594489524462522,0.0010363702131446883,0.0007744229257702795,0.0007254007621858794,0.0023885410992424473,0.0008220935538870711,0.0965017254020105,0.0012648918664459228
env_weather_wind_speed_10m_mean_futcov_lag3,0.0,0.0678745350533684,0.02227270344918595,0.5994327194817126,0.08544234927057874,0.0,0.060354833942519504,0.0,0.0008888966657038422,0.000269005696265312,0.005470366750036604,0.0006254202712752787,0.0,0.0015076534826720556,0.1193395915996236,0.0012516204094218703
darts_enc_fc_cyc_dayofweek_cos_futcov_lag0,0.07245017801474549,0.011317182903429897,0.2046724660686592,0.21927581953148037,0.0784516759786017,0.1804598381155897,0.11252831993467638,0.0006515130220111409,0.00012163162311706888,0.0023662630569836196,0.001559118356414113,0.0005737297464409874,0.001549306640577197,0.0018680913427867375,0.12559364007816895,0.0012413791126186949
env_weather_wind_gusts_10m_max_futcov_lag2,0.1639233102868375,0.018597194341418734,0.6311235281388203,0.07454511842709723,0.010895539583995433,0.03896790476679748,0.03698905688813685,0.0020613385665676056,0.00018944560655373977,0.004534475382259951,0.00022589288119756468,0.00011122540065462427,0.0008670416514675594,0.000558336438961704,0.1392916646333005,0.001221107989666107
ewm_expdecay7_acled_other_ua_disrupted_weapons_use_pastcov_lag-7,0.08158508477958457,0.05481171549534551,0.05149073648393695,0.13300089691117883,0.012423077229516612,0.08947643748794468,0.047234945956628756,0.0006637668224647397,0.0013961343006935634,0.0007827847949679612,0.0028900899762662746,0.0003831309830596874,0.0011914279978162633,0.0012390189807807595,0.06714612776344799,0.0012209076937213215
rolling_rsum7_7_acled_other_rus_shelling_artillery_missile_attack_pastcov_lag-1,0.08290783166813606,0.059539473069938384,0.12636083233869264,0.009718740971876607,0.07796128989928132,0.14769037278166594,0.03088225125990306,0.0006241942550653246,0.0010955239898019053,0.0014800036105218962,0.0005048983199533285,0.001313962805677127,0.002710108093798369,0.0008130370771451956,0.07643725599849914,0.001220246878851878
darts_enc_fc_cyc_dayofweek_cos_futcov_lag4,0.03770148020178926,0.02261281659436867,0.08797613307512397,0.2621609586180085,0.23544200345511435,0.027618874855400943,0.11186454989909467,0.00046639048532719495,2.4698550519386408e-05,0.0012471864326230263,0.003403795343621763,0.0013894706442739713,0.00031167643551257564,0.0012061914898885196,0.11219668809984291,0.0011499156259666338
ewm_ewma14_acled_other_rus_shelling_artillery_missile_attack_pastcov_lag-7,0.06757456575087895,0.10655179804217108,0.04187398293377854,0.08441710210473276,0.10194355546710376,0.07177336094480727,0.08644518611895144,0.0015809030454931206,0.000784310892146145,0.0006880021435874184,0.0012199112751311247,0.001079461373091628,0.0012029615037882023,0.0013898487356997613,0.08008279305177482,0.0011350569955624857
env_weather_wind_speed_10m_max_futcov_lag4,0.018945744229757915,0.034625428514731854,0.08866159616028636,0.03793027124712994,0.5518078395671967,0.03803998556533233,0.006697924404410175,0.00035218821191032037,0.0003226065198557171,0.0013593402828462552,0.00045882337719458375,0.004893521110156796,0.00039393655124499995,0.00013825586817934888,0.11095839852697789,0.0011312388459125743
rolling_rsum14_14_dist_to_nearest_contested_km_pastcov_lag-14,0.23121095728481714,0.22990391006872196,0.12642576463845243,0.1725540377803747,0.2652768167194404,0.3402695477195933,0.10852689460919375,0.0011170953730196055,0.0019303994246339107,0.0008265297855414522,0.0007424384765304382,0.0013138427206697445,0.0012076730858272544,0.0005703090602739546,0.21059541840294196,0.00110118398949948
env_weather_wind_speed_10m_mean_futcov_lag-1,0.149546645629744,0.027240906542483487,0.05448646829039375,0.07006705496286812,0.08693577943750223,0.05572863923990589,0.20455789930136842,0.00039216922655394004,0.0009940827058014356,0.0007961640243011381,0.0007630854599196324,0.0019475682293841555,0.0005838289069131974,0.0022133550041873564,0.09265191334346656,0.0010986076510086935
darts_enc_fc_cyc_dayofweek_sin_futcov_lag3,0.05492308843587301,0.052377329263306883,0.07343249254910517,0.16851210560798074,0.09732266629741858,0.10566687491256974,0.0829650166495278,0.0009289688007486196,0.0005897332697511803,0.0005383603350379351,0.0028120476584570842,0.0012265208931396376,0.0005987108134087426,0.000940260086365896,0.09074279624511171,0.001090657408129871
ewm_ewma14_com_diplo_bluesecondary_ua_pastcov_lag-14,0.010408232754052529,0.027430062321606212,0.03823659794372485,0.03370985763909284,0.013780835854057795,0.009969742723027976,0.012186892811169713,0.0002922259284949158,0.003083301050710241,0.0012755552602427222,0.0015280746247189115,0.0005927598447900805,0.0005388462180484721,0.00029208049025564176,0.02081746029239027,0.0010861204881801407
env_weather_wind_speed_10m_mean_futcov_lag2,0.04004059379629335,0.022177206151628645,0.5958972926484086,0.1067134325595806,0.01956835201426365,0.04933019231654466,0.004845984497861275,0.0006880898152128001,0.00027767637638904664,0.0047883548226966164,0.0006084710550396943,0.0003148435219698431,0.000752775738480449,0.00010819025827604189,0.11979615056922584,0.0010769145125806416
env_weather_wind_gusts_10m_max_futcov_lag1,0.014282257107569151,0.7375309747699278,0.05230313113258418,0.020926371448201447,0.04228567004517785,0.025485123819412998,0.04729168585828256,0.00013786145211136525,0.004918299693812278,0.0001380843370832885,0.00029352334388761393,0.00095943982602269,0.0004939266062932602,0.000563112135508348,0.1343007448830223,0.001072035342102692
darts_enc_fc_cyc_dayofweek_sin_futcov_lag-2,0.017779629096655786,0.1370626574021299,0.14231134703288448,0.169573924602978,0.006493208485249669,0.13077999988486322,0.1446770139741164,0.0001708749764486539,0.0016492778065398284,0.002077067518186304,0.0004822676774634216,6.498374396255447e-05,0.0013761306768048209,0.0016682799079617671,0.10695396863983962,0.0010698403296239072
env_weather_wind_gusts_10m_mean_futcov_lag4,0.040732181812920404,0.007749593299898209,0.057866581117264546,0.06772499274925226,0.7183883063385565,0.14936587362859627,0.014717500881291312,0.00043857103465174687,-7.1367236800679025e-06,0.0008228779865660618,0.0006366168592841115,0.004435982120767101,0.0006565554358346493,0.0004164634097205022,0.15093500426111137,0.0010571328747348721
rolling_rmean28_28_acled_other_rus_shelling_artillery_missile_attack_pastcov_lag-7,0.21722390112143747,0.036694541473730996,0.09775915843384077,0.07909922656424186,0.05417582579482721,0.03003039268787125,0.14211734651785893,0.0023464190618870174,0.0003231317258906463,0.001675474819229339,0.0006083080177814671,0.0007476134892454133,0.0002695207548238709,0.0013357095641758575,0.09387148465625836,0.0010437396332905159
env_weather_wind_speed_10m_max_futcov_lag3,0.009800697575885595,0.0652777236477451,0.016481088406548168,0.4477275133559829,0.045982751267299116,0.02621617135983262,0.03194455735501003,0.00025704399634387534,0.001016930682734163,0.0002474956474399992,0.004105378579158247,0.0007392815248590701,0.000420187226618296,0.00046562803975978004,0.09191864328118622,0.0010359922424162042
rolling_rmean28_28_total_ru_area_km2_pastcov_lag-14,0.19079121075928995,0.13621607739905572,0.1478294557199694,0.1475817264556614,0.1011664789571673,0.1697970998825996,0.23830934913760912,0.0011408687339132585,0.0006998606939801367,0.0013687871562489962,0.0013686139977132194,0.0008301824721069773,0.0008691246757200454,0.0009265503804715358,0.16167019975876462,0.001029141158593453
env_weather_wind_gusts_10m_max_futcov_lag5,0.057217038079302576,0.058078894370626494,0.007432496700192308,0.18031737369649853,0.007241815065274568,0.7351095417599174,0.06562816140509803,0.000161876260535454,0.0005760958608057587,4.586687593124417e-05,0.0022170797517066633,0.0002313273128207838,0.0029786738845540396,0.0008340518738091829,0.15871790301098712,0.0010064245457375896
ewm_expdecay7_com_aid_humanitarian_pastcov_lag-7,0.004866326583697321,0.018811776206441998,0.022476686963363055,0.03625753528031228,0.07542398788471472,0.19438019885640342,0.16196987141635483,0.0001772033908063575,0.000639327940380463,0.000940816190352689,0.0008757917663390735,0.0008560401946391183,0.0020280468873324687,0.0015276058828620042,0.07345519759875538,0.0010064046075303106
env_weather_cloud_cover_mean_futcov_lag2,0.03768427246247624,0.0,0.4212284846848253,0.012433902990810078,0.012459938325362182,0.08158330979791382,0.06938612643658264,0.0008769444855693198,0.0,0.0036610316128355747,0.00039795093277650295,0.00021589587680044265,0.001210085797545757,0.0006050840050650485,0.09068229067113862,0.0009952846729418066
env_weather_pressure_msl_max_futcov_lag2,0.005697697449922018,0.03549030068601785,0.09224879556712058,0.0907180690948467,0.07646566076714642,0.04521506655279902,0.02875609371697805,4.750555443022719e-07,0.00016027990312521555,0.002646872193528904,0.001523277944894086,0.0007948548742153783,0.0005287846684981279,0.0010411835968058946,0.053513097690690084,0.0009565326052302726
env_weather_wind_speed_10m_max_futcov_lag1,0.06947030317645193,0.48323864417436,0.07322769121915762,0.021774764949362674,0.07937542599363621,0.036164171848049834,0.0972913508911925,0.0005260732817461422,0.003139974299633663,0.00014204953135299458,0.00026280234872504414,0.0011756300281782427,0.00036819807820931416,0.0010412813087200545,0.12293462175031585,0.0009508584109379222
env_weather_wind_speed_10m_max_futcov_lag-2,0.006053120657553929,0.09666449359426285,0.0850450724642913,0.20755969191542215,0.07103510136361467,0.03490198956378163,0.029510950231660952,0.00015783480481226241,0.0013730113034503555,0.0009622574537049733,0.001766612134341128,0.0010399496080094827,0.0007156812236351673,0.0006264930409386916,0.07582434568436965,0.0009488342241274373
env_weather_cloud_cover_mean_futcov_lag1,0.013469217280698572,0.49127340735691205,0.004930333011510945,0.011687624863924313,0.040858230958700066,0.0037644752739787943,0.031011622656964437,0.0004923712702144201,0.0036563169418528663,5.9411797442843195e-05,0.0003314018808198149,0.0013172194200328003,6.401101829305312e-05,0.0006319152461759181,0.08528498734324132,0.0009360925106902451
env_weather_wind_speed_10m_max_futcov_lag2,0.10131941197654319,0.02318778410648097,0.45453582919876034,0.050442084668179045,0.007663570783079978,0.044409111664341805,0.030914764761685528,0.0011708416736598392,0.0004772541534279418,0.0027775254858212195,0.00046147886739362766,4.2318759909854006e-05,0.001109040822020968,0.0004898278758005414,0.10178179387986727,0.0009326125197191417
env_weather_wind_gusts_10m_max_futcov_lag-2,0.011909749809845839,0.10463433272092817,0.06825362724572602,0.09608942773,0.04007336820130472,0.052985397581312724,0.013586064682000494,0.00021969356138269448,0.002579300391735662,0.000988197072746466,0.0010410173524408428,0.0005160912132384122,0.0006293713469768703,0.0005241780477442948,0.05536170971015971,0.0009282641408950345
env_weather_wind_speed_10m_mean_futcov_lag0,0.4505682954553883,0.09214138069837818,0.01286938442780987,0.0630377045034536,0.015068690448924794,0.10684569347078106,0.029632718101528552,0.0034060222366777194,0.0005136523575030916,0.0001282870302584893,0.0008263018470656691,0.00018891718705829063,0.0012507322091895201,0.0001408949239181556,0.11002340958660918,0.0009221153988101337
ewm_expdecay7_act_total_damage_events_pastcov_lag-14,0.5152714370146453,0.04099290946786469,0.05954194171018616,0.05613412885521304,0.0779237963137024,0.10211282327422054,0.08346904166259737,0.002064607884853231,0.0015620905260722128,0.0006145809477655195,0.00044467076523193596,0.0008087494496538783,0.00034084425995328793,0.0005890554105776102,0.1336351540426328,0.0009177998920153823
darts_enc_fc_cyc_dayofyear_cos_futcov_lag-2,0.05208494060280565,0.09113167423366797,0.053704563686821055,0.12344371511876985,0.0476785314062803,0.1621290361214582,0.03042357582460072,0.0003162172079328229,0.0006036183934023942,0.0012162548639030213,0.0015805039053482517,0.0011179363812980903,0.0012111772280295474,0.0002602711617740505,0.0800851481420577,0.0009008541630983112
ewm_ewma14_acled_other_ua_disrupted_weapons_use_pastcov_lag-14,0.03490186776550136,0.17295975607162412,0.06761231921067977,0.14554156906846924,0.05980280614919938,0.023655744840352565,0.11025824119796315,0.0005398993885131099,0.0015951115984396802,0.0010311943083279207,0.0012773380089808883,0.0005072977508677079,0.0007172064105053666,0.0006022224985994917,0.08781890061482708,0.0008957528520334521
env_weather_wind_gusts_10m_max_futcov_lag-1,0.1368239582281705,0.025192782819150075,0.08469713283075495,0.04202469514095078,0.120870842145506,0.019869520894262166,0.025985607681397488,0.0010406914246094523,0.0004278307890847044,0.0018255168645282317,0.0006598739377464691,0.001311910821171458,0.0005583885440693992,0.00038100546376489407,0.06506636282002742,0.0008864596921392296
darts_enc_fc_cyc_dayofweek_cos_futcov_lag3,0.0,0.08960765313776123,0.2028439096760978,0.0773259692484106,0.0,0.189356338659285,0.03893526402403485,0.0,0.0010645534654404986,0.0021149662463280537,0.0002203191237421187,0.0,0.0026662987109598245,0.00010015509704059955,0.08543844782079849,0.0008808989490730136
rolling_rsum7_7_acled_other_rus_shelling_artillery_missile_attack_pastcov_lag-14,0.15032315327343826,0.02907927765103139,0.07276827754252405,0.05723315057836619,0.07106410728624132,0.09658648480777511,0.0647885453922907,0.0017090114694179094,0.0004139381947282361,0.001084080505295515,0.0006019030699567996,0.0010806732455152623,0.000892828384690092,0.00036245161719019594,0.07740614236166672,0.0008778409266848587
env_weather_wind_gusts_10m_mean_futcov_lag-1,0.13453192891106502,0.013793737868462474,0.008708145016572758,0.07604993773620287,0.166308662441118,0.013243794428822305,0.09519662941264986,0.0010034556078189817,0.0001528515490935023,0.0002859177016637071,0.0007525846828762672,0.002643446041519737,0.00012070214832067272,0.001172448576565377,0.07254754797355618,0.0008759151868368921
env_weather_wind_speed_10m_max_futcov_lag5,0.01950889635073336,0.03752218185185361,0.004294465339176726,0.06063439160557875,0.02592973027951131,0.628686940079165,0.015489318207724938,0.00023020135860374324,0.0006582400821657286,9.464539204424582e-05,0.0008776510149109074,0.00027655996486488645,0.003697525503107002,0.00021484640426407963,0.11315227481624911,0.0008642385314229419
ewm_expdecay7_acled_other_rus_shelling_artillery_missile_attack_pastcov_lag-14,0.041375579195750606,0.10354244368828616,0.03762597301235835,0.06152173600598598,0.14064475574421634,0.043055912190004,0.09871173332466708,0.0007597609164028629,0.0005823139002850697,0.0006290445150683333,0.0006943398407069035,0.0017599523582979115,0.0007020515128500105,0.000866773734943882,0.0752111618801812,0.0008563195397935676
ewm_expdecay7_acled_other_rus_shelling_artillery_missile_attack_pastcov_lag-7,0.045369338610250165,0.01741440044313736,0.08759720944455918,0.08079729261297404,0.03070166578587771,0.04601893650699523,0.20168056299857484,0.0010389728182363723,0.000315498399353098,0.001412662307279433,0.0006810750002187227,0.0004078000073854282,0.0006406202100598613,0.0013960049920267892,0.0727970580574812,0.0008418048192228149
env_weather_wind_gusts_10m_mean_futcov_lag-2,0.03578030625949426,0.013464778296499863,0.05308776678392417,0.17281653658342347,0.017983846397114624,0.12669530122145414,0.010617229168164426,0.0006229698671707196,0.0001966392194685529,0.0006711285754319452,0.0026952858545210125,0.00020522696889746506,0.0012967713827388705,0.00015766854349248406,0.061492252101439285,0.0008350986302458642
darts_enc_fc_cyc_dayofweek_sin_futcov_lag-1,0.056244760595943785,0.11267876878249287,0.07277970567328425,0.17678869552394558,0.1967803586942129,0.0,0.06766986978935954,0.000839866169446446,0.0007264468221238385,0.0006100072894891673,0.0017725004366410558,0.0010942756428994338,0.0,0.0007233448623603867,0.09756316557989128,0.0008237773175657612
env_weather_wind_direction_10m_dominant_futcov_lag-1,0.053703803999441725,0.004908256323923256,0.03092494630334468,0.10024959926452383,0.1011035174197455,0.016201750989051016,0.01645369153188371,0.0007479450315023062,6.0575206069612975e-05,0.0010069979249047068,0.0016401418055999484,0.0018025890533572841,0.0001290251158738931,0.0003362344143096996,0.04622079511884481,0.0008176440788024931
rolling_rsum7_7_com_diplo_bluesecondary_ua_pastcov_lag-7,0.030773758557978446,0.0386731823083628,0.16797008525099125,0.08524517666573754,0.06777060137620611,0.03434585598773373,0.009641948820844855,0.0011531873009110293,0.0003935155600280238,0.0016366971773943862,0.0009287819575320543,0.0005105617825587938,0.0006649132951292991,0.00035117260090871126,0.06206008699540782,0.0008055470963517568
env_weather_pressure_msl_max_futcov_lag-2,0.06190412951260585,0.017907742361580305,0.013831861486138857,0.18114651971608153,0.04329181569069011,0.04748556563848509,0.19518103204085158,0.0009213379591012539,0.0001892148752025813,0.00022442185379696334,0.002116392705922543,0.0002998861746254189,0.00023888200056334518,0.0015290115096579626,0.08010695234949049,0.000788449582695724
env_weather_pressure_msl_min_futcov_lag1,0.045068293325356064,0.18291684091969193,0.0755075821880788,0.02871687085744337,0.011330653592290074,0.04966488499679498,0.02112901574172345,0.0003460664833624394,0.0018395844775377812,0.0016106736365573138,0.0004726066901129533,0.0003704028356800837,0.0007021676227475515,0.00016181157165766623,0.05919059166019695,0.0007861876168079699
darts_enc_fc_cyc_dayofweek_sin_futcov_lag2,0.027980702623131293,0.015382047164121062,0.14613767131764446,0.09578815354814876,0.09178873002034707,0.05113764426019174,0.055719580578512916,0.0004488572619609554,0.00014841110773911037,0.0011060446856867578,0.001602029572349961,0.0007705786712415286,0.00043452145387785636,0.0009276970797285511,0.0691335042160139,0.0007768771189406744
env_weather_wind_speed_10m_max_futcov_lag0,0.34768696318131725,0.047161431207291944,0.00896454919205866,0.04058242108300068,0.03200605492555961,0.09249593411828477,0.062124776360288056,0.0020791802731173537,0.00034336999119410905,8.639180432230553e-05,0.0005055870276055252,0.00022674587497364395,0.000893330339530296,0.0012395375189022894,0.0901460185811144,0.0007677346899493604
env_weather_pressure_msl_min_futcov_lag6,0.06244498254073011,0.029609474020583393,0.053032842047247515,0.009258306744947094,0.07428008969549321,0.040870692597461344,0.2084681567490494,0.00036465506605456446,0.0005757354896524624,0.00036988302433458296,0.00016258592584994513,0.0005055129130526082,0.0007636217600953676,0.0024607292547613514,0.06828064919935886,0.0007432462048286974
ewm_expdecay7_acled_other_ua_disrupted_weapons_use_pastcov_lag-14,0.057252971656861086,0.008383722675911599,0.15527338595382065,0.0642553467206521,0.07246322571000784,0.04741446399138312,0.13815730526227304,0.00048699741081357215,0.00021613432524061337,0.001999914593248486,0.0006376795364197773,0.000582446333706943,0.0003247770630546487,0.0009116265808754465,0.0776000602815585,0.0007370822633370695
env_weather_wind_speed_10m_mean_futcov_lag4,0.015561818268749307,0.029865079766583025,0.047741686059517584,0.08891764019631074,0.4527834811679782,0.050939883929786524,0.005536685848182045,0.0001363047944425544,0.0002404913703477174,0.0008868394523801504,0.0006728889622388045,0.0026579840764169526,0.00040582694324293734,3.6264623530946063e-05,0.09876375360530106,0.0007195143175142947
env_weather_pressure_msl_max_futcov_lag3,0.06902708698518993,0.007743897739031099,0.004156820518148049,0.039650790885291776,0.06968910772069209,0.008808299254455757,0.024821745424031497,0.0014743321549286926,5.717599124990258e-05,3.919230255287065e-05,0.00059758187869825,0.002528139092090198,0.00022100397323883137,5.342428125831855e-05,0.03198539264669146,0.0007101213820024377
ewm_ewma14_com_diplo_bluesecondary_ua_pastcov_lag-1,0.02921639256425707,0.04801919622903288,0.0203065942446809,0.027686809992459878,0.018834829775913307,0.0066803683796888315,0.0690902407243314,0.0007615405623208283,0.0018167922091074206,0.0002544095875717689,0.0006430990741866039,0.00029000407446313494,0.00018659653983987834,0.0009810314640283924,0.03140491884433775,0.0007047819302168609
env_weather_pressure_msl_max_futcov_lag5,0.05972888548888781,0.03330989905790548,0.1051247775821264,0.00811097174280359,0.053024906862262695,0.10538053628519163,0.06363277973634632,0.0010192885011381715,0.0001886386345785196,0.0009172786411703715,0.00014537567575452216,0.00020363672066836536,0.001134116141090691,0.0012814736675967441,0.06118753667936056,0.0006985439974281978
darts_enc_fc_cyc_day_cos_futcov_lag5,0.0021439514915589037,0.02868104545885711,0.04292598861419951,0.010713484541782909,0.01117832124317621,0.010400414561571085,0.006517745645763735,8.759082502773907e-05,0.0016708056691297156,0.002155946625292082,0.0003116084833842958,4.828263013201273e-05,0.00031784779287524767,0.0002493485248977745,0.01608013593670135,0.0006916329358198383
darts_enc_fc_cyc_dayofyear_cos_futcov_lag3,0.02094999791185979,0.044551534762202055,0.00922792136200336,0.06697493844255617,0.02659561893842621,0.10736617327115877,0.10577421303988033,0.0006290041595565122,0.000448218503713238,0.0003805180546279319,0.0007689947381633421,0.0006850796607600574,0.000798757188180721,0.0011212108456629232,0.05449148538972667,0.0006902547358092466
rolling_rsum7_7_acled_other_rus_shelling_artillery_missile_attack_pastcov_lag-7,0.03891578090086846,0.02346213343087071,0.05750676776258864,0.060161168628539714,0.13488601910726924,0.05404059553693971,0.03712604206266705,0.0005704354916642007,0.0003674864718302251,0.0009754495268495811,0.0006468782034951825,0.0009414186752106923,0.0009398102570764566,0.00032950442594790184,0.05801407248996337,0.0006815690074391771
darts_enc_fc_cyc_dayofyear_cos_futcov_lag2,0.036338659856515874,0.10916262320011472,0.03631825157858417,0.05860544613622423,0.09734193549228172,0.03265320867254862,0.0658711361629065,0.0006237856645848084,0.0002718976845142773,0.0005574284895320192,0.0007075998283494256,0.0010649307472830882,0.0009112146494771433,0.000617922806587301,0.06232732301416798,0.0006792542671897233
env_weather_pressure_msl_min_futcov_lag4,0.03285765532464159,0.011164416842070302,0.01000508241257773,0.023534897581143625,0.19006847148593248,0.08777425610031256,0.05242055984496934,0.0003685220422651847,0.00011479638927853752,0.00011510266959695592,0.00014886621208549667,0.0013218977800745658,0.0018058766390799841,0.0008016790265958473,0.058260762798806806,0.0006681058227109389
ewm_expdecay7_acled_other_ua_disrupted_weapons_use_pastcov_lag-1,0.03927851118563811,0.11282323265364332,0.08148684265651678,0.037103075038776086,0.0965236559378072,0.03292339330655128,0.015284325406112752,0.0007346125369738443,0.0016647303091018805,0.0005665349341768211,0.0005353376845836477,0.0007024966526333997,0.00018690650089137062,0.0002715724781596096,0.05934614802643508,0.0006660272995029391
env_weather_pressure_msl_min_futcov_lag0,0.12084520098738137,0.0531114546842114,0.04115818432818939,0.019215310931111496,0.028861406573413857,0.09669478459602444,0.017202274987612707,0.000783376557160631,0.001048970392915982,0.0008363431400824073,0.0004961898797257502,0.0008134271836418572,0.0004520517823175307,0.00016862168044640136,0.05386980244113495,0.0006569972308986513
env_weather_pressure_msl_max_futcov_lag0,0.04271597219879047,0.09178739508888524,0.050065793872800565,0.05125954861724343,0.07091833249327648,0.0990702424273479,0.02853989713575182,0.0008067174988865666,0.0014324566793082916,0.00048574125764575535,0.0005343507765192213,0.00041416047786670964,0.0007145326050836953,0.00020610910656693182,0.06205102597629942,0.0006562954859824532
darts_enc_fc_cyc_month_cos_futcov_lag4,0.12657169758768597,0.12209432510063889,0.07388515247873,0.10180868276341279,0.19423047745610242,0.09551853262832007,0.029214685594932812,0.0008734670519800591,0.0003654716814781134,0.00020991092542743672,0.0003692689560450102,0.0021112212796816853,0.00016178826656652046,0.000493247146985909,0.10618907908711757,0.0006549107583092477
env_weather_wind_speed_10m_max_futcov_lag-1,0.04407198194816991,0.04584028370380331,0.06416365465078641,0.02536813954998738,0.10508811318901609,0.0658211357924362,0.05642577649446555,0.0006307228636390994,0.00024983437848593584,0.0009240146793729531,0.0003637476082919422,0.000891533029722913,0.0008580201191264125,0.0006371251060589111,0.05811129790409498,0.0006507139692425954
env_weather_soil_moisture_0_to_100cm_mean_futcov_lag6,0.04127651335360049,0.04714867693271213,0.029741263924034356,0.023287762863533897,0.11221002893039748,0.014151091677743236,0.037191706003159304,0.0006975023642196376,0.0001802019487573414,0.000171788485323332,0.00043658801444990125,0.0019244150104296143,0.0007439369093561465,0.00040002899360045416,0.0435724348121687,0.0006506373894480611
env_weather_pressure_msl_min_futcov_lag5,0.03152710008784795,0.06705055204857595,0.0016722081962578228,0.0207355942143554,0.027383379136323063,0.19735411642874184,0.059801729177587686,0.0006630487232472726,0.0008958916936062211,3.570215944366239e-05,0.00025820412642507673,0.00037093240243621926,0.0015775654391979143,0.0006789722304200163,0.057932097041384245,0.0006400452535394832
env_weather_wind_speed_10m_mean_futcov_lag-2,0.013500261678688683,0.03753550755903652,0.03768120698739629,0.10130480482904068,0.019370080453437907,0.1995430832772567,0.000420846929671691,0.00027621734065612634,0.0003760813156438392,0.0005240969587321231,0.0007597620873440514,0.00014401927312384099,0.002388294449854822,-5.133541320700985e-07,0.05847939881636122,0.0006382797244603904
ewm_expdecay7_acled_other_rus_shelling_artillery_missile_attack_pastcov_lag-1,0.03627284716917846,0.04364966900731841,0.034320718669325886,0.020846668385105842,0.05846170504637316,0.017895751261380835,0.07774184547054712,0.00035683829958412796,0.00037057908058513167,0.00044494957852441174,0.00020036478780267598,0.000596696218425219,0.00027155103094518297,0.0021433531129251724,0.041312743572747106,0.000626333158398846
env_weather_wind_direction_10m_dominant_futcov_lag1,0.012210585775412553,0.02750303709518856,0.010549329016657876,0.01717383744420475,0.01701459214364194,0.09469743123938308,0.09465603587014007,0.0002784059725207566,0.0003490933541078434,0.00015412141944979308,0.0003667095446039159,0.00026908928723015093,0.0014099079730799159,0.0015157203163975064,0.03911497836923269,0.0006204354096271261
env_weather_pressure_msl_min_futcov_lag2,0.04156711441163743,0.021515519180703085,0.17041392394906704,0.06767003246939247,0.037010762207314966,0.014240809005545692,0.021786349959245114,0.0003560400306099609,0.00010801178956332258,0.0015110545072750448,0.0016126212927330742,0.00024849495216117123,4.012513672082552e-05,0.0003242143846590828,0.05345778731184369,0.0006000802991032117
env_weather_wind_direction_10m_dominant_futcov_lag0,0.04653487973401358,0.0021015848923071553,0.005141694405697759,0.011865239965191354,0.05086000461793744,0.0948783107120162,0.012929758873830318,0.0007918540932051688,5.344424288118432e-05,0.00026092063993681246,0.0001290936182246627,0.0009907622714045773,0.0019094024214859396,5.747813464564988e-05,0.03204449617157055,0.0005989936316834278
darts_enc_fc_cyc_month_cos_futcov_lag5,0.03341625836003213,0.01566590125962303,0.0033630250162904433,0.022294583793537177,0.005760743792248948,0.0677298607378268,0.04535430860211193,0.0008624500111919176,0.00028410058534360515,0.0001376119579591384,0.0005234443752489381,5.510183571759697e-05,0.0009946317875998867,0.0012964068497217872,0.027654954508810066,0.0005933924861118387
env_weather_pressure_msl_max_futcov_lag4,0.05076694583121144,0.03981784680038337,0.02550239313798584,0.029529653699961463,0.058296112861579256,0.05227870859577633,0.03584156786938772,0.0013451777265564013,0.0007150213453314125,0.000185885066148761,0.00032512849709638304,0.0004307444013704531,0.0007426639601565421,0.0003538293196462261,0.041719032685183635,0.0005854929023294542
env_weather_wind_direction_10m_dominant_futcov_lag-2,0.004616176580913828,0.010767694954561268,0.04950686271718738,0.03891887196026527,0.023557569655502063,0.020150040574638005,0.011151836816098052,0.00020683882584631162,0.00041487469181866743,0.0013272313607092911,0.0008339155530149523,0.0005415444311125395,0.000345935577483103,0.0004014236566456164,0.02266700760845227,0.0005816805852329258
env_weather_pressure_msl_min_futcov_lag3,0.005725216936803519,0.024755057720340114,0.023892409001546325,0.12512578286894643,0.07401022692999965,0.0760708499454448,0.003029397327482817,0.00021379821604894378,0.0002535594696272625,0.00038074271564245696,0.001180230994548692,0.0010688784547347341,0.0007539362612342338,0.00016154908552674653,0.04751556296150909,0.0005732421710518671
darts_enc_fc_cyc_dayofyear_cos_futcov_lag6,0.06335227506729822,0.07589986213605915,0.09891814868017039,0.06419187405687193,0.0011353901262204482,0.037726164168118304,0.06795716327696705,0.0014308369039314206,0.0007093155197810619,0.0002494990359724669,0.00030525216370125285,0.00018304623692242395,0.00028138525618426335,0.0006290499204337329,0.05845441107310079,0.0005411978624180889
env_weather_pressure_msl_max_futcov_lag1,0.03988049444871512,0.0866159957714612,0.05470448481147369,0.05525438126511408,0.00962386756723331,0.016269357582625533,0.07086784645425674,0.00042519516150079094,0.001080161366483523,0.00023735627332459596,0.0008678530825343645,0.00021253242272250005,8.296963183924699e-05,0.000751243627795084,0.04760234684298282,0.0005224730808857294
env_weather_pressure_msl_min_futcov_lag-2,0.04609175368573705,0.014990620080087532,0.03537873146546346,0.06179857211359294,0.03474049537971861,0.09494403184596428,0.06700977149209565,0.0008441788726266886,0.0003290049170916687,0.0004040841934984885,0.0005422539443701524,0.0002425337799165872,0.0008900979513027484,0.0003875679768264639,0.05070771086609421,0.0005199602336618283
env_weather_wind_direction_10m_dominant_futcov_lag6,0.06958094815975527,0.02698604726057359,0.015181210871229126,0.012281749829057184,0.0162096555514725,0.06894741338435686,0.03897628462531354,0.0013356243312204086,0.0005104444831730337,0.00033862187348083773,0.00015369867441605845,0.00014365419941537728,0.0007182944880862463,0.0004070261283309229,0.035451901383108296,0.0005153377397318407
darts_enc_fc_cyc_dayofyear_cos_futcov_lag0,0.053077923086976175,0.023955953842533715,0.03359936132037315,0.007196352682985111,0.05820636958171224,0.01772092151627274,0.06774368739121543,0.0012313319420368175,0.00031164966580394805,0.0004893755947728895,0.0002950857696201181,0.0009268756556860102,0.00019202293277365,0.00010455809434930518,0.03735722420315265,0.0005072713792918197
rolling_rsum7_7_com_diplo_bluesecondary_ua_pastcov_lag-14,0.009464573399030783,0.02036421317125536,0.0142795771439166,0.03067708947813589,0.03086409689832169,0.011211136853143105,0.012831381854747758,0.0002786143632606874,0.0006528545332225244,0.00022690299602563525,0.001006410519757961,0.0009898217503039764,0.00023504213551541752,0.00015689195635948394,0.01852743839979303,0.0005066483220636694
env_weather_pressure_msl_max_futcov_lag-1,0.0421402805426228,0.060692184814645195,0.015715998252168562,0.008622134056305887,0.14948021956377278,0.0020418714553754433,0.013264971218700104,0.0008244968123901853,0.00039264753443974955,0.0002536000103100067,0.0004583226852665767,0.0015425296777382246,3.7861006714567937e-05,2.851448069463025e-05,0.0417082371290844,0.0005054246010791345
darts_enc_fc_cyc_dayofyear_cos_futcov_lag1,0.00343064825797486,0.07286388347479791,0.028093011121145674,0.05287557181743295,0.020445452577223914,0.03430383673414885,0.0661114443248555,0.00012892692125783257,0.0003865616980054831,0.0002740491042411364,0.0009206142792104411,0.00029712778785544457,0.0008420478629308059,0.0006172417840247579,0.039731978329654236,0.0004952242053608431
env_weather_pressure_msl_min_futcov_lag-1,0.02238624700942809,0.019625156166326062,0.008709953915983375,0.03158999404111864,0.06658480512473791,0.07006054413710913,0.06289177801792141,0.0006261237269170828,0.00017739996361529898,0.00023504449271529725,0.00025068740150369084,0.0006622926873022684,0.0008083956224712807,0.0006826568923543608,0.04026406834466066,0.0004918001124113257
ewm_expdecay7_com_aid_humanitarian_pastcov_lag-14,0.043433398181142543,0.014032648647641923,0.02115912550388679,0.0707233816874605,0.02930481643793236,0.01881167817529029,0.017821994615269343,0.000354350188442476,0.00034897050275244367,0.0002807138961968381,0.0013320310718343054,0.00030454937307700103,0.0005316887121258551,0.0002846296021379091,0.030755291892660536,0.0004909904780809755
env_weather_soil_moisture_0_to_100cm_mean_futcov_lag-1,0.011003580586630736,0.04125017772484104,0.04440738966389103,0.03836650904397235,0.036692851363042754,0.026058661008450078,0.016779057252351685,0.0009934214667808084,0.00013220137547105272,0.0007759338963662987,0.0007048716790626797,0.00031220755498948536,0.00024540334720928313,0.0002434683023648132,0.030651175234739956,0.00048678680317777446
rolling_rsum7_7_com_diplo_bluesecondary_ua_pastcov_lag-1,0.02293578691369708,0.027986552027915383,0.008774169729416508,0.0389133629437151,0.039985522588103256,0.015158628536114667,0.01713587103571945,0.0003916372286116854,0.00037166577936533776,0.0002117821995204494,0.0009047593388337605,0.0007024214194955247,0.00027412264568069664,0.0004814550214087054,0.024412841967811634,0.00047683480470230857
env_weather_soil_moisture_0_to_100cm_mean_futcov_lag0,0.02239655542158672,0.009964720742603432,0.002670745439835066,0.0294260838171021,0.06775487637931837,0.010438368448092525,0.0,0.0004750332076773445,8.735554274432732e-05,0.00021215793917295223,0.0008744188947870768,0.0013383924962077742,0.00024223468296376006,0.0,0.020378764321219742,0.0004613703947933193
darts_enc_fc_cyc_month_cos_futcov_lag-2,0.028889736065844787,0.06308148478250024,0.05809124089224942,0.03568065127511248,0.00121022986133047,0.03467725318185763,0.003004689574803666,0.0009401315382935316,0.00018877716461640492,0.0009311290108096504,0.00022370989725559732,0.00014975600787643374,0.0005478443165449765,0.00020486209097152485,0.03209075509052838,0.0004551728609097313
darts_enc_fc_cyc_week_cos_futcov_lag5,0.07231819924508148,0.013998009410765639,0.012737327785588688,0.03898502050835132,0.08407095377740224,0.04304330102323425,0.10394836353889254,0.0003578029484970546,0.00011790671692577526,0.0006043917162952938,7.87963654734769e-05,0.0008417309874888534,0.00023326968452257456,0.0009497753486658489,0.05272873932704516,0.0004548105382669825
darts_enc_fc_cyc_dayofyear_cos_futcov_lag-1,0.031583005106007936,0.012320294522413986,0.060505200468543435,0.10918886332682981,0.027049926545297438,0.06840615825537098,0.052694261094937696,0.00041157550004999877,0.00028953384040475427,-4.892843210029252e-05,0.0010706107156902346,-0.00017367538602819366,0.000463845653184336,0.001109642413453993,0.05167824418848589,0.0004460863292364043
darts_enc_fc_cyc_dayofyear_sin_futcov_lag3,0.033551083524861726,0.03573933683314286,0.06292275075070564,0.017449678253839022,0.04600798401468845,0.006793441714296132,0.03360475922529396,0.000993275536642746,0.00025311513646029125,0.0006004557860868287,8.34022789777178e-05,0.0007288993732792459,6.003296181888995e-05,0.00025687583417022264,0.03372414775954683,0.0004251509867765632
env_weather_wind_direction_10m_dominant_futcov_lag5,0.020997780505631437,0.04801356626059882,0.007764837051354924,0.029457298030142617,0.041265062502080826,0.027524960670678472,0.017716724988408643,0.00014785935806984618,0.0007587432964006214,0.00022514181592803162,0.0006048224703315119,0.0005232980025821066,0.00035119198531863294,0.00036244069733197825,0.027534318572699393,0.0004247853751375327
darts_enc_fc_cyc_dayofyear_sin_futcov_lag-2,0.07137744686473989,0.08150737828678953,0.001061824251244995,0.021184407723696647,0.03863112088976178,0.025424251392607976,0.0018118963754666427,0.0008600233054673945,0.000773385055976461,0.00020477006599926018,0.00027131843280521207,0.0002814424592768594,0.00047841393246694786,7.232194051409735e-06,0.034428332254901065,0.00041094077800622075
darts_enc_fc_cyc_month_cos_futcov_lag6,0.016054314013484058,0.003931818045975666,0.04190710829546988,0.04255810112042358,0.01663935316879124,0.010147827566786376,0.04753817916495889,0.00041713267367624594,6.858732664349887e-06,0.0005175160059479155,0.0009244042535717867,5.9344523282245375e-05,0.0003934075826684147,0.00046046356636086916,0.02553952876798424,0.00039701819116740386
env_weather_cloud_cover_mean_futcov_lag-1,0.026215075962293728,0.004036234555962179,0.02207678209537618,0.012714018814270176,0.054635803094064884,0.006821409810215499,0.005650909125816501,0.0006132745848359544,4.743286777848521e-05,0.0006181215489359682,6.313247232601072e-05,0.001023424861002553,0.000174665893146031,0.00018209073407113863,0.018878604779714165,0.00038887756601373446
darts_enc_fc_cyc_day_cos_futcov_lag4,0.02639129996682328,0.02419008469147555,0.06774573356831515,0.0029919873398795323,0.011733368665323022,0.008991270463940234,0.012961865893531295,0.0006141670550346756,0.0010692208559385241,0.0004969417966607548,4.4171819205751636e-05,6.931765298923143e-05,0.00011785005419828742,0.00030808480574224807,0.02214365865561258,0.0003885362913956391
env_weather_wind_direction_10m_dominant_futcov_lag4,0.03196354894958619,0.02294089564886361,0.03161824520228945,0.038702993114870986,0.0660007229071707,0.049140193037662476,0.011453717980663154,0.0003690038056421541,0.0002841956882051244,0.00031889601447201434,0.0007445599126395975,0.00035521162150569107,0.00039605403432037,0.00017052081316459855,0.03597433097730094,0.0003769202699927928
darts_enc_fc_cyc_month_cos_futcov_lag0,0.034408646120456944,0.01965224885816414,0.00816516724157744,0.014494332664742066,0.02338519224011526,0.014494654201093925,0.005423023903728113,0.0010962057216513665,0.00019444596811357684,0.00013862216694988662,0.0003437081992420543,0.0003477215624692276,0.00028903014355232683,0.0001438188255380002,0.017146180747125414,0.0003647932267880627
darts_enc_fc_cyc_dayofyear_cos_futcov_lag4,0.08531051316285898,0.07301355829251241,0.0455378336498797,0.03363387898251757,0.009399507768870021,0.03665542017997379,0.05490740970367602,0.0006045118882719303,0.0006325329150969727,0.00027796688689067927,6.391517023318638e-05,0.00014751773407828406,0.00024392237249257765,0.00047402049894251785,0.04835116024861264,0.00034919820942944975
darts_enc_fc_cyc_week_cos_futcov_lag-2,0.07627873336376406,0.0925551965354979,0.0334641404698656,0.028726055170051973,0.0334818655609484,0.053789167479361896,0.019038543907856077,-0.00011985821107038941,0.0004117468821742687,0.00046941876670563153,0.0008227490271068172,0.00034706005950346785,0.00017355908319358627,0.0002710848843372471,0.04819052892676371,0.00033939435599294706
env_weather_cloud_cover_mean_futcov_lag-2,0.004846710977914822,0.03930709559235966,0.0033459905992366396,0.05364735085653982,0.020972307910850693,0.017557260769272595,0.010470809378966217,8.443432248632643e-05,0.0007123731568319469,2.7638016696140966e-05,0.0010465231522314821,0.0003374374081466458,1.3768722687323987e-05,0.00011892766109400377,0.021449646583591494,0.0003344432057391243
darts_enc_fc_cyc_week_cos_futcov_lag2,0.0009035982528736398,0.06310461145877738,0.12625721125292583,0.05405868588008077,0.02076813736269611,0.021238947219013444,0.0,6.975809742659766e-05,4.068942256441055e-05,0.0010344158579845165,0.0006270150476932912,0.0001568644250384388,0.0003979249292517917,0.0,0.04090445591805245,0.0003323811114227209
env_weather_wind_direction_10m_dominant_futcov_lag3,0.02603765659147498,0.007110193732232769,0.03436338397781491,0.041034593897186104,0.030559573933203188,0.01873688247695555,0.012441934008477583,0.0003261619938526028,0.0002188215155302764,0.00038060293475881133,0.0005467056508495105,0.0004424209769240628,0.0002141265352298527,0.0001516738118373828,0.024326316945335012,0.0003257876312832142
darts_enc_fc_cyc_dayofyear_sin_futcov_lag0,0.06564633644594375,0.06478157760436264,0.0493908895913446,0.01832615823497859,0.06733268862491926,0.0,0.008759083803594737,0.0006046362340828449,0.0003104737706068894,0.00017424924175712952,4.606128554420774e-05,0.0006222640616562857,0.0,0.0004567705620028173,0.03917667632930623,0.0003163507365214535
env_weather_soil_moisture_0_to_100cm_mean_futcov_lag4,0.04155660887296156,0.008684002651550293,0.06857118642895402,0.016058929715086837,0.026578430761895987,0.0511340116911147,0.06262334298290381,0.00039905149081693737,5.884497037871306e-05,0.0003901207187467781,0.00020835767992601894,0.000269840407430455,0.00048052592094343093,0.000398881400411133,0.03931521615778103,0.00031508894123620946
darts_enc_fc_cyc_month_cos_futcov_lag2,0.013050292654586333,0.0,0.020707948633128706,0.03056970599329038,0.039218622482940155,0.058614306616439085,0.06271335654917311,0.0002447855675370869,0.0,6.259206577670095e-05,0.0008389883321631819,0.0002810930316983429,0.0005698712481824186,0.00018859402690392103,0.03212489041850825,0.0003122748960373789
darts_enc_fc_cyc_day_sin_futcov_lag6,0.02285079791107935,0.027379406289183675,0.037371910465609136,0.01232839412428207,0.027763400377659838,0.06438430265796084,0.06390742397011753,6.352450446618363e-05,0.00011899522096687764,0.0001824535975096353,0.0001170728677523103,0.0002494286930876166,0.0009390222524241932,0.0005055685833799117,0.03656937654227036,0.0003108665313695326
darts_enc_fc_cyc_month_sin_futcov_lag0,0.0,0.1235542485121061,0.02612151530369365,0.03573272769308152,0.00866475246217033,0.14560307851585597,0.0,0.0,0.0006512222061271667,0.0006033268356046451,0.00025191980890737486,0.00034877051422996794,0.00031924572499384405,0.0,0.04852518892670109,0.00031064072712328557
env_weather_soil_moisture_0_to_100cm_mean_futcov_lag-2,0.02503350896987443,0.009087028538732106,0.0065401360687331956,0.011191564413363162,0.009019937344400928,0.008295853042805649,0.003274250127455405,0.000605039413487618,0.00021619835366628592,0.0006022777248368306,0.0004654881412462286,0.00011111207071599072,3.4004647275298615e-05,9.06299175481573e-05,0.010348896929337839,0.00030353575268234425
darts_enc_fc_cyc_week_cos_futcov_lag3,0.09957304841447788,0.06034651936174045,0.07007495236628528,0.0697369996932771,0.07033691219448586,0.07578909068693307,0.08851008044401919,0.00013325030833557516,3.6123984893499106e-05,0.0005714277655905819,0.0004141720830135753,0.0004847058935363302,0.00025164334707743484,0.00020369343563111375,0.07633822902303125,0.0002992881168683015
env_weather_soil_moisture_0_to_100cm_mean_futcov_lag2,0.022752761228030906,0.014997803843074645,0.03070222754480386,0.041446646447211376,0.024749383803934964,0.0027445962297071988,0.00520638891821555,0.0007355975178796825,0.00047156976282920483,0.0004973864264457451,0.00022597239722046413,1.6630935996242435e-05,5.4374482540087143e-05,8.432809415579446e-05,0.020371401144996925,0.0002979799452953172
darts_enc_fc_cyc_day_cos_futcov_lag-2,0.032603267388916266,0.020925233608705466,0.026826540470076467,0.005771120695841711,0.0019523656713889654,0.05984194148555789,0.02304570145827413,0.00028795273545516585,0.00035811468271167434,0.00031414757278003247,4.5046908751955606e-05,9.900116248153789e-05,0.0007692273098879765,0.00010599374531279348,0.02442373868268013,0.0002827834453401623
env_weather_soil_moisture_0_to_100cm_mean_futcov_lag5,0.03655359557047607,0.0,0.002937974254163075,0.0012164233252286826,0.012095697707120063,0.014750149338381582,0.006645528733309901,0.0012235797833950236,0.0,3.8842566624097684e-05,0.00013727579139051206,0.00023185398115894708,0.0003000915598149412,4.32445267633863e-05,0.010599909846954195,0.00028212688702098683
darts_enc_fc_cyc_day_sin_futcov_lag0,0.04491093324541815,0.029910338578198137,0.0055287893707785885,0.0076003196753312045,0.033099077944302856,0.0,0.014470933435273446,0.0006297920602979623,0.0001500961405433765,2.1377008658785e-05,0.0001866758151755077,0.0007872487886265711,0.0,0.00019957661366025724,0.019360056035614626,0.00028210948956606564
darts_enc_fc_cyc_week_cos_futcov_lag1,0.07642163765112334,0.021497069950486163,0.027987090146924784,0.02204584539381148,0.0,0.021886393808057517,0.008895766581954801,0.0005665795239285121,0.00022193992303731758,0.0004417733200914986,0.0002535198038258413,0.0,0.0003261247056325356,0.00014450107368124687,0.02553340050462258,0.0002792054785995646
darts_enc_fc_cyc_day_sin_futcov_lag4,0.008305353274545535,0.003735812264418768,0.017187415805750065,0.05541464180805698,0.03548001171648826,0.00945676986833321,0.011627694244173929,0.0001294665824845609,0.00012396240288030657,0.00023960992383253998,0.0007366759477393847,0.0005006310543548498,2.75988326268628e-05,0.0001929319761714954,0.020172528425966677,0.00027869667429857145
env_weather_wind_direction_10m_dominant_futcov_lag2,0.015512596311027419,0.020578959128218343,0.03845423964276885,0.027278590267925906,0.012481529075410377,0.016248935619462564,0.03090119705232675,0.0001781272843022208,0.00020631094193370724,0.0003699747507653228,0.0002087551671014376,0.00034910103782976877,0.0003667961486943483,0.00023833597300044752,0.023065149585305745,0.0002739144719467504
darts_enc_fc_cyc_week_sin_futcov_lag3,0.023062937928509844,0.005650279053006535,0.027376417268470458,0.0034882298604684376,0.05247286303941188,0.009122461893388821,0.008711090874323221,0.0007804014478805854,0.00011685606846230101,0.00021647053115281256,0.00013830190772876617,0.0002236390843447955,8.400480399917143e-05,0.0003031564150983268,0.018554897131082743,0.00026611860838096554
darts_enc_fc_cyc_week_cos_futcov_lag6,0.019972401108375695,0.05599384550332258,0.0016857619870066813,0.020545385869623834,0.01673472103858237,0.006785337632461147,0.015844065956870886,0.0001611955844505797,0.0002388098348200751,0.0003336823498833352,8.291860625402326e-05,0.0005010689546784075,2.285273809561339e-05,0.000517217030402084,0.019651645585177596,0.00026539215694058833
darts_enc_fc_cyc_dayofyear_cos_futcov_lag5,0.0035958511372694395,0.013813878452725366,0.03109646394917808,0.023474901806336403,0.01949939446259563,0.04320420800126555,0.0074051605538421345,0.00025225483914523836,0.0005133768797307203,0.00023735856430580072,6.577106569891634e-05,0.0001929857399951995,0.0005427513326706768,3.6705754036736596e-05,0.02029855119474466,0.0002630291679404698
darts_enc_fc_cyc_day_sin_futcov_lag2,0.023847193481871375,0.07152281959903127,0.017979739008632374,0.009484983496884864,0.0173193857582663,0.004540063052635627,0.005231734306135291,0.00042628304522684957,0.0009730564016517285,0.00014660594115261104,0.00015412903218616769,3.4522231216804755e-05,2.3474656484134827e-05,4.9213430643457734e-05,0.021417988386208158,0.00025818353408025056
darts_enc_fc_cyc_week_sin_futcov_lag5,0.019215013128754295,0.05905508959932639,0.028160912217387587,0.0367630121088314,0.0020156306802143202,0.015467440483863596,0.030079504521716278,0.00016372717429937733,0.0006666885798324751,0.00019613430139306943,0.00024559109454724837,1.9131003159045257e-05,8.517110341828004e-05,0.0003634729950426241,0.02725094324858484,0.0002485594645274457
darts_enc_fc_cyc_month_cos_futcov_lag1,0.0170454134107858,0.0,0.030679177382575532,0.07061072999620084,0.03500593833909592,0.028607327389809232,0.008368539757375162,2.952376243103849e-06,0.0,0.0005473584202517978,0.0003833635443881489,0.0004106160721108143,0.0003839411486255662,1.0644368945555983e-05,0.027188160896548928,0.0002484108472235696
darts_enc_fc_cyc_month_sin_futcov_lag1,0.02005497758078395,0.04580320162890584,0.04416061729817427,0.0,0.06131074854050769,0.008636095440653897,0.0,0.0001529556240194907,0.00028612095115361226,0.00028471596773274046,0.0,0.0009316937661078218,1.9471985547769856e-05,0.0,0.02570937721271795,0.0002392797563659193
darts_enc_fc_cyc_dayofyear_sin_futcov_lag1,0.07263627182281872,0.03712196612807354,0.012393374798721815,0.004495027074728544,0.019533561390011035,0.0026747473678242375,0.018989809746324113,0.00043916226614866273,2.783012892841885e-05,0.0003388594386974919,0.00037742663618773876,0.00035328204088129754,6.024705303806499e-05,4.6250710921880155e-05,0.02397782261835743,0.00023472261068622217
darts_enc_fc_cyc_week_sin_futcov_lag4,0.008473283903139154,0.014484160159765785,0.04359376437579358,0.02579315485049394,0.006467388383214384,0.0037391942977756574,0.0,0.00046315458182495385,2.1632698992957166e-05,0.0005035250825466964,0.0004894489213855602,7.226468563370503e-06,0.00015209158523845633,0.0,0.0146501351385975,0.00023386847693599922
darts_enc_fc_cyc_day_sin_futcov_lag1,0.057528358758408414,0.02701264404443365,0.003952431732873074,0.0,0.0,0.01056710369200467,0.0,0.0009572132860141025,0.00044877226224087073,1.293473044230442e-05,0.0,0.0,0.00020979999968822048,0.0,0.01415150546110283,0.0002326743254836426
darts_enc_fc_cyc_day_sin_futcov_lag-1,0.011696999232653663,0.013908585409629337,0.01498829675037392,0.03325438771427035,0.023689398243430634,0.022302645475084513,0.002231760176075974,7.753325352577445e-05,0.00022957652835342568,0.0003492320459446363,0.0002272671577589147,0.0005935377734847868,0.00015401692648739918,-4.0653648009092436e-06,0.017438867571645485,0.0002324426172505754
env_weather_pressure_msl_max_futcov_lag6,0.0022792523761938823,0.00901451164479178,0.0029287577595046724,0.04404264024236368,0.0019944320745412373,0.036763770115976806,0.02229545750255626,3.0544810339327985e-05,0.0001887045019276501,5.786322956369272e-05,0.0002595060718204367,-6.174883351306449e-08,0.0008947337042430004,0.0001001340024976649,0.01704554595941833,0.00021877493879403709
darts_enc_fc_cyc_day_sin_futcov_lag3,0.017668710607354168,0.023397864829292864,0.04350054151809811,0.01829551091185977,0.019782451327371525,0.0,0.0,0.0002833272421175481,0.0006154148074630994,0.0003526202339377615,0.00017341557267862572,5.971519905398903e-05,0.0,0.0,0.017520725599139492,0.000212070436464432
darts_enc_fc_cyc_month_sin_futcov_lag-2,0.005088178796878499,0.011204421837920295,0.03503216304490795,0.03894063338645231,0.010210618498486805,0.020453964248868355,0.05415545969383148,4.4903087838887856e-05,0.000255034842233659,0.00024283859434617305,0.00022806687653187385,6.95696606523466e-05,-4.013461024432452e-06,0.0006455294646478648,0.025012205643906528,0.00021170415217519611
darts_enc_fc_cyc_day_cos_futcov_lag6,0.014584035600888471,0.009688125192674854,0.006601091061416041,0.0020789988438405615,0.016700536376509992,0.009951761254348499,0.0,7.278440209697034e-05,0.0009026668936606308,6.019253489177867e-05,1.916027388388919e-05,0.0004029922111674411,1.8478817581457642e-05,0.0,0.008514935475668345,0.0002108964476117382
darts_enc_fc_cyc_month_cos_futcov_lag3,0.03126739118809894,0.0,0.04455937171329412,0.07506726794101669,0.059883397824081225,0.07590305749684881,0.02612496108573759,1.937365644750777e-05,0.0,8.464510608934273e-05,0.0002681818472884068,0.0004635680789361496,0.00016904315501298228,0.00043487232176522286,0.04468649246415391,0.00020566916650565886
darts_enc_fc_cyc_month_cos_futcov_lag-1,0.012938733486627345,0.0025697249719844836,0.041788869481967,0.030089613113384917,0.022996122328665908,0.004745993361326654,0.0012612748035348295,0.0003508447548558058,0.00028841249141504656,0.00026892625478436294,0.00043603304495574145,0.00010101272980300724,-8.866442951971365e-06,2.0929037806816096e-06,0.016627190221070162,0.00020549367666323915
darts_enc_fc_cyc_day_cos_futcov_lag3,0.04102236578494701,0.05850251567878648,0.0020281696764216273,0.021599604569081467,0.014089424604843505,0.006780509683404546,0.006551836964725819,0.0007515931462040992,0.0004505245391821511,-2.087254377558523e-06,3.2683167180103113e-05,0.00012767190584723754,4.6046584098347054e-05,4.971392889840942e-06,0.021510632423172922,0.00020162906871774576
env_weather_soil_moisture_0_to_100cm_mean_futcov_lag1,0.002274511002406283,0.03629317077150245,0.033367329851446824,0.011150470187777055,0.00808328955259418,0.0025195953592907867,0.024162907902250046,0.0004382245074684876,0.00022414540986956944,0.00036253181867142994,0.0001888165553366239,0.00014619326016023225,-6.0329925409630115e-05,0.00010559307623672076,0.01683589637532395,0.00020073924319049058
darts_enc_fc_cyc_week_sin_futcov_lag-2,0.025212897104505694,0.01718474863632569,0.012380666029261904,0.023494023247080803,0.02209254065020577,0.04215607162074292,0.007463297717796425,0.0002338028318058516,0.0003494737253218583,0.00011652769071868185,6.931297730419227e-05,0.00015800112536696888,0.0003607123962084735,7.645584477420365e-05,0.021426320715131314,0.00019489808450003286
darts_enc_fc_cyc_month_sin_futcov_lag4,0.004168328588842264,0.03599774725335959,0.0010776764521236615,0.02302644104601342,0.007107064954353416,0.011693310066572189,0.009712122593672101,7.736512156797382e-05,0.000525008525054016,0.0001055138052697524,0.00024134660824062237,8.75500563607412e-05,0.00011847342816835304,0.00014437237483042598,0.013254670136419521,0.00018566141707026927
darts_enc_fc_cyc_day_cos_futcov_lag-1,0.02158666308274729,0.039472310602776964,0.0060798348430083655,0.01517220294720204,0.007932280486063339,0.021060657864396315,0.013033453428064197,0.00036099799992428405,0.000299874582943116,4.109191730461425e-06,0.00013922256725120707,7.253579824069156e-05,0.00030125890173395844,9.527493800909337e-05,0.017762486179179787,0.00018189628283325882
darts_enc_fc_cyc_week_sin_futcov_lag1,0.012161392235758423,0.009030530163132829,0.023157936911555436,0.050767447007843504,0.004035915733345209,0.01868930341357373,0.013637285021120105,7.061667810526195e-05,0.00015528904115020837,0.000361384873730608,0.0005190288361757389,5.2954181033149085e-05,1.5036079102914712e-06,7.365103202601197e-05,0.018782830069475603,0.00017634689287589566
env_weather_soil_moisture_0_to_100cm_mean_futcov_lag3,0.014934357969176453,0.006196663777037977,0.00811885960667263,0.007468799508176978,0.023936623051990007,0.006343865068413866,0.001140581484990882,0.0007005202593842741,0.00010794680804016021,6.37058790398104e-05,-6.784178464804835e-05,0.0004479219410856494,-5.8690670585548335e-05,2.638766930513903e-05,0.00973425006663697,0.00017427858594591948
darts_enc_fc_cyc_month_sin_futcov_lag3,0.041258959594445505,0.00789245521133825,0.016240095749752055,0.007905930715798974,0.04882673295075223,0.029949247088124395,0.0,0.0004896575232034683,0.00019461251801056179,-4.16846817301586e-05,0.00012842573232578757,0.00021512108925780815,0.00022053556811783004,0.0,0.021724774472887343,0.00017238110702647106
darts_enc_fc_cyc_dayofyear_sin_futcov_lag2,0.015960709715291285,0.0,0.0248586843406495,0.012412056356636739,0.012988723101269911,0.009254109549044428,0.013478802200997264,0.0003455411991790891,0.0,0.00042882536383110904,1.0618768441772453e-05,0.00022515561352860481,0.0001598663345887985,3.235210800283106e-05,0.01270758360912702,0.0001717656267960293
darts_enc_fc_cyc_week_cos_futcov_lag-1,0.024094453788384932,0.08949400427944998,0.01635268257243853,0.05882453588808037,0.019108644249401334,0.025727298345415556,0.020558754791815896,0.00017135941718515735,-4.7014654030208546e-05,0.00021370782368868024,0.0004033807220331642,0.00020083707297302578,0.00010390043656025583,0.00013604264452611315,0.03630862484499808,0.00016888763756231257
darts_enc_fc_cyc_month_sin_futcov_lag2,0.06174554055899567,0.011129695007005207,0.017072789487764955,0.010507759346208222,0.0,0.0,0.012496722286713027,0.0004035604671017268,0.00014347547583051234,0.00011926105200692483,0.00038628263268802865,0.0,0.0,0.0001236872728439975,0.01613607238381244,0.00016803812863874144
darts_enc_fc_cyc_week_cos_futcov_lag4,0.03889888699929096,0.02090312765976328,0.014112340728849758,0.0012981938475781548,0.06554457018664382,0.009855907351206204,0.006024176419116848,0.00016792762664463723,2.0999511633812418e-05,0.00015342413323573555,0.00012527083662039473,0.00022376849683201084,0.0004763551724011883,-1.795186459174758e-06,0.022376743313207003,0.00016656437012980063
darts_enc_fc_cyc_month_sin_futcov_lag5,0.016279775219206285,0.003136197892176638,0.019650058513521945,0.005475953783561367,0.005069954202796378,0.0016355832187434157,0.0,0.00023751810700092246,0.00028504685993788745,0.0002897483684244806,7.439225862593268e-05,6.71789128277478e-05,0.0001817628776198843,0.0,0.007321074690000861,0.00016223534063383648
darts_enc_fc_cyc_dayofyear_sin_futcov_lag4,0.02379788453667821,0.003295824267433532,0.051162254716329805,0.017699582472482007,0.036337591146393795,0.028666185737257197,0.019227764077784745,9.062354258626559e-05,4.772731143523057e-05,0.0001990264099668515,6.635939069032926e-05,0.0002037251610718327,0.0003280447587492574,0.00014383753152036327,0.02574101242205133,0.00015419201514573288
darts_enc_fc_cyc_day_sin_futcov_lag5,0.021941327288806167,0.0,0.004257718536071453,0.02856024485657941,0.0,0.008249996178636837,0.0038583580022238982,0.00037662476323314654,0.0,2.920348759465341e-05,0.0002347859422705767,0.0,0.00020595796695510593,0.00022995727651147212,0.009552520694616823,0.00015378991950927923
darts_enc_fc_cyc_day_sin_futcov_lag-2,0.011259980165644695,0.005821949267231925,0.014013336249438933,0.013144449334649718,0.0031466690469255537,0.025401597971496066,0.012364524572235285,7.796456205590995e-05,5.1976202460157775e-05,9.095196846244935e-05,0.00032116966282869086,1.1242559047741629e-05,0.0003869500613238763,0.0001122462619477016,0.012164643801088882,0.00015035732544664682
darts_enc_fc_cyc_dayofyear_sin_futcov_lag5,0.019509325368004937,0.013898246865906908,0.016266128354306887,0.0020541268660729736,0.003894590797417233,0.008539144634399087,0.04742296201494824,0.00013250423611130824,5.996799054399649e-05,0.0003311414099601118,4.8718870144837115e-05,0.00011157225043672004,2.1870163495263385e-05,0.0003419156534003154,0.01594064641443661,0.00014967008201322176
darts_enc_fc_cyc_week_cos_futcov_lag0,0.0033263781184232435,0.07354805587071912,0.007746899321491569,0.05579628839918735,0.017881716538451557,0.0016327858730647176,0.0,8.068131759229047e-05,8.317113908937746e-05,0.0006197507095845767,4.357000085035701e-05,0.00013094191051397087,2.126315543680146e-05,0.0,0.022847446303048226,0.000139911176152482
darts_enc_fc_cyc_day_cos_futcov_lag1,0.025902647507601108,0.0297281992647645,0.03798500524842028,0.00854882176413975,0.01834842741624929,0.0014787872817414345,0.0036598405996699983,2.1440555800800178e-05,0.000155516059123717,0.00018788790347112894,2.341915496943958e-05,0.0002524437981484606,0.00011967837048687535,0.00013840286730226747,0.017950247011798048,0.0001283983870432413
darts_enc_fc_cyc_week_sin_futcov_lag-1,0.02496085565812382,0.005648056662115215,0.006595640539883801,0.0,0.0023998777027158715,0.0,0.0,0.0003921891685016998,0.00021068837043782817,0.00021214535848699257,0.0,3.981846653655641e-05,0.0,0.0,0.0056577757946912445,0.00012212019485186815
darts_enc_fc_cyc_week_sin_futcov_lag2,0.012443374464019925,0.0079540297639275,0.007853620167290009,0.006193359659375517,0.0246383968728166,0.03387388885824718,0.042580916974564405,0.0003519662420384595,7.865913152460546e-05,0.00014319396429263165,0.00011549001499471246,0.00010533800337590993,0.00010312629812383455,-6.599140793897006e-05,0.01936251239432016,0.00011882603520159765
darts_enc_fc_cyc_day_cos_futcov_lag2,0.010497724720438669,0.00939629278765378,0.0015560784355845275,0.015472462746323233,0.0,0.031815151215936824,0.015408746876709003,0.00014682953362799012,0.00020827993984922076,3.838846031882781e-05,0.00018994065284116957,0.0,1.8843600617191035e-05,0.00010089793373186939,0.012020922397520862,0.00010045430299803837
darts_enc_fc_cyc_dayofyear_sin_futcov_lag6,0.005312859734551989,0.007827292367313311,0.017152271616623405,0.032828629745210926,0.015665892450019744,0.002435504663314237,0.005811295644643312,4.960546203798266e-05,-7.878459258185977e-05,0.00016825433336944417,0.0002714389784803428,0.00013237389408353727,4.869169277796903e-05,4.111295657160951e-06,0.012433392317382417,8.509872340351102e-05
darts_enc_fc_cyc_dayofyear_sin_futcov_lag-1,0.006470492196811043,0.0028321564681809807,0.015535382851396738,0.01131003320714169,0.020527700724665386,0.027885185411873844,0.027375159040622286,6.489331240340235e-05,-1.3844747328350948e-05,0.00011006181343842236,7.537960216716933e-05,7.160715458907064e-05,9.125002906176238e-05,0.00016695530002388547,0.015990872842955996,8.090035205076595e-05
darts_enc_fc_cyc_month_sin_futcov_lag-1,0.0,0.0,0.0,0.008429545003603418,0.0,0.009661056436849969,0.020936119815179934,0.0,0.0,0.0,0.00013611641876425383,0.0,6.906323948323579e-05,0.0002611969005560155,0.005575245893661903,6.662522268621501e-05
darts_enc_fc_cyc_month_sin_futcov_lag6,0.0,0.0,0.006333032362628305,0.007194946331243679,0.0,0.0,0.0,0.0,0.0,0.00027806890725305954,0.00011251927230353509,0.0,0.0,0.0,0.0019325683848388548,5.57983113652278e-05
darts_enc_fc_cyc_week_sin_futcov_lag6,0.041879006085011744,0.00095869845837379,0.0043170366543771035,0.0015394001195285774,0.0,0.0,0.014315902159758377,0.00014264073960255086,6.216305232447095e-05,-1.0884337119532183e-05,3.2707805005438574e-05,0.0,0.0,0.0001119640693885593,0.009001434782435657,4.837018988592679e-05
darts_enc_fc_cyc_day_cos_futcov_lag0,0.0035872121745509516,0.0037455793386369477,0.016648714902183864,0.004318709058371092,0.0,0.0,0.006713786540161011,0.00020064542289566223,2.27674410592682e-05,1.0145512743608975e-05,4.4388526738914356e-05,0.0,0.0,4.576589182236912e-05,0.005002000287700552,4.624468503711755e-05
darts_enc_fc_cyc_week_sin_futcov_lag0,0.0,0.0,0.013607635863038418,0.0,0.0,0.0,0.0007107065987924124,0.0,0.0,0.00013454634640079898,0.0,0.0,0.0,8.146313243522219e-05,0.0020454774945472616,3.085849697657445e-05
Activity_Level_statcov_target_act_drone_strike_on_ua,0.0,0.0,0.0,0.0,0.0,0.0,0.0,0.0,0.0,0.0,0.0,0.0,0.0,0.0,0.0,0.0
