{
  "MAE": 0.9840197800205027,
  "RMSE": 2.0479626958746144,
  "MedAE": 0.41672463534756765,
  "ME": -0.14451521241567417,
  "PoissonDev": 1.575583866110809,
  "TweedieDev": 2.4042048065519195,
  "ZeroAcc": 0.769163763066202,
  "n": 22960,
  "R2": 0.37831231109821506,
  "MASE_mean": 7.4748021148968276,
  "MASE_median": 5.38802216975523,
  "RMSSE_mean": 1.866587659482628
}