{
  "MAE": 0.4809670322571024,
  "RMSE": 1.1436719736327339,
  "MedAE": 0.05598820680453567,
  "ME": -0.1492928803363889,
  "PoissonDev": 0.8355346613471082,
  "TweedieDev": 1.6708170277481857,
  "ZeroAcc": 0.8574141048824593,
  "n": 11060,
  "R2": 0.4180760201622774,
  "MASE_mean": 1.6624377925219984,
  "MASE_median": 1.359296619524974,
  "RMSSE_mean": 0.9393960102805264
}