{
  "MAE": 0.7982545798661235,
  "RMSE": 2.015277964473965,
  "MedAE": 0.09836575930574858,
  "ME": -0.4050294859357227,
  "PoissonDev": 1.3783209111904553,
  "TweedieDev": 2.039366319608466,
  "ZeroAcc": 0.8695993031358885,
  "n": 22960,
  "R2": 0.3979977748393808,
  "MASE_mean": 2.5851992323679416,
  "MASE_median": 2.198341546295601,
  "RMSSE_mean": 1.4839587331635506
}