{
  "MAE": 1.7660089125475924,
  "RMSE": 3.19882047688553,
  "MedAE": 1.0190865042987756,
  "ME": -0.948547957712545,
  "PoissonDev": 1.77432582218414,
  "TweedieDev": 0.8668646502298313,
  "ZeroAcc": 1.0,
  "n": 6748,
  "R2": 0.2625153022280041,
  "MASE_mean": 5.903815654600992,
  "MASE_median": 3.741342916932768,
  "RMSSE_mean": 1.7325868147681398
}