{
  "F1": 0.6555661274976213,
  "Precision": 0.6811665842807711,
  "Recall": 0.6318202659330582,
  "ROC_AUC": 0.9019507207270151,
  "PR_AUC": 0.7351012989614073,
  "Brier": 0.09019699899142589,
  "TP": 1378,
  "FP": 645,
  "TN": 8234,
  "FN": 803,
  "n": 11060
}