{
  "MAE": 1.3026675138279245,
  "RMSE": 2.016854052983326,
  "MedAE": 0.734979821940938,
  "ME": -0.6325366986259674,
  "PoissonDev": 1.1383587915325633,
  "TweedieDev": 0.6604095179613968,
  "ZeroAcc": 1.0,
  "n": 2181,
  "R2": 0.23046723368423327,
  "MASE_mean": 5.04732015988188,
  "MASE_median": 2.594779554847135,
  "RMSSE_mean": 1.1809027118829614
}