{
  "F1": 0.6462423832092079,
  "Precision": 0.5122082103568554,
  "Recall": 0.8752865657955067,
  "ROC_AUC": 0.9019178264980725,
  "PR_AUC": 0.7350066467249973,
  "Brier": 0.149154354181356,
  "TP": 1909,
  "FP": 1818,
  "TN": 7061,
  "FN": 272,
  "n": 11060
}