{
  "F1": 0.7458376690946931,
  "Precision": 0.6645804357904497,
  "Recall": 0.8497332542975696,
  "ROC_AUC": 0.906435601136161,
  "PR_AUC": 0.8166953405333,
  "Brier": 0.14657948453403294,
  "TP": 5734,
  "FP": 2894,
  "TN": 13318,
  "FN": 1014,
  "n": 22960
}