{
  "MAE": 0.6907337568184057,
  "RMSE": 1.182183440088167,
  "MedAE": 0.3821385028351536,
  "ME": 0.12061847362896964,
  "PoissonDev": 1.1532144470237655,
  "TweedieDev": 2.382672294295677,
  "ZeroAcc": 0.7454792043399638,
  "n": 11060,
  "R2": 0.3782253098954409,
  "MASE_mean": 6.897394349246366,
  "MASE_median": 5.113506548508507,
  "RMSSE_mean": 1.4784351734924246
}