{
  "F1": 0.7622860731669022,
  "Precision": 0.8105175292153589,
  "Recall": 0.7194724362774155,
  "ROC_AUC": 0.9063932239849264,
  "PR_AUC": 0.8168561892091594,
  "Brier": 0.10636005469281085,
  "TP": 4855,
  "FP": 1135,
  "TN": 15077,
  "FN": 1893,
  "n": 22960
}