F1,Precision,Recall,ROC_AUC,PR_AUC,Brier,TP,FP,TN,FN,n,horizon
0.7445652173913043,0.6591820368885325,0.8553590010405827,0.9063349904579596,0.8123216767749759,0.14718840765871055,822,425,1894,139,3280,1
0.7423898228078146,0.6594027441485069,0.8492723492723493,0.9062036417515279,0.8205098238829855,0.14799117409029258,817,422,1896,145,3280,2
0.74408014571949,0.6636880584890333,0.8466321243523316,0.9059197170962074,0.8191663635284898,0.14759473344668864,817,414,1901,148,3280,3
0.7463768115942029,0.661847389558233,0.8556593977154725,0.9063399291255971,0.8196162923005719,0.14677325614698788,824,421,1896,139,3280,4
0.7414500683994528,0.6604386677497969,0.8451143451143451,0.9053982302472381,0.8168212520538626,0.1457965221953652,813,418,1900,149,3280,5
0.758364312267658,0.6868686868686869,0.8464730290456431,0.9073444520886633,0.8117771716218332,0.14498613645409444,816,372,1944,148,3280,6
0.7439134355275022,0.6615878107457899,0.8496395468589083,0.9077290805378496,0.820576752911092,0.1457261617460914,825,422,1887,146,3280,7
