MAE,RMSE,MedAE,ME,PoissonDev,TweedieDev,ZeroAcc,n,R2,MASE,RMSSE,horizon
1.7615010262104385,3.2066034408391224,1.01292193666358,-0.9996626733179088,1.8182118749073906,0.8897475723144788,1.0,961,0.23040448375836253,5.9293335632050415,1.6975750196352006,1
1.7570886201150175,3.1936103234747946,1.0189696720344739,-0.9435799073511933,1.7873354220277906,0.8769010590464765,1.0,962,0.25524526084043175,6.511392787195303,1.7851758206480692,2
1.75075323028584,3.1566330936381957,1.0089018503372227,-0.9261182822017122,1.7378818035339318,0.8514199323128648,1.0,965,0.27105384510359376,6.554128628868329,1.7662750472154076,3
1.7680604415556347,3.195716183077624,1.0231766802733673,-0.9757578647358612,1.785176535545725,0.8752437382667326,1.0,963,0.2544524218413955,5.979012860420722,1.7669245460168412,4
1.78272519193241,3.2277930383611135,1.0319819152742142,-0.9048706662600401,1.7801389268882621,0.8657465995826226,1.0,962,0.26502910415915937,5.455519699468683,1.6934709824956282,5
1.7802903423329544,3.2429949123355963,0.9972012077174306,-0.9685357666911351,1.80762482137039,0.8806611785915966,1.0,964,0.26099768486140107,5.0551544455955035,1.6094205496804683,6
1.7616949598768452,3.167850677937093,1.0227492636793214,-0.9216157493472668,1.7046420604670418,0.8287238561899252,1.0,971,0.2974851092998536,5.833401005315824,1.701265855204135,7
