F1,Precision,Recall,ROC_AUC,PR_AUC,Brier,TP,FP,TN,FN,n,horizon
0.7616951018161805,0.8084112149532711,0.7200832466181062,0.9063349904579596,0.8123216767749759,0.10722752329960773,692,164,2155,269,3280,1
0.7633587786259542,0.8027522935779816,0.7276507276507277,0.9062036417515279,0.8205098238829855,0.10532465482414075,700,172,2146,262,3280,2
0.7601760176017601,0.8100820633059789,0.7160621761658031,0.9059197170962074,0.8191663635284898,0.10686195395424211,691,162,2153,274,3280,3
0.762954796030871,0.8131609870740305,0.7185877466251298,0.9063399291255971,0.8196162923005719,0.10592595140154369,692,159,2158,271,3280,4
0.7566079295154186,0.8044496487119438,0.7141372141372141,0.9053982302472381,0.8168212520538626,0.10690034229596093,687,167,2151,275,3280,5
0.7628524046434494,0.8165680473372781,0.7157676348547718,0.9073444520886633,0.8117771716218332,0.10683433644748104,690,155,2161,274,3280,6
0.7683060109289618,0.8183934807916181,0.7239958805355304,0.9077290805378496,0.820576752911092,0.10544562062669974,703,156,2153,268,3280,7
