MAE,RMSE,MedAE,ME,PoissonDev,TweedieDev,ZeroAcc,n,R2,MASE,RMSSE,horizon
0.981775737978387,2.0443117348229296,0.4090063894277655,-0.1507201958026172,1.588148331767141,2.4082390734877115,0.7731707317073171,3280,0.3598826054537072,7.368899063769243,1.8504088775237257,1
0.9825695869334695,2.040246064080616,0.41505884395319215,-0.13435220712091359,1.5845755600663514,2.4182293103513213,0.7646341463414634,3280,0.3743327469092318,7.524718429824453,1.8720239166070645,2
0.9824870550032097,2.031527973391509,0.42653979544399967,-0.1366776742436833,1.5726041023587027,2.4120136148299016,0.7655487804878048,3280,0.38049301528291113,7.634010942067469,1.8859675932556783,3
0.9816800646913083,2.0476208456420286,0.4157248271355998,-0.15705846541011542,1.5810110391013241,2.4061995772741773,0.7704268292682926,3280,0.37166872011157703,7.404619774940798,1.8588284439224938,4
0.9871036931780417,2.0609483735486074,0.41720533144682603,-0.1362259801938102,1.5735543045037532,2.4003535956091753,0.7698170731707317,3280,0.37933989988304695,7.42532775321541,1.8619383538127277,5
0.984604539257507,2.0667740127159786,0.4112023188004344,-0.15475889180684024,1.5741392713913858,2.3935147151583056,0.7728658536585366,3280,0.3811680021147753,7.377185629214938,1.8545319801055045,6
0.9879177831015963,2.0440948858788817,0.4229311339498968,-0.1418130723317393,1.5550544535870041,2.390883759152846,0.7676829268292683,3280,0.39977704688588656,7.588853211245478,1.880616259414571,7
