MAE,RMSE,MedAE,ME,PoissonDev,TweedieDev,ZeroAcc,n,R2,MASE,RMSSE,horizon
0.7990298541199315,2.019946500139048,0.0965575857380867,-0.41616596856607724,1.4046021429887645,2.0512447405685856,0.8682926829268293,3280,0.3750502198407978,2.568390928056791,1.4822107258680584,1
0.7928428742108494,1.9982305466335568,0.10130467326396486,-0.38349191316322356,1.3679503500409338,2.012612541561097,0.8679878048780488,3280,0.3998365893084552,2.5859167290889444,1.4799068652749727,2
0.7911038589714885,1.9949190253074764,0.09519739570746522,-0.4017919314731248,1.364890083826937,2.0500369078823497,0.8679878048780488,3280,0.40261936796477915,2.575204892758481,1.4820097730497983,3
0.79911557270639,2.0194814338088434,0.09796258867561841,-0.41369205460237674,1.3966444570741332,2.080437492389906,0.8689024390243902,3280,0.38881973033865314,2.5769552519782097,1.4838436188793265,4
0.8015640821126845,2.028047117571102,0.09415790266278784,-0.39920465130576555,1.380904735178289,2.0658151785133545,0.8710365853658537,3280,0.3989983244367422,2.569255021288802,1.4847963890437714,5
0.804930064703509,2.0425009379952317,0.10150702491095787,-0.420610455918567,1.390316260452322,2.0268304130725956,0.8719512195121951,3280,0.3956182990338142,2.597371085794097,1.489211672524422,6
0.7991957522380109,2.0033759921454206,0.0990727555601057,-0.40024942652092393,1.342938348771808,1.9885869632713749,0.8710365853658537,3280,0.423452058404445,2.623300717610264,1.4850583858610775,7
